seed_id,source_document,source_page,source_section,category,subcategory,brand,brand_extraction,product_family,variants,package_options,package_count,package_type,raw_item,normalization_status,confidence,review_reasons
seed-src-0001,seed_bezna_maloobchodni_baleni_cerstvych_potravin_cesky_trh.pdf,1,"1. ČERSTVÉ MLÉČNÉ VÝROBKY (Sýry, jogurty, tvarohy a máslo)",Potraviny,Mléčné výrobky,Madeta,group_fallback,Jihočeské máslo osmdesátdva procent,,"[{""quantity"":250.0,""unit"":""g"",""canonical_quantity"":0.25,""canonical_unit"":""kg"",""raw"":""250 g""}]",,,Jihočeské máslo osmdesátdva procent (Kostka: 250 g),ready,0.95,
seed-src-0002,seed_bezna_maloobchodni_baleni_cerstvych_potravin_cesky_trh.pdf,1,"1. ČERSTVÉ MLÉČNÉ VÝROBKY (Sýry, jogurty, tvarohy a máslo)",Potraviny,Mléčné výrobky,Madeta,group_fallback,"Jihočeský tvaroh (Měkký, Polotučný, Tučný)",,"[{""quantity"":250.0,""unit"":""g"",""canonical_quantity"":0.25,""canonical_unit"":""kg"",""raw"":""250 g""}]",,,"Jihočeský tvaroh (Měkký, Polotučný, Tučný) (Vanička: 250 g)",ready,0.95,
seed-src-0003,seed_bezna_maloobchodni_baleni_cerstvych_potravin_cesky_trh.pdf,1,"1. ČERSTVÉ MLÉČNÉ VÝROBKY (Sýry, jogurty, tvarohy a máslo)",Potraviny,Mléčné výrobky,Madeta,group_fallback,"Jihočeský Eidam (30 % / 45 % tuku, plátky i cihla)",,"[{""quantity"":100.0,""unit"":""g"",""canonical_quantity"":0.1,""canonical_unit"":""kg"",""raw"":""100 g""},{""quantity"":300.0,""unit"":""g"",""canonical_quantity"":0.3,""canonical_unit"":""kg"",""raw"":""300 g""}]",,,"Jihočeský Eidam (30 % / 45 % tuku, plátky i cihla) (Balení: 100 g / 300 g)",ready,0.95,
seed-src-0004,seed_bezna_maloobchodni_baleni_cerstvych_potravin_cesky_trh.pdf,1,"1. ČERSTVÉ MLÉČNÉ VÝROBKY (Sýry, jogurty, tvarohy a máslo)",Potraviny,Mléčné výrobky,Madeta,group_fallback,Madeland (Polotvrdý sýr holandského typu s oky),,"[{""quantity"":100.0,""unit"":""g"",""canonical_quantity"":0.1,""canonical_unit"":""kg"",""raw"":""100 g""}]",,,Madeland (Polotvrdý sýr holandského typu s oky) (Plátky: 100 g),ready,0.95,
seed-src-0005,seed_bezna_maloobchodni_baleni_cerstvych_potravin_cesky_trh.pdf,1,"1. ČERSTVÉ MLÉČNÉ VÝROBKY (Sýry, jogurty, tvarohy a máslo)",Potraviny,Mléčné výrobky,Madeta,group_fallback,"Jihočeská Niva (Plísňový sýr – porce, plátky, strouhaný)",,"[{""quantity"":100.0,""unit"":""g"",""canonical_quantity"":0.1,""canonical_unit"":""kg"",""raw"":""100 g""},{""quantity"":110.0,""unit"":""g"",""canonical_quantity"":0.11,""canonical_unit"":""kg"",""raw"":""110 g""}]",,,"Jihočeská Niva (Plísňový sýr – porce, plátky, strouhaný) (Balení: 100 g / 110 g)",ready,0.95,
seed-src-0006,seed_bezna_maloobchodni_baleni_cerstvych_potravin_cesky_trh.pdf,1,"1. ČERSTVÉ MLÉČNÉ VÝROBKY (Sýry, jogurty, tvarohy a máslo)",Potraviny,Mléčné výrobky,Madeta,group_fallback,"Lipánek (Tradiční tvarohovo-smetanový dezert: Vanilka, Čokoláda, Duo)",,"[{""quantity"":80.0,""unit"":""g"",""canonical_quantity"":0.08,""canonical_unit"":""kg"",""raw"":""80 g""},{""quantity"":130.0,""unit"":""g"",""canonical_quantity"":0.13,""canonical_unit"":""kg"",""raw"":""130 g""}]",,,"Lipánek (Tradiční tvarohovo-smetanový dezert: Vanilka, Čokoláda, Duo) (Kelímek: 80 g / 130 g)",ready,0.95,
seed-src-0007,seed_bezna_maloobchodni_baleni_cerstvych_potravin_cesky_trh.pdf,1,"1. ČERSTVÉ MLÉČNÉ VÝROBKY (Sýry, jogurty, tvarohy a máslo)",Potraviny,Mléčné výrobky,Madeta,group_fallback,Romadur / Blaťácké zlato (Měkké zrající sýry),,"[{""quantity"":100.0,""unit"":""g"",""canonical_quantity"":0.1,""canonical_unit"":""kg"",""raw"":""100 g""},{""quantity"":120.0,""unit"":""g"",""canonical_quantity"":0.12,""canonical_unit"":""kg"",""raw"":""120 g""}]",,,Romadur / Blaťácké zlato (Měkké zrající sýry) (Balení: 100 g / 120 g),ready,0.95,
seed-src-0008,seed_bezna_maloobchodni_baleni_cerstvych_potravin_cesky_trh.pdf,1,"1. ČERSTVÉ MLÉČNÉ VÝROBKY (Sýry, jogurty, tvarohy a máslo)",Potraviny,Mléčné výrobky,Olma,group_match,"Olma čerstvé mléko z mlékárny (Polotučné, Plnotučné)",,"[{""quantity"":1.0,""unit"":""l"",""canonical_quantity"":1.0,""canonical_unit"":""l"",""raw"":""1 l""}]",,,"Olma čerstvé mléko z mlékárny (Polotučné, Plnotučné) (PET láhev: 1 l)",ready,0.95,
seed-src-0009,seed_bezna_maloobchodni_baleni_cerstvych_potravin_cesky_trh.pdf,1,"1. ČERSTVÉ MLÉČNÉ VÝROBKY (Sýry, jogurty, tvarohy a máslo)",Potraviny,Mléčné výrobky,Olma,group_fallback,"Florian (Smetanový jogurt s kousky ovoce: Jahoda, Meruňka, Borůvka)",,"[{""quantity"":150.0,""unit"":""g"",""canonical_quantity"":0.15,""canonical_unit"":""kg"",""raw"":""150 g""}]",,,"Florian (Smetanový jogurt s kousky ovoce: Jahoda, Meruňka, Borůvka) (Kelímek: 150 g)",ready,0.95,
seed-src-0010,seed_bezna_maloobchodni_baleni_cerstvych_potravin_cesky_trh.pdf,1,"1. ČERSTVÉ MLÉČNÉ VÝROBKY (Sýry, jogurty, tvarohy a máslo)",Potraviny,Mléčné výrobky,Olma,group_match,Olma Pierot (Smetanový jogurt na ovocném základu),,"[{""quantity"":175.0,""unit"":""g"",""canonical_quantity"":0.175,""canonical_unit"":""kg"",""raw"":""175 g""}]",,,Olma Pierot (Smetanový jogurt na ovocném základu) (Kelímek: 175 g),ready,0.95,
seed-src-0011,seed_bezna_maloobchodni_baleni_cerstvych_potravin_cesky_trh.pdf,1,"1. ČERSTVÉ MLÉČNÉ VÝROBKY (Sýry, jogurty, tvarohy a máslo)",Potraviny,Mléčné výrobky,Olma,group_fallback,Olmíci (Jogurty a dezerty pro děti s piškoty nebo dražé),,"[{""quantity"":113.0,""unit"":""g"",""canonical_quantity"":0.113,""canonical_unit"":""kg"",""raw"":""113 g""}]",,,Olmíci (Jogurty a dezerty pro děti s piškoty nebo dražé) (Kelímek: 113 g),ready,0.95,
seed-src-0012,seed_bezna_maloobchodni_baleni_cerstvych_potravin_cesky_trh.pdf,1,"1. ČERSTVÉ MLÉČNÉ VÝROBKY (Sýry, jogurty, tvarohy a máslo)",Potraviny,Mléčné výrobky,Olma,group_match,"Olma Tradiční pomazánkové (čisté natur, česnek, pažitka)",,"[{""quantity"":150.0,""unit"":""g"",""canonical_quantity"":0.15,""canonical_unit"":""kg"",""raw"":""150 g""},{""quantity"":200.0,""unit"":""g"",""canonical_quantity"":0.2,""canonical_unit"":""kg"",""raw"":""200 g""}]",,,"Olma Tradiční pomazánkové (čisté natur, česnek, pažitka) (Kelímek: 150 g / 200 g)",ready,0.95,
seed-src-0013,seed_bezna_maloobchodni_baleni_cerstvych_potravin_cesky_trh.pdf,1,"1. ČERSTVÉ MLÉČNÉ VÝROBKY (Sýry, jogurty, tvarohy a máslo)",Potraviny,Mléčné výrobky,Tatra,group_fallback,Kunín čerstvá smetana ke šlehání 31 % / Na vaření 12 %,,"[{""quantity"":200.0,""unit"":""g"",""canonical_quantity"":0.2,""canonical_unit"":""kg"",""raw"":""200 g""}]",,,Kunín čerstvá smetana ke šlehání 31 % / Na vaření 12 % (Chlazená v PET lahvičce: 200 g),ready,0.95,
seed-src-0014,seed_bezna_maloobchodni_baleni_cerstvych_potravin_cesky_trh.pdf,1,"1. ČERSTVÉ MLÉČNÉ VÝROBKY (Sýry, jogurty, tvarohy a máslo)",Potraviny,Mléčné výrobky,Tatra,group_fallback,Kunín Zakysaná smetana (12 % Klasik / 15 % / 19 % Gurmán),,"[{""quantity"":190.0,""unit"":""g"",""canonical_quantity"":0.19,""canonical_unit"":""kg"",""raw"":""190 g""}]",,,Kunín Zakysaná smetana (12 % Klasik / 15 % / 19 % Gurmán) (Kelímek: 190 g),ready,0.95,
seed-src-0015,seed_bezna_maloobchodni_baleni_cerstvych_potravin_cesky_trh.pdf,1,"1. ČERSTVÉ MLÉČNÉ VÝROBKY (Sýry, jogurty, tvarohy a máslo)",Potraviny,Mléčné výrobky,Tatra,group_fallback,"Kunín Kefírové mléko / Acidofilní mléko (Čisté, Ochucené)",,"[{""quantity"":400.0,""unit"":""g"",""canonical_quantity"":0.4,""canonical_unit"":""kg"",""raw"":""400 g""},{""quantity"":950.0,""unit"":""g"",""canonical_quantity"":0.95,""canonical_unit"":""kg"",""raw"":""950 g""}]",,,"Kunín Kefírové mléko / Acidofilní mléko (Čisté, Ochucené) (PET láhev: 400 g / 950 g)",ready,0.95,
seed-src-0016,seed_bezna_maloobchodni_baleni_cerstvych_potravin_cesky_trh.pdf,1,"1. ČERSTVÉ MLÉČNÉ VÝROBKY (Sýry, jogurty, tvarohy a máslo)",Potraviny,Mléčné výrobky,Tatra,group_fallback,Kunín Pohár (Mléčný dezert s želé a šlehačkou),,"[{""quantity"":150.0,""unit"":""g"",""canonical_quantity"":0.15,""canonical_unit"":""kg"",""raw"":""150 g""}]",,,Kunín Pohár (Mléčný dezert s želé a šlehačkou) (Kelímek: 150 g),ready,0.95,
seed-src-0017,seed_bezna_maloobchodni_baleni_cerstvych_potravin_cesky_trh.pdf,1,"1. ČERSTVÉ MLÉČNÉ VÝROBKY (Sýry, jogurty, tvarohy a máslo)",Potraviny,Mléčné výrobky,Pilos,group_match,Pilos Čerstvé mléko polotučné / plnotučné,,"[{""quantity"":1.0,""unit"":""l"",""canonical_quantity"":1.0,""canonical_unit"":""l"",""raw"":""1 l""}]",,,Pilos Čerstvé mléko polotučné / plnotučné (PET láhev / Krabice: 1 l),ready,0.95,
seed-src-0018,seed_bezna_maloobchodni_baleni_cerstvych_potravin_cesky_trh.pdf,1,"1. ČERSTVÉ MLÉČNÉ VÝROBKY (Sýry, jogurty, tvarohy a máslo)",Potraviny,Mléčné výrobky,Pilos,group_match,Pilos Eidam plátky 30 % / 45 %,,"[{""quantity"":100.0,""unit"":""g"",""canonical_quantity"":0.1,""canonical_unit"":""kg"",""raw"":""100 g""},{""quantity"":250.0,""unit"":""g"",""canonical_quantity"":0.25,""canonical_unit"":""kg"",""raw"":""250 g""}]",,,Pilos Eidam plátky 30 % / 45 % (Balení: 100 g / 250 g),ready,0.95,
seed-src-0019,seed_bezna_maloobchodni_baleni_cerstvych_potravin_cesky_trh.pdf,1,"1. ČERSTVÉ MLÉČNÉ VÝROBKY (Sýry, jogurty, tvarohy a máslo)",Potraviny,Mléčné výrobky,Pilos,group_match,Pilos Čerstvé máslo,,"[{""quantity"":250.0,""unit"":""g"",""canonical_quantity"":0.25,""canonical_unit"":""kg"",""raw"":""250 g""}]",,,Pilos Čerstvé máslo (Kostka: 250 g),ready,0.95,
seed-src-0020,seed_bezna_maloobchodni_baleni_cerstvych_potravin_cesky_trh.pdf,1,"1. ČERSTVÉ MLÉČNÉ VÝROBKY (Sýry, jogurty, tvarohy a máslo)",Potraviny,Mléčné výrobky,Pilos,group_match,Pilos Tvaroh jemný / tučný,,"[{""quantity"":250.0,""unit"":""g"",""canonical_quantity"":0.25,""canonical_unit"":""kg"",""raw"":""250 g""}]",,,Pilos Tvaroh jemný / tučný (Vanička: 250 g),ready,0.95,
seed-src-0021,seed_bezna_maloobchodni_baleni_cerstvych_potravin_cesky_trh.pdf,1,"1. ČERSTVÉ MLÉČNÉ VÝROBKY (Sýry, jogurty, tvarohy a máslo)",Potraviny,Mléčné výrobky,Pilos,group_match,Pilos Řecký jogurt 0 % / 10 % tuku,,"[{""quantity"":1.0,""unit"":""kg"",""canonical_quantity"":1.0,""canonical_unit"":""kg"",""raw"":""1 kg""},{""quantity"":500.0,""unit"":""g"",""canonical_quantity"":0.5,""canonical_unit"":""kg"",""raw"":""500 g""}]",,,Pilos Řecký jogurt 0 % / 10 % tuku (Kelímek: 1 kg / 500 g),ready,0.95,
seed-src-0022,seed_bezna_maloobchodni_baleni_cerstvych_potravin_cesky_trh.pdf,1,"1. ČERSTVÉ MLÉČNÉ VÝROBKY (Sýry, jogurty, tvarohy a máslo)",Potraviny,Mléčné výrobky,K-Classic,group_match,"K-Classic Cottage Cheese (čistý, pažitka) (Kaufland)",,"[{""quantity"":200.0,""unit"":""g"",""canonical_quantity"":0.2,""canonical_unit"":""kg"",""raw"":""200 g""}]",,,"K-Classic Cottage Cheese (čistý, pažitka) (Kaufland) (Kelímek: 200 g)",ready,0.95,
seed-src-0023,seed_bezna_maloobchodni_baleni_cerstvych_potravin_cesky_trh.pdf,1,"1. ČERSTVÉ MLÉČNÉ VÝROBKY (Sýry, jogurty, tvarohy a máslo)",Potraviny,Mléčné výrobky,K-Classic,group_match,K-Classic Mozzarella ve slaném nálevu (Kaufland),,"[{""quantity"":125.0,""unit"":""g"",""canonical_quantity"":0.125,""canonical_unit"":""kg"",""raw"":""125 g""}]",,,K-Classic Mozzarella ve slaném nálevu (Kaufland) (Balení: 125 g),ready,0.95,
seed-src-0024,seed_bezna_maloobchodni_baleni_cerstvych_potravin_cesky_trh.pdf,1,"1. ČERSTVÉ MLÉČNÉ VÝROBKY (Sýry, jogurty, tvarohy a máslo)",Potraviny,Mléčné výrobky,Albert,group_match,Albert Zakysaná smetana 15 % (Albert),,"[{""quantity"":200.0,""unit"":""g"",""canonical_quantity"":0.2,""canonical_unit"":""kg"",""raw"":""200 g""}]",,,Albert Zakysaná smetana 15 % (Albert) (Kelímek: 200 g),ready,0.95,
seed-src-0025,seed_bezna_maloobchodni_baleni_cerstvych_potravin_cesky_trh.pdf,1,"1. ČERSTVÉ MLÉČNÉ VÝROBKY (Sýry, jogurty, tvarohy a máslo)",Potraviny,Mléčné výrobky,Tesco,group_match,Tesco Grana Padano / Parmigiano Reggiano strouhaný (Tesco),,"[{""quantity"":90.0,""unit"":""g"",""canonical_quantity"":0.09,""canonical_unit"":""kg"",""raw"":""90 g""}]",,,Tesco Grana Padano / Parmigiano Reggiano strouhaný (Tesco) (Sáček: 90 g),ready,0.95,
seed-src-0026,seed_bezna_maloobchodni_baleni_cerstvych_potravin_cesky_trh.pdf,2,"2. UZENINY A MASNÉ VÝROBKY (Šunky, salámy, párky a paštiky)",Potraviny,Maso a uzeniny,Schneider,group_match,Schneider Selection Šunka nejvyšší jakosti,,"[{""quantity"":100.0,""unit"":""g"",""canonical_quantity"":0.1,""canonical_unit"":""kg"",""raw"":""100 g""}]",,,Schneider Selection Šunka nejvyšší jakosti (Plátky: 100 g),ready,0.95,
seed-src-0027,seed_bezna_maloobchodni_baleni_cerstvych_potravin_cesky_trh.pdf,2,"2. UZENINY A MASNÉ VÝROBKY (Šunky, salámy, párky a paštiky)",Potraviny,Maso a uzeniny,Schneider,group_match,Schneider Plzeňský dárkový salám / Poličan / Paprikáš,,"[{""quantity"":100.0,""unit"":""g"",""canonical_quantity"":0.1,""canonical_unit"":""kg"",""raw"":""100 g""}]",,,Schneider Plzeňský dárkový salám / Poličan / Paprikáš (Plátky: 100 g),ready,0.95,
seed-src-0028,seed_bezna_maloobchodni_baleni_cerstvych_potravin_cesky_trh.pdf,2,"2. UZENINY A MASNÉ VÝROBKY (Šunky, salámy, párky a paštiky)",Potraviny,Maso a uzeniny,Kostelecké uzeniny,group_match,"Kostelecké uzeniny Poctivé párky (Poctivé párky s telecím, játrové)",,"[{""quantity"":200.0,""unit"":""g"",""canonical_quantity"":0.2,""canonical_unit"":""kg"",""raw"":""200 g""},{""quantity"":350.0,""unit"":""g"",""canonical_quantity"":0.35,""canonical_unit"":""kg"",""raw"":""350 g""}]",,,"Kostelecké uzeniny Poctivé párky (Poctivé párky s telecím, játrové) (Balení: 200 g / 350 g)",ready,0.95,
seed-src-0029,seed_bezna_maloobchodni_baleni_cerstvych_potravin_cesky_trh.pdf,2,"2. UZENINY A MASNÉ VÝROBKY (Šunky, salámy, párky a paštiky)",Potraviny,Maso a uzeniny,Schneider,group_fallback,Křemešník / Hermín (Prémiové trvanlivé salámy s ušlechtilou plísní),,"[{""quantity"":380.0,""unit"":""g"",""canonical_quantity"":0.38,""canonical_unit"":""kg"",""raw"":""380 g""}]",,,Křemešník / Hermín (Prémiové trvanlivé salámy s ušlechtilou plísní) (Šiška: 380 g),ready,0.95,
seed-src-0030,seed_bezna_maloobchodni_baleni_cerstvych_potravin_cesky_trh.pdf,2,"2. UZENINY A MASNÉ VÝROBKY (Šunky, salámy, párky a paštiky)",Potraviny,Maso a uzeniny,Chodura,group_match,Chodura Šunka pro děti výběrová (Snížený obsah soli),,"[{""quantity"":100.0,""unit"":""g"",""canonical_quantity"":0.1,""canonical_unit"":""kg"",""raw"":""100 g""}]",,,Chodura Šunka pro děti výběrová (Snížený obsah soli) (Plátky: 100 g),ready,0.95,
seed-src-0031,seed_bezna_maloobchodni_baleni_cerstvych_potravin_cesky_trh.pdf,2,"2. UZENINY A MASNÉ VÝROBKY (Šunky, salámy, párky a paštiky)",Potraviny,Maso a uzeniny,Krásno,group_match,Krásno Valašská klobása / Anglická slanina,,"[{""quantity"":200.0,""unit"":""g"",""canonical_quantity"":0.2,""canonical_unit"":""kg"",""raw"":""200 g""}]",,,Krásno Valašská klobása / Anglická slanina (Balení: 200 g / volný prodej),ready,0.95,
seed-src-0032,seed_bezna_maloobchodni_baleni_cerstvych_potravin_cesky_trh.pdf,2,"2. UZENINY A MASNÉ VÝROBKY (Šunky, salámy, párky a paštiky)",Potraviny,Maso a uzeniny,Pikok Pure,group_match,"Pikok Pure Šunka nejvyšší jakosti (Bez konzervantů a éček, 96 % masa)",,"[{""quantity"":100.0,""unit"":""g"",""canonical_quantity"":0.1,""canonical_unit"":""kg"",""raw"":""100 g""}]",,,"Pikok Pure Šunka nejvyšší jakosti (Bez konzervantů a éček, 96 % masa) (Plátky: 100 g)",ready,0.95,
seed-src-0033,seed_bezna_maloobchodni_baleni_cerstvych_potravin_cesky_trh.pdf,2,"2. UZENINY A MASNÉ VÝROBKY (Šunky, salámy, párky a paštiky)",Potraviny,Maso a uzeniny,Pikok,group_match,Pikok Pirátské párky / Vídeňské párky,,"[{""quantity"":200.0,""unit"":""g"",""canonical_quantity"":0.2,""canonical_unit"":""kg"",""raw"":""200 g""}]",,,Pikok Pirátské párky / Vídeňské párky (Balení: 200 g),ready,0.95,
seed-src-0034,seed_bezna_maloobchodni_baleni_cerstvych_potravin_cesky_trh.pdf,2,"2. UZENINY A MASNÉ VÝROBKY (Šunky, salámy, párky a paštiky)",Potraviny,Maso a uzeniny,Pikok,group_match,Pikok Vysočina / Lovecký salám,,"[{""quantity"":100.0,""unit"":""g"",""canonical_quantity"":0.1,""canonical_unit"":""kg"",""raw"":""100 g""},{""quantity"":500.0,""unit"":""g"",""canonical_quantity"":0.5,""canonical_unit"":""kg"",""raw"":""500 g""}]",,,Pikok Vysočina / Lovecký salám (Krjený: 100 g / Šiška: 500 g),ready,0.95,
seed-src-0035,seed_bezna_maloobchodni_baleni_cerstvych_potravin_cesky_trh.pdf,2,"2. UZENINY A MASNÉ VÝROBKY (Šunky, salámy, párky a paštiky)",Potraviny,Maso a uzeniny,Pikok,group_match,Pikok Anglická slanina lisovaná,,"[{""quantity"":100.0,""unit"":""g"",""canonical_quantity"":0.1,""canonical_unit"":""kg"",""raw"":""100 g""}]",,,Pikok Anglická slanina lisovaná (Plátky: 100 g),ready,0.95,
seed-src-0036,seed_bezna_maloobchodni_baleni_cerstvych_potravin_cesky_trh.pdf,2,"2. UZENINY A MASNÉ VÝROBKY (Šunky, salámy, párky a paštiky)",Potraviny,Maso a uzeniny,K-Purland,group_match,"K-Purland Čerstvé mleté maso ve vaničce (Vepřové, Hovězí, Mix)",,"[{""quantity"":500.0,""unit"":""g"",""canonical_quantity"":0.5,""canonical_unit"":""kg"",""raw"":""500 g""},{""quantity"":1.0,""unit"":""kg"",""canonical_quantity"":1.0,""canonical_unit"":""kg"",""raw"":""1 kg""}]",,,"K-Purland Čerstvé mleté maso ve vaničce (Vepřové, Hovězí, Mix) (Vanička: 500 g / 1 kg)",ready,0.95,
seed-src-0037,seed_bezna_maloobchodni_baleni_cerstvych_potravin_cesky_trh.pdf,2,"2. UZENINY A MASNÉ VÝROBKY (Šunky, salámy, párky a paštiky)",Potraviny,Maso a uzeniny,K-Classic,group_match,K-Classic Dušená šunka výběrová (Kaufland),,"[{""quantity"":200.0,""unit"":""g"",""canonical_quantity"":0.2,""canonical_unit"":""kg"",""raw"":""200 g""}]",,,K-Classic Dušená šunka výběrová (Kaufland) (Plátky: 200 g),ready,0.95,
seed-src-0038,seed_bezna_maloobchodni_baleni_cerstvych_potravin_cesky_trh.pdf,2,"2. UZENINY A MASNÉ VÝROBKY (Šunky, salámy, párky a paštiky)",Potraviny,Maso a uzeniny,Albert,group_match,Albert Šunka nejvyšší jakosti (Albert),,"[{""quantity"":100.0,""unit"":""g"",""canonical_quantity"":0.1,""canonical_unit"":""kg"",""raw"":""100 g""}]",,,Albert Šunka nejvyšší jakosti (Albert) (Plátky: 100 g),ready,0.95,
seed-src-0039,seed_bezna_maloobchodni_baleni_cerstvych_potravin_cesky_trh.pdf,2,"2. UZENINY A MASNÉ VÝROBKY (Šunky, salámy, párky a paštiky)",Potraviny,Maso a uzeniny,Tesco,group_match,Tesco Bacon / Slanina na opékání (Tesco),,"[{""quantity"":100.0,""unit"":""g"",""canonical_quantity"":0.1,""canonical_unit"":""kg"",""raw"":""100 g""}]",,,Tesco Bacon / Slanina na opékání (Tesco) (Plátky: 100 g),ready,0.95,
seed-src-0040,seed_bezna_maloobchodni_baleni_cerstvych_potravin_cesky_trh.pdf,2,3. CHLAZENÉ DELIKATESY A SALÁTY (Lahůdky do ruky),Potraviny,Lahůdky a hotová jídla,Varmuža,group_match,Varmuža Vlašský salát / Pařížský salát / Bramborový salát,,"[{""quantity"":140.0,""unit"":""g"",""canonical_quantity"":0.14,""canonical_unit"":""kg"",""raw"":""140 g""},{""quantity"":400.0,""unit"":""g"",""canonical_quantity"":0.4,""canonical_unit"":""kg"",""raw"":""400 g""},{""quantity"":500.0,""unit"":""g"",""canonical_quantity"":0.5,""canonical_unit"":""kg"",""raw"":""500 g""}]",,,Varmuža Vlašský salát / Pařížský salát / Bramborový salát (Vanička: 140 g / 400 g / Kelímek: 500 g),ready,0.95,
seed-src-0041,seed_bezna_maloobchodni_baleni_cerstvych_potravin_cesky_trh.pdf,2,3. CHLAZENÉ DELIKATESY A SALÁTY (Lahůdky do ruky),Potraviny,Lahůdky a hotová jídla,Varmuža,group_match,Varmuža Topinková pomazánka / Budapešťská pomazánka,,"[{""quantity"":120.0,""unit"":""g"",""canonical_quantity"":0.12,""canonical_unit"":""kg"",""raw"":""120 g""}]",,,Varmuža Topinková pomazánka / Budapešťská pomazánka (Vanička: 120 g),ready,0.95,
seed-src-0042,seed_bezna_maloobchodni_baleni_cerstvych_potravin_cesky_trh.pdf,2,3. CHLAZENÉ DELIKATESY A SALÁTY (Lahůdky do ruky),Potraviny,Lahůdky a hotová jídla,Gastro-Menu Express,group_fallback,Gastro-Menu Rybí salát v majonéze / Pochoutkový salát,,"[{""quantity"":150.0,""unit"":""g"",""canonical_quantity"":0.15,""canonical_unit"":""kg"",""raw"":""150 g""}]",,,Gastro-Menu Rybí salát v majonéze / Pochoutkový salát (Vanička: 150 g),ready,0.95,
seed-src-0043,seed_bezna_maloobchodni_baleni_cerstvych_potravin_cesky_trh.pdf,2,3. CHLAZENÉ DELIKATESY A SALÁTY (Lahůdky do ruky),Potraviny,Lahůdky a hotová jídla,Chef Select,group_match,"Chef Select Hummus (Natur, s chilli, s dýňovými semínky)",,"[{""quantity"":200.0,""unit"":""g"",""canonical_quantity"":0.2,""canonical_unit"":""kg"",""raw"":""200 g""}]",,,"Chef Select Hummus (Natur, s chilli, s dýňovými semínky) (Balení: 200 g)",ready,0.95,
seed-src-0044,seed_bezna_maloobchodni_baleni_cerstvych_potravin_cesky_trh.pdf,2,3. CHLAZENÉ DELIKATESY A SALÁTY (Lahůdky do ruky),Potraviny,Lahůdky a hotová jídla,Chef Select,group_match,"Chef Select Sendvič chlazený (S tuňákem, Se šunkou a sýrem)",,"[{""quantity"":185.0,""unit"":""g"",""canonical_quantity"":0.185,""canonical_unit"":""kg"",""raw"":""185 g""}]",,,"Chef Select Sendvič chlazený (S tuňákem, Se šunkou a sýrem) (Balení: 185 g)",ready,0.95,
seed-src-0045,seed_bezna_maloobchodni_baleni_cerstvych_potravin_cesky_trh.pdf,2,3. CHLAZENÉ DELIKATESY A SALÁTY (Lahůdky do ruky),Potraviny,Lahůdky a hotová jídla,Chef Select,group_match,Chef Select Chlazené těstoviny k ohřevu (Lasagne Bolognese),,"[{""quantity"":400.0,""unit"":""g"",""canonical_quantity"":0.4,""canonical_unit"":""kg"",""raw"":""400 g""},{""quantity"":1.0,""unit"":""kg"",""canonical_quantity"":1.0,""canonical_unit"":""kg"",""raw"":""1 kg""}]",,,Chef Select Chlazené těstoviny k ohřevu (Lasagne Bolognese) (Vanička: 400 g / 1 kg),ready,0.95,
seed-src-0046,seed_bezna_maloobchodni_baleni_cerstvych_potravin_cesky_trh.pdf,2,3. CHLAZENÉ DELIKATESY A SALÁTY (Lahůdky do ruky),Potraviny,Lahůdky a hotová jídla,K-Classic,group_match,K-Classic Vaječná pomazánka / Česneková pomazánka (Kaufland),,"[{""quantity"":150.0,""unit"":""g"",""canonical_quantity"":0.15,""canonical_unit"":""kg"",""raw"":""150 g""}]",,,K-Classic Vaječná pomazánka / Česneková pomazánka (Kaufland) (Vanička: 150 g),ready,0.95,
seed-src-0047,seed_bezna_maloobchodni_baleni_cerstvych_potravin_cesky_trh.pdf,2,3. CHLAZENÉ DELIKATESY A SALÁTY (Lahůdky do ruky),Potraviny,Lahůdky a hotová jídla,Albert,group_match,Albert Řecká pomazánka Tzatziki (Albert),,"[{""quantity"":200.0,""unit"":""g"",""canonical_quantity"":0.2,""canonical_unit"":""kg"",""raw"":""200 g""}]",,,Albert Řecká pomazánka Tzatziki (Albert) (Vanička: 200 g),ready,0.95,
seed-src-0048,seed_bezna_maloobchodni_baleni_cerstvych_potravin_cesky_trh.pdf,2,"4. ROSTLINNÉ ČERSTVÉ ALTERNATIVY (Tofu, seitan, veganské sýry a",Potraviny,Rostlinné alternativy,Lunter,group_match,"Lunter Tofu čerstvé (Natur, Uzené, Marinované, Chilli, Bazalka)",,"[{""quantity"":180.0,""unit"":""g"",""canonical_quantity"":0.18,""canonical_unit"":""kg"",""raw"":""180 g""}]",,,"Lunter Tofu čerstvé (Natur, Uzené, Marinované, Chilli, Bazalka) (Vakuové balení: 180 g)",ready,0.95,
seed-src-0049,seed_bezna_maloobchodni_baleni_cerstvych_potravin_cesky_trh.pdf,2,"4. ROSTLINNÉ ČERSTVÉ ALTERNATIVY (Tofu, seitan, veganské sýry a",Potraviny,Rostlinné alternativy,Lunter,group_match,"Lunter Sójová pomazánka v črievku (Francouzská, Škvarková, Mexická)",,"[{""quantity"":115.0,""unit"":""g"",""canonical_quantity"":0.115,""canonical_unit"":""kg"",""raw"":""115 g""}]",,,"Lunter Sójová pomazánka v črievku (Francouzská, Škvarková, Mexická) (Tuba/Střívko: 115 g)",ready,0.95,
seed-src-0050,seed_bezna_maloobchodni_baleni_cerstvych_potravin_cesky_trh.pdf,2,"4. ROSTLINNÉ ČERSTVÉ ALTERNATIVY (Tofu, seitan, veganské sýry a",Potraviny,Rostlinné alternativy,Garden Gourmet,group_match,Garden Gourmet Veganské kuličky / Nuggetky,,"[{""quantity"":200.0,""unit"":""g"",""canonical_quantity"":0.2,""canonical_unit"":""kg"",""raw"":""200 g""}]",,,Garden Gourmet Veganské kuličky / Nuggetky (Chlazené balení: 200 g),ready,0.95,
seed-src-0051,seed_bezna_maloobchodni_baleni_cerstvych_potravin_cesky_trh.pdf,2,"4. ROSTLINNÉ ČERSTVÉ ALTERNATIVY (Tofu, seitan, veganské sýry a",Potraviny,Rostlinné alternativy,Garden Gourmet,group_match,Garden Gourmet Sensational Burger (Rostlinný burger s texturou masa),,"[{""quantity"":226.0,""unit"":""g"",""canonical_quantity"":0.226,""canonical_unit"":""kg"",""raw"":""226 g""}]",,,Garden Gourmet Sensational Burger (Rostlinný burger s texturou masa) (Balení: 226 g),ready,0.95,
seed-src-0052,seed_bezna_maloobchodni_baleni_cerstvych_potravin_cesky_trh.pdf,3,"4. ROSTLINNÉ ČERSTVÉ ALTERNATIVY (Tofu, seitan, veganské sýry a",Potraviny,Rostlinné alternativy,Vemondo,group_match,"Vemondo Veganské plátky (Alternativa šunky – klasická, s paprikou)",,"[{""quantity"":100.0,""unit"":""g"",""canonical_quantity"":0.1,""canonical_unit"":""kg"",""raw"":""100 g""}]",,,"Vemondo Veganské plátky (Alternativa šunky – klasická, s paprikou) (Plátky: 100 g)",ready,0.95,
seed-src-0053,seed_bezna_maloobchodni_baleni_cerstvych_potravin_cesky_trh.pdf,3,"4. ROSTLINNÉ ČERSTVÉ ALTERNATIVY (Tofu, seitan, veganské sýry a",Potraviny,Rostlinné alternativy,Vemondo,group_match,Vemondo Veganská alternativa sýru Gouda / Mozzarella,,"[{""quantity"":200.0,""unit"":""g"",""canonical_quantity"":0.2,""canonical_unit"":""kg"",""raw"":""200 g""}]",,,Vemondo Veganská alternativa sýru Gouda / Mozzarella (Plátky / Blok: 200 g),ready,0.95,
seed-src-0054,seed_bezna_maloobchodni_baleni_cerstvych_potravin_cesky_trh.pdf,3,"4. ROSTLINNÉ ČERSTVÉ ALTERNATIVY (Tofu, seitan, veganské sýry a",Potraviny,Rostlinné alternativy,Vemondo,group_match,Vemondo Tofu uzené,,"[{""quantity"":200.0,""unit"":""g"",""canonical_quantity"":0.2,""canonical_unit"":""kg"",""raw"":""200 g""}]",,,Vemondo Tofu uzené (Balení: 200 g),ready,0.95,
seed-src-0055,seed_bezna_maloobchodni_baleni_drogerie_a_pece_o_domacnost_cesky_trh.pdf,1,"1. PRANÍ A PÉČE O PRÁDLO (Prášky, gely, kapsle a aviváže)",Drogerie,Praní,Persil,group_match,"Persil (Prací prášek, gel a disky/kapsle: Deep Clean, Color, Sensitive, Lavender)",,[],,,"Persil (Prací prášek, gel a disky/kapsle: Deep Clean, Color, Sensitive, Lavender) (Balení: 10 až 80 pracích dávek)",needs_review,0.7,no_explicit_package | range_or_open_ended_size
seed-src-0056,seed_bezna_maloobchodni_baleni_drogerie_a_pece_o_domacnost_cesky_trh.pdf,1,"1. PRANÍ A PÉČE O PRÁDLO (Prášky, gely, kapsle a aviváže)",Drogerie,Praní,Perwoll,group_match,"Perwoll (Speciální gel na jemné prádlo: Renew Black, Renew Color, Renew Blossom, Sport)",,"[{""quantity"":1.0,""unit"":""l"",""canonical_quantity"":1.0,""canonical_unit"":""l"",""raw"":""1 l""},{""quantity"":3.0,""unit"":""l"",""canonical_quantity"":3.0,""canonical_unit"":""l"",""raw"":""3 l""}]",,,"Perwoll (Speciální gel na jemné prádlo: Renew Black, Renew Color, Renew Blossom, Sport) (Láhev: 1 l až 3 l)",needs_review,0.7,range_or_open_ended_size
seed-src-0057,seed_bezna_maloobchodni_baleni_drogerie_a_pece_o_domacnost_cesky_trh.pdf,1,"1. PRANÍ A PÉČE O PRÁDLO (Prášky, gely, kapsle a aviváže)",Drogerie,Praní,Silan,group_match,"Silan (Koncentrovaná aviváž: Fresh Sky, Sensitive, Aromatherapy Magic Magnolia)",,"[{""quantity"":800.0,""unit"":""ml"",""canonical_quantity"":0.8,""canonical_unit"":""l"",""raw"":""800 ml""},{""quantity"":2.8,""unit"":""l"",""canonical_quantity"":2.8,""canonical_unit"":""l"",""raw"":""2,8 l""}]",,,"Silan (Koncentrovaná aviváž: Fresh Sky, Sensitive, Aromatherapy Magic Magnolia) (Láhev: 800 ml až 2,8 l)",needs_review,0.7,range_or_open_ended_size
seed-src-0058,seed_bezna_maloobchodni_baleni_drogerie_a_pece_o_domacnost_cesky_trh.pdf,1,"1. PRANÍ A PÉČE O PRÁDLO (Prášky, gely, kapsle a aviváže)",Drogerie,Praní,Ariel,group_match,"Ariel (Prací gel, prášek a All-in-1 pods/kapsle: Mountain Spring, Color, Extra Clean Power)",,[],,,"Ariel (Prací gel, prášek a All-in-1 pods/kapsle: Mountain Spring, Color, Extra Clean Power) (Balení: 10 až 70 pracích dávek)",needs_review,0.7,no_explicit_package | range_or_open_ended_size
seed-src-0059,seed_bezna_maloobchodni_baleni_drogerie_a_pece_o_domacnost_cesky_trh.pdf,1,"1. PRANÍ A PÉČE O PRÁDLO (Prášky, gely, kapsle a aviváže)",Drogerie,Praní,Lenor,group_match,"Lenor (Aviváž: Spring Awakening, Gold Orchid, Sensitive / Vonné perličky do pračky)",,"[{""quantity"":700.0,""unit"":""ml"",""canonical_quantity"":0.7,""canonical_unit"":""l"",""raw"":""700 ml""},{""quantity"":1.8,""unit"":""l"",""canonical_quantity"":1.8,""canonical_unit"":""l"",""raw"":""1,8 l""},{""quantity"":140.0,""unit"":""g"",""canonical_quantity"":0.14,""canonical_unit"":""kg"",""raw"":""140 g""}]",,,"Lenor (Aviváž: Spring Awakening, Gold Orchid, Sensitive / Vonné perličky do pračky) (Láhev: 700 ml až 1,8 l / Perličky: 140 g)",needs_review,0.7,range_or_open_ended_size
seed-src-0060,seed_bezna_maloobchodni_baleni_drogerie_a_pece_o_domacnost_cesky_trh.pdf,1,"1. PRANÍ A PÉČE O PRÁDLO (Prášky, gely, kapsle a aviváže)",Drogerie,Praní,Jelen,group_match,Jelen,,[],,,"Jelen (Tradiční český mýdlový prášek a gel na praní: Univerzální, Na barevné, S lněným olejem, Pro miminka)",needs_review,0.7,no_explicit_package
seed-src-0061,seed_bezna_maloobchodni_baleni_drogerie_a_pece_o_domacnost_cesky_trh.pdf,1,"1. PRANÍ A PÉČE O PRÁDLO (Prášky, gely, kapsle a aviváže)",Drogerie,Praní,Jelen Kondicionér / Aviváž,item_fallback,"Jelen Kondicionér / Aviváž (S vůní lipového květu, bez parfémování)",,"[{""quantity"":1.35,""unit"":""l"",""canonical_quantity"":1.35,""canonical_unit"":""l"",""raw"":""1,35 l""}]",,,"Jelen Kondicionér / Aviváž (S vůní lipového květu, bez parfémování) (Láhev: 1,35 l)",needs_review,0.7,range_or_open_ended_size
seed-src-0062,seed_bezna_maloobchodni_baleni_drogerie_a_pece_o_domacnost_cesky_trh.pdf,1,"1. PRANÍ A PÉČE O PRÁDLO (Prášky, gely, kapsle a aviváže)",Drogerie,Praní,Frosch,item_fallback,"Frosch (Eko prací gely: Aloe Vera, Granátové jablko, Tekuté mýdlo na skvrny)",,"[{""quantity"":1.5,""unit"":""l"",""canonical_quantity"":1.5,""canonical_unit"":""l"",""raw"":""1,5 l""}]",,,"Frosch (Eko prací gely: Aloe Vera, Granátové jablko, Tekuté mýdlo na skvrny) (Eko-pack: 1,5 l)",ready,0.95,
seed-src-0063,seed_bezna_maloobchodni_baleni_drogerie_a_pece_o_domacnost_cesky_trh.pdf,1,"1. PRANÍ A PÉČE O PRÁDLO (Prášky, gely, kapsle a aviváže)",Drogerie,Praní,Denkmit,group_match,"Denkmit prací prášek / gel (Univerzální, Ultra Sensitive pro alergiky, Na vlnu)",,"[{""quantity"":40.0,""unit"":""dávek"",""canonical_quantity"":40.0,""canonical_unit"":""ks"",""raw"":""40 dávek""}]",,,"Denkmit prací prášek / gel (Univerzální, Ultra Sensitive pro alergiky, Na vlnu) (Balení: 20 až 40 dávek)",needs_review,0.7,range_or_open_ended_size
seed-src-0064,seed_bezna_maloobchodni_baleni_drogerie_a_pece_o_domacnost_cesky_trh.pdf,1,"1. PRANÍ A PÉČE O PRÁDLO (Prášky, gely, kapsle a aviváže)",Drogerie,Praní,Denkmit,group_match,Denkmit Žlučové mýdlo na skvrny,,"[{""quantity"":100.0,""unit"":""g"",""canonical_quantity"":0.1,""canonical_unit"":""kg"",""raw"":""100 g""},{""quantity"":250.0,""unit"":""ml"",""canonical_quantity"":0.25,""canonical_unit"":""l"",""raw"":""250 ml""}]",,,Denkmit Žlučové mýdlo na skvrny (Tuhé mýdlo: 100 g / Tekuté s kartáčkem: 250 ml),ready,0.95,
seed-src-0065,seed_bezna_maloobchodni_baleni_drogerie_a_pece_o_domacnost_cesky_trh.pdf,1,"1. PRANÍ A PÉČE O PRÁDLO (Prášky, gely, kapsle a aviváže)",Drogerie,Praní,Formil,group_match,"Formil (Lidl - gely, prášky a kapsle Color/Active)",,[],,,"Formil (Lidl - gely, prášky a kapsle Color/Active) (Balení: 20 až 100 pracích dávek)",needs_review,0.7,no_explicit_package | range_or_open_ended_size
seed-src-0066,seed_bezna_maloobchodni_baleni_drogerie_a_pece_o_domacnost_cesky_trh.pdf,1,"1. PRANÍ A PÉČE O PRÁDLO (Prášky, gely, kapsle a aviváže)",Drogerie,Praní,Domol,group_match,Domol (Rossmann - prací řada včetně ubrousků proti zabarvení prádla),,"[{""quantity"":50.0,""unit"":""dávek"",""canonical_quantity"":50.0,""canonical_unit"":""ks"",""raw"":""50 dávek""}]",,,Domol (Rossmann - prací řada včetně ubrousků proti zabarvení prádla) (Balení: 20 až 50 dávek),needs_review,0.7,range_or_open_ended_size
seed-src-0067,seed_bezna_maloobchodni_baleni_drogerie_a_pece_o_domacnost_cesky_trh.pdf,1,"1. PRANÍ A PÉČE O PRÁDLO (Prášky, gely, kapsle a aviváže)",Drogerie,Praní,K-Classic,group_match,K-Classic prací gel / prášek (Kaufland),,"[{""quantity"":60.0,""unit"":""dávek"",""canonical_quantity"":60.0,""canonical_unit"":""ks"",""raw"":""60 dávek""}]",,,K-Classic prací gel / prášek (Kaufland) (Balení: 20 až 60 dávek),needs_review,0.7,range_or_open_ended_size
seed-src-0068,seed_bezna_maloobchodni_baleni_drogerie_a_pece_o_domacnost_cesky_trh.pdf,1,2. MYTÍ NÁDOBÍ (Tablety do myčky a tekuté gely na ruční mytí),Drogerie,Mytí nádobí,Jar,group_match,"Jar na ruční mytí (Sensitive Chamomile, Lemon, Pomegranate, Pěna na nádobí)",,"[{""quantity"":450.0,""unit"":""ml"",""canonical_quantity"":0.45,""canonical_unit"":""l"",""raw"":""450 ml""},{""quantity"":900.0,""unit"":""ml"",""canonical_quantity"":0.9,""canonical_unit"":""l"",""raw"":""900 ml""},{""quantity"":1.35,""unit"":""l"",""canonical_quantity"":1.35,""canonical_unit"":""l"",""raw"":""1,35 l""}]",,,"Jar na ruční mytí (Sensitive Chamomile, Lemon, Pomegranate, Pěna na nádobí) (Láhev: 450 ml / 900 ml / 1,35 l)",ready,0.95,
seed-src-0069,seed_bezna_maloobchodni_baleni_drogerie_a_pece_o_domacnost_cesky_trh.pdf,1,2. MYTÍ NÁDOBÍ (Tablety do myčky a tekuté gely na ruční mytí),Drogerie,Mytí nádobí,Jar,group_match,Jar Platinum Plus / Jar All-in-1 (Kapsle do myčky nádobí),,"[{""quantity"":90.0,""unit"":""ks"",""canonical_quantity"":90.0,""canonical_unit"":""ks"",""raw"":""90 ks""}]",,,Jar Platinum Plus / Jar All-in-1 (Kapsle do myčky nádobí) (Balení: 40 až 90 ks),needs_review,0.7,range_or_open_ended_size
seed-src-0070,seed_bezna_maloobchodni_baleni_drogerie_a_pece_o_domacnost_cesky_trh.pdf,1,2. MYTÍ NÁDOBÍ (Tablety do myčky a tekuté gely na ruční mytí),Drogerie,Mytí nádobí,Finish,group_match,Finish Ultimate Plus / Quantum (Kapsle do myčky),,"[{""quantity"":80.0,""unit"":""ks"",""canonical_quantity"":80.0,""canonical_unit"":""ks"",""raw"":""80 ks""}]",,,Finish Ultimate Plus / Quantum (Kapsle do myčky) (Balení: 40 až 80 ks),needs_review,0.7,range_or_open_ended_size
seed-src-0071,seed_bezna_maloobchodni_baleni_drogerie_a_pece_o_domacnost_cesky_trh.pdf,1,2. MYTÍ NÁDOBÍ (Tablety do myčky a tekuté gely na ruční mytí),Drogerie,Mytí nádobí,Finish,group_match,Finish Čistič myčky / Leštidlo / Sůl do myčky,,"[{""quantity"":250.0,""unit"":""ml"",""canonical_quantity"":0.25,""canonical_unit"":""l"",""raw"":""250 ml""},{""quantity"":400.0,""unit"":""ml"",""canonical_quantity"":0.4,""canonical_unit"":""l"",""raw"":""400 ml""},{""quantity"":1.5,""unit"":""kg"",""canonical_quantity"":1.5,""canonical_unit"":""kg"",""raw"":""1,5 kg""}]",,,"Finish Čistič myčky / Leštidlo / Sůl do myčky (Čistič: 250 ml / Leštidlo: 400 ml / Sůl: 1,5 kg)",ready,0.95,
seed-src-0072,seed_bezna_maloobchodni_baleni_drogerie_a_pece_o_domacnost_cesky_trh.pdf,1,2. MYTÍ NÁDOBÍ (Tablety do myčky a tekuté gely na ruční mytí),Drogerie,Mytí nádobí,Somat,group_match,Somat Excellence / All-in-1 (Tablety a gely do myčky),,"[{""quantity"":80.0,""unit"":""ks"",""canonical_quantity"":80.0,""canonical_unit"":""ks"",""raw"":""80 ks""}]",,,Somat Excellence / All-in-1 (Tablety a gely do myčky) (Balení: 40 až 80 ks),needs_review,0.7,range_or_open_ended_size
seed-src-0073,seed_bezna_maloobchodni_baleni_drogerie_a_pece_o_domacnost_cesky_trh.pdf,1,2. MYTÍ NÁDOBÍ (Tablety do myčky a tekuté gely na ruční mytí),Drogerie,Mytí nádobí,W5,group_match,W5 Tablety do myčky All-in-1 / Classic (Lidl),,"[{""quantity"":60.0,""unit"":""ks"",""canonical_quantity"":60.0,""canonical_unit"":""ks"",""raw"":""60 ks""}]",,,W5 Tablety do myčky All-in-1 / Classic (Lidl) (Balení: 40 nebo 60 ks),ready,0.95,
seed-src-0074,seed_bezna_maloobchodni_baleni_drogerie_a_pece_o_domacnost_cesky_trh.pdf,1,2. MYTÍ NÁDOBÍ (Tablety do myčky a tekuté gely na ruční mytí),Drogerie,Mytí nádobí,Denkmit,group_match,Denkmit tablety do myčky Revolution / Nature (Drogerie DM),,"[{""quantity"":65.0,""unit"":""ks"",""canonical_quantity"":65.0,""canonical_unit"":""ks"",""raw"":""65 ks""}]",,,Denkmit tablety do myčky Revolution / Nature (Drogerie DM) (Balení: 30 až 65 ks),needs_review,0.7,range_or_open_ended_size
seed-src-0075,seed_bezna_maloobchodni_baleni_drogerie_a_pece_o_domacnost_cesky_trh.pdf,1,2. MYTÍ NÁDOBÍ (Tablety do myčky a tekuté gely na ruční mytí),Drogerie,Mytí nádobí,Denkmit,group_match,"Denkmit prostředek na ruční mytí nádobí (Ultra s vůní citronu, balkónových květin)",,"[{""quantity"":500.0,""unit"":""ml"",""canonical_quantity"":0.5,""canonical_unit"":""l"",""raw"":""500 ml""}]",,,"Denkmit prostředek na ruční mytí nádobí (Ultra s vůní citronu, balkónových květin) (Láhev: 500 ml)",ready,0.95,
seed-src-0076,seed_bezna_maloobchodni_baleni_drogerie_a_pece_o_domacnost_cesky_trh.pdf,1,"3. ÚKLID DOMÁCNOSTI (Čističe povrchů, oken, koupelen a podlah)",Drogerie,Čištění domácnosti,Savo,group_match,Savo Prach a povrchy / Savo Koupelna / Savo Kuchyně,,"[{""quantity"":500.0,""unit"":""ml"",""canonical_quantity"":0.5,""canonical_unit"":""l"",""raw"":""500 ml""}]",,,Savo Prach a povrchy / Savo Koupelna / Savo Kuchyně (Čisticí sprej: 500 ml),ready,0.95,
seed-src-0077,seed_bezna_maloobchodni_baleni_drogerie_a_pece_o_domacnost_cesky_trh.pdf,1,"3. ÚKLID DOMÁCNOSTI (Čističe povrchů, oken, koupelen a podlah)",Drogerie,Čištění domácnosti,Savo,group_match,Savo Proti plísním (Ikonický chlorový sprej na koupelny a zdi),,"[{""quantity"":500.0,""unit"":""ml"",""canonical_quantity"":0.5,""canonical_unit"":""l"",""raw"":""500 ml""}]",,,Savo Proti plísním (Ikonický chlorový sprej na koupelny a zdi) (Sprej: 500 ml),ready,0.95,
seed-src-0078,seed_bezna_maloobchodni_baleni_drogerie_a_pece_o_domacnost_cesky_trh.pdf,1,"3. ÚKLID DOMÁCNOSTI (Čističe povrchů, oken, koupelen a podlah)",Drogerie,Čištění domácnosti,Savo,group_match,"Savo Na podlahy (Univerzální dezinfekční tekutina – Louka, Citron)",,"[{""quantity"":1.0,""unit"":""l"",""canonical_quantity"":1.0,""canonical_unit"":""l"",""raw"":""1 l""},{""quantity"":4.0,""unit"":""l"",""canonical_quantity"":4.0,""canonical_unit"":""l"",""raw"":""4 l""}]",,,"Savo Na podlahy (Univerzální dezinfekční tekutina – Louka, Citron) (Láhev: 1 l / 4 l)",ready,0.95,
seed-src-0079,seed_bezna_maloobchodni_baleni_drogerie_a_pece_o_domacnost_cesky_trh.pdf,2,"3. ÚKLID DOMÁCNOSTI (Čističe povrchů, oken, koupelen a podlah)",Drogerie,Čištění domácnosti,Cif,group_match,"Cif krém (Tradiční tekutý čisticí písek: Original, Lemon, S bělicím účinkem)",,"[{""quantity"":500.0,""unit"":""ml"",""canonical_quantity"":0.5,""canonical_unit"":""l"",""raw"":""500 ml""},{""quantity"":720.0,""unit"":""ml"",""canonical_quantity"":0.72,""canonical_unit"":""l"",""raw"":""720 ml""}]",,,"Cif krém (Tradiční tekutý čisticí písek: Original, Lemon, S bělicím účinkem) (Láhev: 500 ml / 720 ml)",ready,0.95,
seed-src-0080,seed_bezna_maloobchodni_baleni_drogerie_a_pece_o_domacnost_cesky_trh.pdf,2,"3. ÚKLID DOMÁCNOSTI (Čističe povrchů, oken, koupelen a podlah)",Drogerie,Čištění domácnosti,Domestos,group_match,"Domestos Extended Power (Hustý dezinfekční gel na WC: Atlantic, Citrus)",,"[{""quantity"":750.0,""unit"":""ml"",""canonical_quantity"":0.75,""canonical_unit"":""l"",""raw"":""750 ml""},{""quantity"":1.25,""unit"":""l"",""canonical_quantity"":1.25,""canonical_unit"":""l"",""raw"":""1,25 l""}]",,,"Domestos Extended Power (Hustý dezinfekční gel na WC: Atlantic, Citrus) (Láhev: 750 ml / 1,25 l)",ready,0.95,
seed-src-0081,seed_bezna_maloobchodni_baleni_drogerie_a_pece_o_domacnost_cesky_trh.pdf,2,"3. ÚKLID DOMÁCNOSTI (Čističe povrchů, oken, koupelen a podlah)",Drogerie,Čištění domácnosti,Bref,group_match,"Bref Power Aktiv (Závěsné kuličky do WC bloku: Lemon, Ocean, Pine)",,"[{""quantity"":50.0,""unit"":""g"",""canonical_quantity"":0.05,""canonical_unit"":""kg"",""raw"":""50 g""}]",3,multipack,"Bref Power Aktiv (Závěsné kuličky do WC bloku: Lemon, Ocean, Pine) (Multi-pack: 2x nebo 3x 50 g)",ready,0.95,
seed-src-0082,seed_bezna_maloobchodni_baleni_drogerie_a_pece_o_domacnost_cesky_trh.pdf,2,"3. ÚKLID DOMÁCNOSTI (Čističe povrchů, oken, koupelen a podlah)",Drogerie,Čištění domácnosti,Cif,group_fallback,Alex / Pronto (Specializovaná péče o dřevěný nábytek a plovoucí podlahy) (Sprej: 250 ml / Na podlahy: 750 ml) W5 (Lidl) / Denkmit (DM) / Frosch,,"[{""quantity"":250.0,""unit"":""ml"",""canonical_quantity"":0.25,""canonical_unit"":""l"",""raw"":""250 ml""},{""quantity"":750.0,""unit"":""ml"",""canonical_quantity"":0.75,""canonical_unit"":""l"",""raw"":""750 ml""}]",,,Alex / Pronto (Specializovaná péče o dřevěný nábytek a plovoucí podlahy) (Sprej: 250 ml / Na podlahy: 750 ml) W5 (Lidl) / Denkmit (DM) / Frosch (Eko),ready,0.95,
seed-src-0083,seed_bezna_maloobchodni_baleni_drogerie_a_pece_o_domacnost_cesky_trh.pdf,2,"3. ÚKLID DOMÁCNOSTI (Čističe povrchů, oken, koupelen a podlah)",Drogerie,Čištění domácnosti,Cif,group_fallback,W5 Čistič koupelen / Čistič oken ve spreji / Čistič na trouby,,"[{""quantity"":500.0,""unit"":""ml"",""canonical_quantity"":0.5,""canonical_unit"":""l"",""raw"":""500 ml""},{""quantity"":750.0,""unit"":""ml"",""canonical_quantity"":0.75,""canonical_unit"":""l"",""raw"":""750 ml""}]",,,W5 Čistič koupelen / Čistič oken ve spreji / Čistič na trouby (Sprej: 500 ml / 750 ml),ready,0.95,
seed-src-0084,seed_bezna_maloobchodni_baleni_drogerie_a_pece_o_domacnost_cesky_trh.pdf,2,"3. ÚKLID DOMÁCNOSTI (Čističe povrchů, oken, koupelen a podlah)",Drogerie,Čištění domácnosti,Cif,group_fallback,"W5 Vlhčené úklidové ubrousky (Univerzální, Na nábytek, Do kuchyně)",,"[{""quantity"":50.0,""unit"":""ks"",""canonical_quantity"":50.0,""canonical_unit"":""ks"",""raw"":""50 ks""}]",,,"W5 Vlhčené úklidové ubrousky (Univerzální, Na nábytek, Do kuchyně) (Balení: 40 nebo 50 ks)",ready,0.95,
seed-src-0085,seed_bezna_maloobchodni_baleni_drogerie_a_pece_o_domacnost_cesky_trh.pdf,2,"3. ÚKLID DOMÁCNOSTI (Čističe povrchů, oken, koupelen a podlah)",Drogerie,Čištění domácnosti,Cif,group_fallback,Denkmit Čistič vodního kamene / Univerzální ocetový čistič,,"[{""quantity"":500.0,""unit"":""ml"",""canonical_quantity"":0.5,""canonical_unit"":""l"",""raw"":""500 ml""},{""quantity"":1.0,""unit"":""l"",""canonical_quantity"":1.0,""canonical_unit"":""l"",""raw"":""1 l""}]",,,Denkmit Čistič vodního kamene / Univerzální ocetový čistič (Láhev: 500 ml / 1 l),ready,0.95,
seed-src-0086,seed_bezna_maloobchodni_baleni_drogerie_a_pece_o_domacnost_cesky_trh.pdf,2,"3. ÚKLID DOMÁCNOSTI (Čističe povrchů, oken, koupelen a podlah)",Drogerie,Čištění domácnosti,Cif,group_fallback,Frosch Univerzální čistič s pomerančovou / malinovou kůrou,,"[{""quantity"":1.0,""unit"":""l"",""canonical_quantity"":1.0,""canonical_unit"":""l"",""raw"":""1 l""}]",,,Frosch Univerzální čistič s pomerančovou / malinovou kůrou (Láhev: 1 l),ready,0.95,
seed-src-0087,seed_bezna_maloobchodni_baleni_drogerie_a_pece_o_domacnost_cesky_trh.pdf,2,"4. PAPÍROVÁ HYGIENA (Toaletní papíry, kuchyňské utěrky, kapesníky)",Domácnost,Papír,Zewa,group_match,"Zewa Deluxe (3-vrstvý jemný toaletní papír: Cashmere Peach, Delicate Care, Camomile)",,"[{""quantity"":16.0,""unit"":""rolí"",""canonical_quantity"":16.0,""canonical_unit"":""ks"",""raw"":""16 rolí""}]",,,"Zewa Deluxe (3-vrstvý jemný toaletní papír: Cashmere Peach, Delicate Care, Camomile) (Balení: 8 nebo 16 rolí)",ready,0.95,
seed-src-0088,seed_bezna_maloobchodni_baleni_drogerie_a_pece_o_domacnost_cesky_trh.pdf,2,"4. PAPÍROVÁ HYGIENA (Toaletní papíry, kuchyňské utěrky, kapesníky)",Domácnost,Papír,Zewa,group_match,Zewa Softis (Prémiové 4-vrstvé kapesníky v boxu nebo balíčku),,"[{""quantity"":90.0,""unit"":""ks"",""canonical_quantity"":90.0,""canonical_unit"":""ks"",""raw"":""90 ks""},{""quantity"":9.0,""unit"":""ks"",""canonical_quantity"":9.0,""canonical_unit"":""ks"",""raw"":""9 ks""}]",10,multipack,Zewa Softis (Prémiové 4-vrstvé kapesníky v boxu nebo balíčku) (Box: 90 ks / Balíček: 10x 9 ks),ready,0.95,
seed-src-0089,seed_bezna_maloobchodni_baleni_drogerie_a_pece_o_domacnost_cesky_trh.pdf,2,"4. PAPÍROVÁ HYGIENA (Toaletní papíry, kuchyňské utěrky, kapesníky)",Domácnost,Papír,Tento,group_match,Tento Kitchen Innovation (Vysoce savé 2-vrstvé nebo 3-vrstvé kuchyňské utěrky) (Balení: 2 nebo 4 role) Sanft&Sicher,/ Linteo / Floralys,[],,,Tento Kitchen Innovation (Vysoce savé 2-vrstvé nebo 3-vrstvé kuchyňské utěrky) (Balení: 2 nebo 4 role) Sanft&Sicher; / Linteo / Floralys,needs_review,0.7,no_explicit_package
seed-src-0090,seed_bezna_maloobchodni_baleni_drogerie_a_pece_o_domacnost_cesky_trh.pdf,2,"4. PAPÍROVÁ HYGIENA (Toaletní papíry, kuchyňské utěrky, kapesníky)",Domácnost,Papír,Zewa,group_fallback,Sanft&Sicher,"(Drogerie DM - 3-vrstvý / 4-vrstvý toaletní papír, vlhčený toaletní papír)","[{""quantity"":10.0,""unit"":""rolí"",""canonical_quantity"":10.0,""canonical_unit"":""ks"",""raw"":""10 rolí""}]",,,"Sanft&Sicher; (Drogerie DM - 3-vrstvý / 4-vrstvý toaletní papír, vlhčený toaletní papír) (Balení: 8 nebo 10 rolí)",ready,0.95,
seed-src-0091,seed_bezna_maloobchodni_baleni_drogerie_a_pece_o_domacnost_cesky_trh.pdf,2,"4. PAPÍROVÁ HYGIENA (Toaletní papíry, kuchyňské utěrky, kapesníky)",Domácnost,Papír,Zewa,group_fallback,"Floralys (Lidl - Toaletní papír 3-vrstvý, Kuchyňské utěrky XXL)",,"[{""quantity"":24.0,""unit"":""rolí"",""canonical_quantity"":24.0,""canonical_unit"":""ks"",""raw"":""24 rolí""}]",,,"Floralys (Lidl - Toaletní papír 3-vrstvý, Kuchyňské utěrky XXL) (Balení: 8 / 10 / 24 rolí)",ready,0.95,
seed-src-0092,seed_bezna_maloobchodni_baleni_drogerie_a_pece_o_domacnost_cesky_trh.pdf,2,"4. PAPÍROVÁ HYGIENA (Toaletní papíry, kuchyňské utěrky, kapesníky)",Domácnost,Papír,Zewa,group_fallback,"Linteo (Česká papírová hygiena: papírové kapesníky v krabičce, kosmetické tampony) (Box: 100 nebo 150 ks) zachovat zejména značku, produkt/variantu, velikost balení, jednotku, typ balení a případně počet kusů.",,"[{""quantity"":150.0,""unit"":""ks"",""canonical_quantity"":150.0,""canonical_unit"":""ks"",""raw"":""150 ks""}]",,,"Linteo (Česká papírová hygiena: papírové kapesníky v krabičce, kosmetické tampony) (Box: 100 nebo 150 ks) zachovat zejména značku, produkt/variantu, velikost balení, jednotku, typ balení a případně počet kusů.",ready,0.95,
seed-src-0093,seed_bezna_maloobchodni_baleni_kavy_caje_kakaa_instantnich_napoju_cesky_trh.pdf,1,"1. KÁVA (Mletá, zrnková a instantní)",Potraviny,Káva a čaj,Tchibo Espresso Milano / Sicilia Style,item_fallback,Tchibo Espresso Milano / Sicilia Style (Zrnková káva),,"[{""quantity"":500.0,""unit"":""g"",""canonical_quantity"":0.5,""canonical_unit"":""kg"",""raw"":""500 g""},{""quantity"":1.0,""unit"":""kg"",""canonical_quantity"":1.0,""canonical_unit"":""kg"",""raw"":""1 kg""}]",,,Tchibo Espresso Milano / Sicilia Style (Zrnková káva) (Sáček: 500 g / 1 kg),ready,0.95,
seed-src-0094,seed_bezna_maloobchodni_baleni_kavy_caje_kakaa_instantnich_napoju_cesky_trh.pdf,1,"1. KÁVA (Mletá, zrnková a instantní)",Potraviny,Káva a čaj,Tchibo Barista Espresso / Caffè Crema,item_fallback,Tchibo Barista Espresso / Caffè Crema (Zrnková káva s ventilkem),,"[{""quantity"":1.0,""unit"":""kg"",""canonical_quantity"":1.0,""canonical_unit"":""kg"",""raw"":""1 kg""}]",,,Tchibo Barista Espresso / Caffè Crema (Zrnková káva s ventilkem) (Sáček: 1 kg),ready,0.95,
seed-src-0095,seed_bezna_maloobchodni_baleni_kavy_caje_kakaa_instantnich_napoju_cesky_trh.pdf,1,"1. KÁVA (Mletá, zrnková a instantní)",Potraviny,Káva a čaj,Tchibo Exclusive / Gold Selection,item_fallback,Tchibo Exclusive / Gold Selection (Instantní káva lyofilizovaná),,"[{""quantity"":100.0,""unit"":""g"",""canonical_quantity"":0.1,""canonical_unit"":""kg"",""raw"":""100 g""},{""quantity"":200.0,""unit"":""g"",""canonical_quantity"":0.2,""canonical_unit"":""kg"",""raw"":""200 g""}]",,,Tchibo Exclusive / Gold Selection (Instantní káva lyofilizovaná) (Sklenice: 100 g / 200 g),ready,0.95,
seed-src-0096,seed_bezna_maloobchodni_baleni_kavy_caje_kakaa_instantnich_napoju_cesky_trh.pdf,1,"1. KÁVA (Mletá, zrnková a instantní)",Potraviny,Káva a čaj,Eduscho Family,item_fallback,Eduscho Family (Tradiční silná mletá káva na „turka“) (Sáček: 250 g / 500 g) Jacobs,,"[{""quantity"":250.0,""unit"":""g"",""canonical_quantity"":0.25,""canonical_unit"":""kg"",""raw"":""250 g""},{""quantity"":500.0,""unit"":""g"",""canonical_quantity"":0.5,""canonical_unit"":""kg"",""raw"":""500 g""}]",,,Eduscho Family (Tradiční silná mletá káva na „turka“) (Sáček: 250 g / 500 g) Jacobs,ready,0.95,
seed-src-0097,seed_bezna_maloobchodni_baleni_kavy_caje_kakaa_instantnich_napoju_cesky_trh.pdf,1,"1. KÁVA (Mletá, zrnková a instantní)",Potraviny,Káva a čaj,Jacobs Krönung,item_fallback,Jacobs Krönung (Tradiční aromatická mletá káva),,"[{""quantity"":250.0,""unit"":""g"",""canonical_quantity"":0.25,""canonical_unit"":""kg"",""raw"":""250 g""},{""quantity"":500.0,""unit"":""g"",""canonical_quantity"":0.5,""canonical_unit"":""kg"",""raw"":""500 g""}]",,,Jacobs Krönung (Tradiční aromatická mletá káva) (Sáček: 250 g / 500 g),ready,0.95,
seed-src-0098,seed_bezna_maloobchodni_baleni_kavy_caje_kakaa_instantnich_napoju_cesky_trh.pdf,1,"1. KÁVA (Mletá, zrnková a instantní)",Potraviny,Káva a čaj,Jacobs Velvet / Velvet Crema,item_fallback,Jacobs Velvet / Velvet Crema (Instantní káva s hustou pěnou),,"[{""quantity"":100.0,""unit"":""g"",""canonical_quantity"":0.1,""canonical_unit"":""kg"",""raw"":""100 g""},{""quantity"":200.0,""unit"":""g"",""canonical_quantity"":0.2,""canonical_unit"":""kg"",""raw"":""200 g""}]",,,Jacobs Velvet / Velvet Crema (Instantní káva s hustou pěnou) (Sklenice: 100 g / 200 g),ready,0.95,
seed-src-0099,seed_bezna_maloobchodni_baleni_kavy_caje_kakaa_instantnich_napoju_cesky_trh.pdf,1,"1. KÁVA (Mletá, zrnková a instantní)",Potraviny,Káva a čaj,Jacobs Barista Edition,item_fallback,Jacobs Barista Edition (Caffè Crema / Espresso zrnková káva),,"[{""quantity"":1.0,""unit"":""kg"",""canonical_quantity"":1.0,""canonical_unit"":""kg"",""raw"":""1 kg""}]",,,Jacobs Barista Edition (Caffè Crema / Espresso zrnková káva) (Sáček: 1 kg),ready,0.95,
seed-src-0100,seed_bezna_maloobchodni_baleni_kavy_caje_kakaa_instantnich_napoju_cesky_trh.pdf,1,"1. KÁVA (Mletá, zrnková a instantní)",Potraviny,Káva a čaj,Jacobs 3in1 / 2in1,item_fallback,Jacobs 3in1 / 2in1 (Instantní kávové směsi v sáčcích) (Krabička: 10x 14 g / 20x 14 g) Nescafé / Starbucks,,"[{""quantity"":14.0,""unit"":""g"",""canonical_quantity"":0.014,""canonical_unit"":""kg"",""raw"":""14 g""}]",10,multipack,Jacobs 3in1 / 2in1 (Instantní kávové směsi v sáčcích) (Krabička: 10x 14 g / 20x 14 g) Nescafé / Starbucks,ready,0.95,
seed-src-0101,seed_bezna_maloobchodni_baleni_kavy_caje_kakaa_instantnich_napoju_cesky_trh.pdf,1,"1. KÁVA (Mletá, zrnková a instantní)",Potraviny,Káva a čaj,Nescafé Classic / Classic Crema,item_fallback,Nescafé Classic / Classic Crema (Tradiční instantní káva),,"[{""quantity"":100.0,""unit"":""g"",""canonical_quantity"":0.1,""canonical_unit"":""kg"",""raw"":""100 g""},{""quantity"":200.0,""unit"":""g"",""canonical_quantity"":0.2,""canonical_unit"":""kg"",""raw"":""200 g""},{""quantity"":300.0,""unit"":""g"",""canonical_quantity"":0.3,""canonical_unit"":""kg"",""raw"":""300 g""}]",,,Nescafé Classic / Classic Crema (Tradiční instantní káva) (Sklenice: 100 g / 200 g / 300 g),ready,0.95,
seed-src-0102,seed_bezna_maloobchodni_baleni_kavy_caje_kakaa_instantnich_napoju_cesky_trh.pdf,1,"1. KÁVA (Mletá, zrnková a instantní)",Potraviny,Káva a čaj,Nescafé Gold / Gold Espresso,item_fallback,Nescafé Gold / Gold Espresso (Prémiová instantní káva),,"[{""quantity"":100.0,""unit"":""g"",""canonical_quantity"":0.1,""canonical_unit"":""kg"",""raw"":""100 g""},{""quantity"":200.0,""unit"":""g"",""canonical_quantity"":0.2,""canonical_unit"":""kg"",""raw"":""200 g""}]",,,Nescafé Gold / Gold Espresso (Prémiová instantní káva) (Sklenice: 100 g / 200 g),ready,0.95,
seed-src-0103,seed_bezna_maloobchodni_baleni_kavy_caje_kakaa_instantnich_napoju_cesky_trh.pdf,1,"1. KÁVA (Mletá, zrnková a instantní)",Potraviny,Káva a čaj,Nescafé Dolce Gusto,item_fallback,Nescafé Dolce Gusto (Kávové kapsle pro kávovary Krups/Dolce Gusto),,"[{""quantity"":16.0,""unit"":""kapslí"",""canonical_quantity"":16.0,""canonical_unit"":""ks"",""raw"":""16 kapslí""}]",,,Nescafé Dolce Gusto (Kávové kapsle pro kávovary Krups/Dolce Gusto) (Krabička: 16 kapslí),ready,0.95,
seed-src-0104,seed_bezna_maloobchodni_baleni_kavy_caje_kakaa_instantnich_napoju_cesky_trh.pdf,1,"1. KÁVA (Mletá, zrnková a instantní)",Potraviny,Káva a čaj,Starbucks by Nespresso / Dolce Gusto,item_fallback,Starbucks by Nespresso / Dolce Gusto (Kapsle s originálními licencovanými příchutěmi) (Krabička: 10 / 12 kapslí) Jihlavanka,,"[{""quantity"":12.0,""unit"":""kapslí"",""canonical_quantity"":12.0,""canonical_unit"":""ks"",""raw"":""12 kapslí""}]",,,Starbucks by Nespresso / Dolce Gusto (Kapsle s originálními licencovanými příchutěmi) (Krabička: 10 / 12 kapslí) Jihlavanka,ready,0.95,
seed-src-0105,seed_bezna_maloobchodni_baleni_kavy_caje_kakaa_instantnich_napoju_cesky_trh.pdf,1,"1. KÁVA (Mletá, zrnková a instantní)",Potraviny,Káva a čaj,Jihlavanka Standard,item_fallback,"Jihlavanka Standard (Tradiční mletá káva, základ na českého turka)",,"[{""quantity"":70.0,""unit"":""g"",""canonical_quantity"":0.07,""canonical_unit"":""kg"",""raw"":""70 g""},{""quantity"":150.0,""unit"":""g"",""canonical_quantity"":0.15,""canonical_unit"":""kg"",""raw"":""150 g""},{""quantity"":250.0,""unit"":""g"",""canonical_quantity"":0.25,""canonical_unit"":""kg"",""raw"":""250 g""},{""quantity"":500.0,""unit"":""g"",""canonical_quantity"":0.5,""canonical_unit"":""kg"",""raw"":""500 g""},{""quantity"":1.0,""unit"":""kg"",""canonical_quantity"":1.0,""canonical_unit"":""kg"",""raw"":""1 kg""}]",,,"Jihlavanka Standard (Tradiční mletá káva, základ na českého turka) (Sáček: 70 g / 150 g / 250 g / 500 g / 1 kg)",ready,0.95,
seed-src-0106,seed_bezna_maloobchodni_baleni_kavy_caje_kakaa_instantnich_napoju_cesky_trh.pdf,1,"1. KÁVA (Mletá, zrnková a instantní)",Potraviny,Káva a čaj,Jihlavanka Extra Special,item_fallback,Jihlavanka Extra Special (Mletá káva s jemnější chutí),,"[{""quantity"":150.0,""unit"":""g"",""canonical_quantity"":0.15,""canonical_unit"":""kg"",""raw"":""150 g""},{""quantity"":250.0,""unit"":""g"",""canonical_quantity"":0.25,""canonical_unit"":""kg"",""raw"":""250 g""}]",,,Jihlavanka Extra Special (Mletá káva s jemnější chutí) (Sáček: 150 g / 250 g),ready,0.95,
seed-src-0107,seed_bezna_maloobchodni_baleni_kavy_caje_kakaa_instantnich_napoju_cesky_trh.pdf,1,"1. KÁVA (Mletá, zrnková a instantní)",Potraviny,Káva a čaj,Jihlavanka Café Crema,item_fallback,Jihlavanka Café Crema (Zrnková káva / Instantní káva) (Sáček: 1 kg / Sklenice: 200 g) Lavazza / Segafredo,,"[{""quantity"":1.0,""unit"":""kg"",""canonical_quantity"":1.0,""canonical_unit"":""kg"",""raw"":""1 kg""},{""quantity"":200.0,""unit"":""g"",""canonical_quantity"":0.2,""canonical_unit"":""kg"",""raw"":""200 g""}]",,,Jihlavanka Café Crema (Zrnková káva / Instantní káva) (Sáček: 1 kg / Sklenice: 200 g) Lavazza / Segafredo,ready,0.95,
seed-src-0108,seed_bezna_maloobchodni_baleni_kavy_caje_kakaa_instantnich_napoju_cesky_trh.pdf,1,"1. KÁVA (Mletá, zrnková a instantní)",Potraviny,Káva a čaj,Lavazza Qualità Oro / Qualità Rossa,item_fallback,Lavazza Qualità Oro / Qualità Rossa (Mletá i zrnková káva),,"[{""quantity"":250.0,""unit"":""g"",""canonical_quantity"":0.25,""canonical_unit"":""kg"",""raw"":""250 g""},{""quantity"":500.0,""unit"":""g"",""canonical_quantity"":0.5,""canonical_unit"":""kg"",""raw"":""500 g""},{""quantity"":1.0,""unit"":""kg"",""canonical_quantity"":1.0,""canonical_unit"":""kg"",""raw"":""1 kg""}]",,,Lavazza Qualità Oro / Qualità Rossa (Mletá i zrnková káva) (Sáček: 250 g / 500 g / 1 kg),ready,0.95,
seed-src-0109,seed_bezna_maloobchodni_baleni_kavy_caje_kakaa_instantnich_napoju_cesky_trh.pdf,1,"1. KÁVA (Mletá, zrnková a instantní)",Potraviny,Káva a čaj,Segafredo Intermezzo / Selezione Crema,item_fallback,Segafredo Intermezzo / Selezione Crema (Zrnková káva) (Sáček: 1 kg) Bellarom / Monte Santos,,"[{""quantity"":1.0,""unit"":""kg"",""canonical_quantity"":1.0,""canonical_unit"":""kg"",""raw"":""1 kg""}]",,,Segafredo Intermezzo / Selezione Crema (Zrnková káva) (Sáček: 1 kg) Bellarom / Monte Santos (Lidl),ready,0.95,
seed-src-0110,seed_bezna_maloobchodni_baleni_kavy_caje_kakaa_instantnich_napoju_cesky_trh.pdf,1,"1. KÁVA (Mletá, zrnková a instantní)",Potraviny,Káva a čaj,Bellarom Green / Gold,item_fallback,Bellarom Green / Gold (Instantní káva),,"[{""quantity"":200.0,""unit"":""g"",""canonical_quantity"":0.2,""canonical_unit"":""kg"",""raw"":""200 g""}]",,,Bellarom Green / Gold (Instantní káva) (Sklenice: 200 g),ready,0.95,
seed-src-0111,seed_bezna_maloobchodni_baleni_kavy_caje_kakaa_instantnich_napoju_cesky_trh.pdf,1,"1. KÁVA (Mletá, zrnková a instantní)",Potraviny,Káva a čaj,Bellarom Espresso / Caffè Crema,item_fallback,Bellarom Espresso / Caffè Crema (Zrnková káva),,"[{""quantity"":1.0,""unit"":""kg"",""canonical_quantity"":1.0,""canonical_unit"":""kg"",""raw"":""1 kg""}]",,,Bellarom Espresso / Caffè Crema (Zrnková káva) (Sáček: 1 kg),ready,0.95,
seed-src-0112,seed_bezna_maloobchodni_baleni_kavy_caje_kakaa_instantnich_napoju_cesky_trh.pdf,1,"1. KÁVA (Mletá, zrnková a instantní)",Potraviny,Káva a čaj,Bellarom Kávové kapsle,item_fallback,Bellarom Kávové kapsle (Kompatibilní s kávovary Nespresso),,"[{""quantity"":10.0,""unit"":""kapslí"",""canonical_quantity"":10.0,""canonical_unit"":""ks"",""raw"":""10 kapslí""}]",,,Bellarom Kávové kapsle (Kompatibilní s kávovary Nespresso) (Krabička: 10 kapslí),ready,0.95,
seed-src-0113,seed_bezna_maloobchodni_baleni_kavy_caje_kakaa_instantnich_napoju_cesky_trh.pdf,1,"1. KÁVA (Mletá, zrnková a instantní)",Potraviny,Káva a čaj,K-Classic,group_match,K-Classic Caffe Cino (Směsi typu Cappuccino v dóze),,"[{""quantity"":200.0,""unit"":""g"",""canonical_quantity"":0.2,""canonical_unit"":""kg"",""raw"":""200 g""},{""quantity"":500.0,""unit"":""g"",""canonical_quantity"":0.5,""canonical_unit"":""kg"",""raw"":""500 g""}]",,,K-Classic Caffe Cino (Směsi typu Cappuccino v dóze) (Dóza: 200 g / 500 g),ready,0.95,
seed-src-0114,seed_bezna_maloobchodni_baleni_kavy_caje_kakaa_instantnich_napoju_cesky_trh.pdf,1,"1. KÁVA (Mletá, zrnková a instantní)",Potraviny,Káva a čaj,K-Classic,group_match,K-Classic Mletá káva Standard,,"[{""quantity"":250.0,""unit"":""g"",""canonical_quantity"":0.25,""canonical_unit"":""kg"",""raw"":""250 g""},{""quantity"":500.0,""unit"":""g"",""canonical_quantity"":0.5,""canonical_unit"":""kg"",""raw"":""500 g""}]",,,K-Classic Mletá káva Standard (Sáček: 250 g / 500 g),ready,0.95,
seed-src-0115,seed_bezna_maloobchodni_baleni_kavy_caje_kakaa_instantnich_napoju_cesky_trh.pdf,1,"1. KÁVA (Mletá, zrnková a instantní)",Potraviny,Káva a čaj,K-Bio,group_match,K-Bio Zrnková káva Arabica,,"[{""quantity"":500.0,""unit"":""g"",""canonical_quantity"":0.5,""canonical_unit"":""kg"",""raw"":""500 g""}]",,,K-Bio Zrnková káva Arabica (Sáček: 500 g),ready,0.95,
seed-src-0116,seed_bezna_maloobchodni_baleni_kavy_caje_kakaa_instantnich_napoju_cesky_trh.pdf,1,"1. KÁVA (Mletá, zrnková a instantní)",Potraviny,Káva a čaj,K-Favourites,group_match,K-Favourites Espresso Magnifico (Zrnková káva),,"[{""quantity"":1.0,""unit"":""kg"",""canonical_quantity"":1.0,""canonical_unit"":""kg"",""raw"":""1 kg""}]",,,K-Favourites Espresso Magnifico (Zrnková káva) (Sáček: 1 kg),ready,0.95,
seed-src-0117,seed_bezna_maloobchodni_baleni_kavy_caje_kakaa_instantnich_napoju_cesky_trh.pdf,1,"1. KÁVA (Mletá, zrnková a instantní)",Potraviny,Káva a čaj,Albert,group_match,Albert Mletá káva Standard,,"[{""quantity"":250.0,""unit"":""g"",""canonical_quantity"":0.25,""canonical_unit"":""kg"",""raw"":""250 g""}]",,,Albert Mletá káva Standard (Sáček: 250 g),ready,0.95,
seed-src-0118,seed_bezna_maloobchodni_baleni_kavy_caje_kakaa_instantnich_napoju_cesky_trh.pdf,1,"1. KÁVA (Mletá, zrnková a instantní)",Potraviny,Káva a čaj,Albert Excellent,group_match,"Albert Excellent Zrnková káva (Perugina, Intermezzo)",,"[{""quantity"":500.0,""unit"":""g"",""canonical_quantity"":0.5,""canonical_unit"":""kg"",""raw"":""500 g""},{""quantity"":1.0,""unit"":""kg"",""canonical_quantity"":1.0,""canonical_unit"":""kg"",""raw"":""1 kg""}]",,,"Albert Excellent Zrnková káva (Perugina, Intermezzo) (Sáček: 500 g / 1 kg)",ready,0.95,
seed-src-0119,seed_bezna_maloobchodni_baleni_kavy_caje_kakaa_instantnich_napoju_cesky_trh.pdf,2,"1. KÁVA (Mletá, zrnková a instantní)",Potraviny,Káva a čaj,Tesco,group_match,Tesco Instant Coffee / Granulated,,"[{""quantity"":100.0,""unit"":""g"",""canonical_quantity"":0.1,""canonical_unit"":""kg"",""raw"":""100 g""},{""quantity"":200.0,""unit"":""g"",""canonical_quantity"":0.2,""canonical_unit"":""kg"",""raw"":""200 g""}]",,,Tesco Instant Coffee / Granulated (Plastová dóza: 100 g / 200 g),ready,0.95,
seed-src-0120,seed_bezna_maloobchodni_baleni_kavy_caje_kakaa_instantnich_napoju_cesky_trh.pdf,2,"1. KÁVA (Mletá, zrnková a instantní)",Potraviny,Káva a čaj,Tesco Finest,group_match,"Tesco Finest Fairtrade Zrnková káva (Peru, Kolumbie, Etiopie)",,"[{""quantity"":227.0,""unit"":""g"",""canonical_quantity"":0.227,""canonical_unit"":""kg"",""raw"":""227 g""},{""quantity"":500.0,""unit"":""g"",""canonical_quantity"":0.5,""canonical_unit"":""kg"",""raw"":""500 g""}]",,,"Tesco Finest Fairtrade Zrnková káva (Peru, Kolumbie, Etiopie) (Sáček: 227 g / 500 g)",ready,0.95,
seed-src-0121,seed_bezna_maloobchodni_baleni_kavy_caje_kakaa_instantnich_napoju_cesky_trh.pdf,2,"2. ČAJ (Černé, zelené, ovocné a bylinné)",Potraviny,Káva a čaj,Pickwick Ovocný čaj,item_fallback,"Pickwick Ovocný čaj (Jahoda s mincovníkem, Lesní plody, Pomeranč, Malina)",,"[{""quantity"":40.0,""unit"":""g"",""canonical_quantity"":0.04,""canonical_unit"":""kg"",""raw"":""40 g""}]",,,"Pickwick Ovocný čaj (Jahoda s mincovníkem, Lesní plody, Pomeranč, Malina) (Krabička: 20 sáčků = 40 g)",ready,0.95,
seed-src-0122,seed_bezna_maloobchodni_baleni_kavy_caje_kakaa_instantnich_napoju_cesky_trh.pdf,2,"2. ČAJ (Černé, zelené, ovocné a bylinné)",Potraviny,Káva a čaj,Pickwick Ranní čaj,item_fallback,"Pickwick Ranní čaj (Silný černý čaj, sypaný nebo porcovaný)",,[],,,"Pickwick Ranní čaj (Silný černý čaj, sypaný nebo porcovaný) (Krabička: 25 nebo 40 sáčků)",needs_review,0.7,no_explicit_package
seed-src-0123,seed_bezna_maloobchodni_baleni_kavy_caje_kakaa_instantnich_napoju_cesky_trh.pdf,2,"2. ČAJ (Černé, zelené, ovocné a bylinné)",Potraviny,Káva a čaj,Pickwick Zelený čaj,item_fallback,"Pickwick Zelený čaj (Čistý, s citronem, s jahodou)",,"[{""quantity"":30.0,""unit"":""g"",""canonical_quantity"":0.03,""canonical_unit"":""kg"",""raw"":""30 g""}]",,,"Pickwick Zelený čaj (Čistý, s citronem, s jahodou) (Krabička: 20 sáčků = 30 g)",ready,0.95,
seed-src-0124,seed_bezna_maloobchodni_baleni_kavy_caje_kakaa_instantnich_napoju_cesky_trh.pdf,2,"2. ČAJ (Černé, zelené, ovocné a bylinné)",Potraviny,Káva a čaj,Pickwick Herbal,item_fallback,"Pickwick Herbal (Bylinné směsi – Průdušky, Spánek, Žaludek) (Krabička: 20 sáčků) Teekanne",,[],,,"Pickwick Herbal (Bylinné směsi – Průdušky, Spánek, Žaludek) (Krabička: 20 sáčků) Teekanne",needs_review,0.7,no_explicit_package
seed-src-0125,seed_bezna_maloobchodni_baleni_kavy_caje_kakaa_instantnich_napoju_cesky_trh.pdf,2,"2. ČAJ (Černé, zelené, ovocné a bylinné)",Potraviny,Káva a čaj,Teekanne Ovocný čaj,item_fallback,"Teekanne Ovocný čaj (Love, Passion, Desire, Ginger & Lemon)",,[],,,"Teekanne Ovocný čaj (Love, Passion, Desire, Ginger & Lemon) (Krabička: 20 sáčků)",needs_review,0.7,no_explicit_package
seed-src-0126,seed_bezna_maloobchodni_baleni_kavy_caje_kakaa_instantnich_napoju_cesky_trh.pdf,2,"2. ČAJ (Černé, zelené, ovocné a bylinné)",Potraviny,Káva a čaj,Teekanne Zelený čaj / Bílý čaj,item_fallback,"Teekanne Zelený čaj / Bílý čaj (Zen Chai, Jasmine)",,[],,,"Teekanne Zelený čaj / Bílý čaj (Zen Chai, Jasmine) (Krabička: 20 sáčků)",needs_review,0.7,no_explicit_package
seed-src-0127,seed_bezna_maloobchodni_baleni_kavy_caje_kakaa_instantnich_napoju_cesky_trh.pdf,2,"2. ČAJ (Černé, zelené, ovocné a bylinné)",Potraviny,Káva a čaj,Teekanne Organics,item_fallback,Teekanne Organics (BIO řada – bylinky a čaje) (Krabička: 20 sáčků) Lipton,,[],,,Teekanne Organics (BIO řada – bylinky a čaje) (Krabička: 20 sáčků) Lipton,needs_review,0.7,no_explicit_package
seed-src-0128,seed_bezna_maloobchodni_baleni_kavy_caje_kakaa_instantnich_napoju_cesky_trh.pdf,2,"2. ČAJ (Černé, zelené, ovocné a bylinné)",Potraviny,Káva a čaj,Lipton Yellow Label,item_fallback,Lipton Yellow Label (Ikonický černý čaj v pyramidových či klasických sáčcích),,[],,,Lipton Yellow Label (Ikonický černý čaj v pyramidových či klasických sáčcích) (Krabička: 25 / 50 / 100 sáčků),needs_review,0.7,no_explicit_package
seed-src-0129,seed_bezna_maloobchodni_baleni_kavy_caje_kakaa_instantnich_napoju_cesky_trh.pdf,2,"2. ČAJ (Černé, zelené, ovocné a bylinné)",Potraviny,Káva a čaj,Lipton Earl Grey,item_fallback,Lipton Earl Grey (Černý čaj s bergamotovou silicí),,[],,,Lipton Earl Grey (Černý čaj s bergamotovou silicí) (Krabička: 25 sáčků),needs_review,0.7,no_explicit_package
seed-src-0130,seed_bezna_maloobchodni_baleni_kavy_caje_kakaa_instantnich_napoju_cesky_trh.pdf,2,"2. ČAJ (Černé, zelené, ovocné a bylinné)",Potraviny,Káva a čaj,Lipton Pyramidové ovocné čaje,item_fallback,"Lipton Pyramidové ovocné čaje (Citrus, Blueberry Muffins) (Krabička: 20 sáčků) Jemča",,[],,,"Lipton Pyramidové ovocné čaje (Citrus, Blueberry Muffins) (Krabička: 20 sáčků) Jemča",needs_review,0.7,no_explicit_package
seed-src-0131,seed_bezna_maloobchodni_baleni_kavy_caje_kakaa_instantnich_napoju_cesky_trh.pdf,2,"2. ČAJ (Černé, zelené, ovocné a bylinné)",Potraviny,Káva a čaj,Jemča Pigi čaj,item_fallback,Jemča Pigi čaj (Legendární český černý čaj k snídani),,"[{""quantity"":37.5,""unit"":""g"",""canonical_quantity"":0.0375,""canonical_unit"":""kg"",""raw"":""37,5 g""}]",,,"Jemča Pigi čaj (Legendární český černý čaj k snídani) (Krabička: 25 sáčků = 37,5 g)",ready,0.95,
seed-src-0132,seed_bezna_maloobchodni_baleni_kavy_caje_kakaa_instantnich_napoju_cesky_trh.pdf,2,"2. ČAJ (Černé, zelené, ovocné a bylinné)",Potraviny,Káva a čaj,Jemča Ovocný čaj,item_fallback,"Jemča Ovocný čaj (Lesní plody, Divoká třešeň, Mandarinka)",,"[{""quantity"":40.0,""unit"":""g"",""canonical_quantity"":0.04,""canonical_unit"":""kg"",""raw"":""40 g""}]",,,"Jemča Ovocný čaj (Lesní plody, Divoká třešeň, Mandarinka) (Krabička: 20 sáčků = 40 g)",ready,0.95,
seed-src-0133,seed_bezna_maloobchodni_baleni_kavy_caje_kakaa_instantnich_napoju_cesky_trh.pdf,2,"2. ČAJ (Černé, zelené, ovocné a bylinné)",Potraviny,Káva a čaj,Jemča Bylinný čaj,item_fallback,"Jemča Bylinný čaj (Máta, Meduňka, Heřmánek, Šípek) (Krabička: 20 sáčků) Ahmad Tea / Twinings",,[],,,"Jemča Bylinný čaj (Máta, Meduňka, Heřmánek, Šípek) (Krabička: 20 sáčků) Ahmad Tea / Twinings",needs_review,0.7,no_explicit_package
seed-src-0134,seed_bezna_maloobchodni_baleni_kavy_caje_kakaa_instantnich_napoju_cesky_trh.pdf,2,"2. ČAJ (Černé, zelené, ovocné a bylinné)",Potraviny,Káva a čaj,Ahmad Tea Earl Grey / English Breakfast,item_fallback,Ahmad Tea Earl Grey / English Breakfast,,"[{""quantity"":100.0,""unit"":""g"",""canonical_quantity"":0.1,""canonical_unit"":""kg"",""raw"":""100 g""}]",,,Ahmad Tea Earl Grey / English Breakfast (Plechovka sypaný: 100 g / Krabička porcovaný: 20 / 100 sáčků),ready,0.95,
seed-src-0135,seed_bezna_maloobchodni_baleni_kavy_caje_kakaa_instantnich_napoju_cesky_trh.pdf,2,"2. ČAJ (Černé, zelené, ovocné a bylinné)",Potraviny,Káva a čaj,Twinings čaje,item_fallback,Twinings čaje (Exkluzivní porcované černé a zelené směsi) (Krabička: 25 sáčků) Sonnentor,,[],,,Twinings čaje (Exkluzivní porcované černé a zelené směsi) (Krabička: 25 sáčků) Sonnentor,needs_review,0.7,no_explicit_package
seed-src-0136,seed_bezna_maloobchodni_baleni_kavy_caje_kakaa_instantnich_napoju_cesky_trh.pdf,2,"2. ČAJ (Černé, zelené, ovocné a bylinné)",Potraviny,Káva a čaj,Sonnentor Bylinný čaj sypaný i porcovaný,item_fallback,"Sonnentor Bylinný čaj sypaný i porcovaný (Dobrá nálada, Rarášci, Klidná hlava) (Krabička: 18 / 20 sáčků) Lord Nelson",,[],,,"Sonnentor Bylinný čaj sypaný i porcovaný (Dobrá nálada, Rarášci, Klidná hlava) (Krabička: 18 / 20 sáčků) Lord Nelson (Lidl)",needs_review,0.7,no_explicit_package
seed-src-0137,seed_bezna_maloobchodni_baleni_kavy_caje_kakaa_instantnich_napoju_cesky_trh.pdf,2,"2. ČAJ (Černé, zelené, ovocné a bylinné)",Potraviny,Káva a čaj,Ovocné a bylinné čaje porcované,item_fallback,Ovocné a bylinné čaje porcované,,[],,,Ovocné a bylinné čaje porcované (Krabička: 20 / 25 sáčků),needs_review,0.7,no_explicit_package
seed-src-0138,seed_bezna_maloobchodni_baleni_kavy_caje_kakaa_instantnich_napoju_cesky_trh.pdf,2,"2. ČAJ (Černé, zelené, ovocné a bylinné)",Potraviny,Káva a čaj,Zelený / Černý čaj standard,item_fallback,Zelený / Černý čaj standard,,[],,,Zelený / Černý čaj standard (Krabička: 40 sáčků),needs_review,0.7,no_explicit_package
seed-src-0139,seed_bezna_maloobchodni_baleni_kavy_caje_kakaa_instantnich_napoju_cesky_trh.pdf,2,"2. ČAJ (Černé, zelené, ovocné a bylinné)",Potraviny,Káva a čaj,K-Classic,group_match,K-Classic Ovocný čaj rodinné balení,,[],,,K-Classic Ovocný čaj rodinné balení (Krabička: 40 sáčků),needs_review,0.7,no_explicit_package
seed-src-0140,seed_bezna_maloobchodni_baleni_kavy_caje_kakaa_instantnich_napoju_cesky_trh.pdf,2,"2. ČAJ (Černé, zelené, ovocné a bylinné)",Potraviny,Káva a čaj,K-Bio,group_match,"K-Bio Bylinný čaj (Máta, Heřmánek)",,[],,,"K-Bio Bylinný čaj (Máta, Heřmánek) (Krabička: 20 sáčků)",needs_review,0.7,no_explicit_package
seed-src-0141,seed_bezna_maloobchodni_baleni_kavy_caje_kakaa_instantnich_napoju_cesky_trh.pdf,2,"2. ČAJ (Černé, zelené, ovocné a bylinné)",Potraviny,Káva a čaj,Albert,group_match,"Albert Ovocný čaj (Lesní plody, Jahoda)",,[],,,"Albert Ovocný čaj (Lesní plody, Jahoda) (Krabička: 20 sáčků)",needs_review,0.7,no_explicit_package
seed-src-0142,seed_bezna_maloobchodni_baleni_kavy_caje_kakaa_instantnich_napoju_cesky_trh.pdf,2,"2. ČAJ (Černé, zelené, ovocné a bylinné)",Potraviny,Káva a čaj,Tesco,group_match,"Tesco Fruit Tea (Červené plody, Jablko se skořicí)",,[],,,"Tesco Fruit Tea (Červené plody, Jablko se skořicí) (Krabička: 20 sáčků)",needs_review,0.7,no_explicit_package
seed-src-0143,seed_bezna_maloobchodni_baleni_kavy_caje_kakaa_instantnich_napoju_cesky_trh.pdf,2,3. KAKAO A INSTANTNÍ ČOKOLÁDY,Potraviny,Káva a čaj,Granko,item_fallback,Granko (Instantní slazené kakao s vitamíny),,"[{""quantity"":200.0,""unit"":""g"",""canonical_quantity"":0.2,""canonical_unit"":""kg"",""raw"":""200 g""},{""quantity"":400.0,""unit"":""g"",""canonical_quantity"":0.4,""canonical_unit"":""kg"",""raw"":""400 g""},{""quantity"":450.0,""unit"":""g"",""canonical_quantity"":0.45,""canonical_unit"":""kg"",""raw"":""450 g""}]",,,Granko (Instantní slazené kakao s vitamíny) (Krabička: 200 g / 400 g / Sáček náhradní náplň: 450 g),ready,0.95,
seed-src-0144,seed_bezna_maloobchodni_baleni_kavy_caje_kakaa_instantnich_napoju_cesky_trh.pdf,2,3. KAKAO A INSTANTNÍ ČOKOLÁDY,Potraviny,Káva a čaj,Granko Less Sugar,item_fallback,Granko Less Sugar (Se sníženým obsahem cukru a vyšším podílem kakaa),,"[{""quantity"":350.0,""unit"":""g"",""canonical_quantity"":0.35,""canonical_unit"":""kg"",""raw"":""350 g""}]",,,Granko Less Sugar (Se sníženým obsahem cukru a vyšším podílem kakaa) (Sáček: 350 g),ready,0.95,
seed-src-0145,seed_bezna_maloobchodni_baleni_kavy_caje_kakaa_instantnich_napoju_cesky_trh.pdf,2,3. KAKAO A INSTANTNÍ ČOKOLÁDY,Potraviny,Káva a čaj,Granko Sirup,item_fallback,Granko Sirup (Kakaový sirup na zmrzlinu a palačinky) (Plastová láhev: 400 g) Nesquik,,"[{""quantity"":400.0,""unit"":""g"",""canonical_quantity"":0.4,""canonical_unit"":""kg"",""raw"":""400 g""}]",,,Granko Sirup (Kakaový sirup na zmrzlinu a palačinky) (Plastová láhev: 400 g) Nesquik,ready,0.95,
seed-src-0146,seed_bezna_maloobchodni_baleni_kavy_caje_kakaa_instantnich_napoju_cesky_trh.pdf,3,3. KAKAO A INSTANTNÍ ČOKOLÁDY,Potraviny,Káva a čaj,Nesquik instantní kakao,item_fallback,Nesquik instantní kakao,,"[{""quantity"":200.0,""unit"":""g"",""canonical_quantity"":0.2,""canonical_unit"":""kg"",""raw"":""200 g""},{""quantity"":400.0,""unit"":""g"",""canonical_quantity"":0.4,""canonical_unit"":""kg"",""raw"":""400 g""}]",,,Nesquik instantní kakao (Sáček: 200 g / 400 g / Dóza: 400 g),ready,0.95,
seed-src-0147,seed_bezna_maloobchodni_baleni_kavy_caje_kakaa_instantnich_napoju_cesky_trh.pdf,3,3. KAKAO A INSTANTNÍ ČOKOLÁDY,Potraviny,Káva a čaj,Holandské kakao,group_match,Tradiční Holandské kakao (Čisté stoprocentní neslazené kakao na pečení a vaření),,"[{""quantity"":100.0,""unit"":""g"",""canonical_quantity"":0.1,""canonical_unit"":""kg"",""raw"":""100 g""},{""quantity"":250.0,""unit"":""g"",""canonical_quantity"":0.25,""canonical_unit"":""kg"",""raw"":""250 g""}]",,,Tradiční Holandské kakao (Čisté stoprocentní neslazené kakao na pečení a vaření) (Krabička: 100 g / Sáček: 250 g),ready,0.95,
seed-src-0148,seed_bezna_maloobchodni_baleni_kavy_caje_kakaa_instantnich_napoju_cesky_trh.pdf,3,3. KAKAO A INSTANTNÍ ČOKOLÁDY,Potraviny,Káva a čaj,Holandské kakao,group_fallback,Orion Kakao na pečení (Koncern Nestlé) (Krabička: 100 g) Johny Cacao / Goody Cao,,"[{""quantity"":100.0,""unit"":""g"",""canonical_quantity"":0.1,""canonical_unit"":""kg"",""raw"":""100 g""}]",,,Orion Kakao na pečení (Koncern Nestlé) (Krabička: 100 g) Johny Cacao / Goody Cao (Lidl),ready,0.95,
seed-src-0149,seed_bezna_maloobchodni_baleni_kavy_caje_kakaa_instantnich_napoju_cesky_trh.pdf,3,3. KAKAO A INSTANTNÍ ČOKOLÁDY,Potraviny,Káva a čaj,Holandské kakao,group_fallback,Goody Cao (Slazené instantní kakao pro děti),,"[{""quantity"":400.0,""unit"":""g"",""canonical_quantity"":0.4,""canonical_unit"":""kg"",""raw"":""400 g""},{""quantity"":800.0,""unit"":""g"",""canonical_quantity"":0.8,""canonical_unit"":""kg"",""raw"":""800 g""}]",,,Goody Cao (Slazené instantní kakao pro děti) (Plastová dóza: 400 g / Sáček: 800 g),ready,0.95,
seed-src-0150,seed_bezna_maloobchodni_baleni_kavy_caje_kakaa_instantnich_napoju_cesky_trh.pdf,3,3. KAKAO A INSTANTNÍ ČOKOLÁDY,Potraviny,Káva a čaj,Holandské kakao,group_fallback,Johny Cacao (Levnější rozpustné kakao),,"[{""quantity"":400.0,""unit"":""g"",""canonical_quantity"":0.4,""canonical_unit"":""kg"",""raw"":""400 g""}]",,,Johny Cacao (Levnější rozpustné kakao) (Sáček: 400 g),ready,0.95,
seed-src-0151,seed_bezna_maloobchodni_baleni_kavy_caje_kakaa_instantnich_napoju_cesky_trh.pdf,3,3. KAKAO A INSTANTNÍ ČOKOLÁDY,Potraviny,Káva a čaj,K-Classic,group_match,K-Classic Choco Drink (Instantní kakao slazené),,"[{""quantity"":800.0,""unit"":""g"",""canonical_quantity"":0.8,""canonical_unit"":""kg"",""raw"":""800 g""}]",,,K-Classic Choco Drink (Instantní kakao slazené) (Sáček: 800 g),ready,0.95,
seed-src-0152,seed_bezna_maloobchodni_baleni_kavy_caje_kakaa_instantnich_napoju_cesky_trh.pdf,3,3. KAKAO A INSTANTNÍ ČOKOLÁDY,Potraviny,Káva a čaj,K-Classic,group_match,K-Classic Kakao na pečení (Neslazené holandské),,"[{""quantity"":250.0,""unit"":""g"",""canonical_quantity"":0.25,""canonical_unit"":""kg"",""raw"":""250 g""}]",,,K-Classic Kakao na pečení (Neslazené holandské) (Krabička: 250 g),ready,0.95,
seed-src-0153,seed_bezna_maloobchodni_baleni_kavy_caje_kakaa_instantnich_napoju_cesky_trh.pdf,3,3. KAKAO A INSTANTNÍ ČOKOLÁDY,Potraviny,Káva a čaj,Albert,group_match,Albert Instantní kakaový nápoj (Albert),,"[{""quantity"":400.0,""unit"":""g"",""canonical_quantity"":0.4,""canonical_unit"":""kg"",""raw"":""400 g""}]",,,Albert Instantní kakaový nápoj (Albert) (Sáček: 400 g),ready,0.95,
seed-src-0154,seed_bezna_maloobchodni_baleni_kavy_caje_kakaa_instantnich_napoju_cesky_trh.pdf,3,3. KAKAO A INSTANTNÍ ČOKOLÁDY,Potraviny,Káva a čaj,Tesco,group_match,Tesco Instant Hot Chocolate (Hustá horká čokoláda v prášku),,"[{""quantity"":400.0,""unit"":""g"",""canonical_quantity"":0.4,""canonical_unit"":""kg"",""raw"":""400 g""}]",,,Tesco Instant Hot Chocolate (Hustá horká čokoláda v prášku) (Dóza: 400 g),ready,0.95,
seed-src-0155,seed_bezna_maloobchodni_baleni_kavy_caje_kakaa_instantnich_napoju_cesky_trh.pdf,3,4. KÁVOVINY A OSTATNÍ INSTANTNÍ NÁPOJE (Bez kofeinu),Potraviny,Káva a čaj,Caro Originál,item_fallback,"Caro Originál (Rozpustný cereální nápoj z ječmene, žita a čekanky – pod koncernem Nestlé)",,"[{""quantity"":200.0,""unit"":""g"",""canonical_quantity"":0.2,""canonical_unit"":""kg"",""raw"":""200 g""}]",,,"Caro Originál (Rozpustný cereální nápoj z ječmene, žita a čekanky – pod koncernem Nestlé) (Dóza: 200 g / Sáček: 200 g)",ready,0.95,
seed-src-0156,seed_bezna_maloobchodni_baleni_kavy_caje_kakaa_instantnich_napoju_cesky_trh.pdf,3,4. KÁVOVINY A OSTATNÍ INSTANTNÍ NÁPOJE (Bez kofeinu),Potraviny,Káva a čaj,Melta,item_fallback,"Melta (Tradiční směs praženého kořene čekanky, topinambur a obilovin k vaření)",,"[{""quantity"":500.0,""unit"":""g"",""canonical_quantity"":0.5,""canonical_unit"":""kg"",""raw"":""500 g""},{""quantity"":7.0,""unit"":""g"",""canonical_quantity"":0.007,""canonical_unit"":""kg"",""raw"":""7 g""},{""quantity"":140.0,""unit"":""g"",""canonical_quantity"":0.14,""canonical_unit"":""kg"",""raw"":""140 g""}]",20,multipack,"Melta (Tradiční směs praženého kořene čekanky, topinambur a obilovin k vaření) (Papírový sáček sypaná: 500 g / Porcovaná v sáčcích: 20x 7 g = 140 g)",ready,0.95,
seed-src-0157,seed_bezna_maloobchodni_baleni_kavy_caje_kakaa_instantnich_napoju_cesky_trh.pdf,3,4. KÁVOVINY A OSTATNÍ INSTANTNÍ NÁPOJE (Bez kofeinu),Potraviny,Káva a čaj,Inka,item_fallback,Inka (Tradiční polský rozpustný kávovinový nápoj široce dostupný v ČR),,"[{""quantity"":150.0,""unit"":""g"",""canonical_quantity"":0.15,""canonical_unit"":""kg"",""raw"":""150 g""},{""quantity"":200.0,""unit"":""g"",""canonical_quantity"":0.2,""canonical_unit"":""kg"",""raw"":""200 g""}]",,,Inka (Tradiční polský rozpustný kávovinový nápoj široce dostupný v ČR) (Dóza: 150 g / Sáček: 200 g),ready,0.95,
seed-src-0158,seed_bezna_maloobchodni_baleni_kavy_caje_kakaa_instantnich_napoju_cesky_trh.pdf,3,4. KÁVOVINY A OSTATNÍ INSTANTNÍ NÁPOJE (Bez kofeinu),Potraviny,Káva a čaj,Špaldová káva instantní,item_fallback,Špaldová káva instantní (Čistě z pražené špaldy),,"[{""quantity"":100.0,""unit"":""g"",""canonical_quantity"":0.1,""canonical_unit"":""kg"",""raw"":""100 g""}]",,,Špaldová káva instantní (Čistě z pražené špaldy) (Sklenice: 100 g),ready,0.95,
seed-src-0159,seed_bezna_maloobchodni_baleni_kavy_caje_kakaa_instantnich_napoju_cesky_trh.pdf,3,4. KÁVOVINY A OSTATNÍ INSTANTNÍ NÁPOJE (Bez kofeinu),Potraviny,Káva a čaj,Bikava,item_fallback,Bikava (Instantní kávovinový nápoj se sušeným mlékem a cukrem) (Krabička: 150 g) Tang / Krüger,,"[{""quantity"":150.0,""unit"":""g"",""canonical_quantity"":0.15,""canonical_unit"":""kg"",""raw"":""150 g""}]",,,Bikava (Instantní kávovinový nápoj se sušeným mlékem a cukrem) (Krabička: 150 g) Tang / Krüger,ready,0.95,
seed-src-0160,seed_bezna_maloobchodni_baleni_kavy_caje_kakaa_instantnich_napoju_cesky_trh.pdf,3,4. KÁVOVINY A OSTATNÍ INSTANTNÍ NÁPOJE (Bez kofeinu),Potraviny,Káva a čaj,Tang,item_fallback,"Tang (Ovocný nápoj v prášku k rozpuštění v 1 l vody – Pomeranč, Citron, Jahoda, Multivitamín)",,"[{""quantity"":1.0,""unit"":""l"",""canonical_quantity"":1.0,""canonical_unit"":""l"",""raw"":""1 l""},{""quantity"":15.0,""unit"":""g"",""canonical_quantity"":0.015,""canonical_unit"":""kg"",""raw"":""15 g""}]",,,"Tang (Ovocný nápoj v prášku k rozpuštění v 1 l vody – Pomeranč, Citron, Jahoda, Multivitamín) (Sáček: 15 g)",ready,0.95,
seed-src-0161,seed_bezna_maloobchodni_baleni_kavy_caje_kakaa_instantnich_napoju_cesky_trh.pdf,3,4. KÁVOVINY A OSTATNÍ INSTANTNÍ NÁPOJE (Bez kofeinu),Potraviny,Káva a čaj,Krüger Instantní čajový nápoj,item_fallback,"Krüger Instantní čajový nápoj (Granulovaný sladký instantní čaj – Citron, Broskev, Divoká třešeň)",,"[{""quantity"":400.0,""unit"":""g"",""canonical_quantity"":0.4,""canonical_unit"":""kg"",""raw"":""400 g""}]",,,"Krüger Instantní čajový nápoj (Granulovaný sladký instantní čaj – Citron, Broskev, Divoká třešeň) (Dóza: 400 g)",ready,0.95,
seed-src-0162,seed_bezna_maloobchodni_baleni_konzervovanych_potravin_cesky_trh.pdf,1,"1. RYBÍ KONZERVY (Tuňáci, sardinky, šproty a makrely)",Potraviny,Konzervy,Rio Mare,group_fallback,Tuňák v olivovém oleji,,"[{""quantity"":80.0,""unit"":""g"",""canonical_quantity"":0.08,""canonical_unit"":""kg"",""raw"":""80 g""},{""quantity"":160.0,""unit"":""g"",""canonical_quantity"":0.16,""canonical_unit"":""kg"",""raw"":""160 g""}]",4,multipack,"Tuňák v olivovém oleji (Plechovka: 80 g / 160 g / Multi-pack: 2x, 3x, 4x80 g)",ready,0.95,
seed-src-0163,seed_bezna_maloobchodni_baleni_konzervovanych_potravin_cesky_trh.pdf,1,"1. RYBÍ KONZERVY (Tuňáci, sardinky, šproty a makrely)",Potraviny,Konzervy,Rio Mare,group_fallback,Tuňák ve vlastní šťávě,,"[{""quantity"":80.0,""unit"":""g"",""canonical_quantity"":0.08,""canonical_unit"":""kg"",""raw"":""80 g""},{""quantity"":160.0,""unit"":""g"",""canonical_quantity"":0.16,""canonical_unit"":""kg"",""raw"":""160 g""}]",,,Tuňák ve vlastní šťávě (Plechovka: 80 g / 160 g),ready,0.95,
seed-src-0164,seed_bezna_maloobchodni_baleni_konzervovanych_potravin_cesky_trh.pdf,1,"1. RYBÍ KONZERVY (Tuňáci, sardinky, šproty a makrely)",Potraviny,Konzervy,Rio Mare,group_fallback,"Insalatissime (Tuňákové saláty s kukuřicí, kuskusem, fazolemi či Mexický)",,"[{""quantity"":160.0,""unit"":""g"",""canonical_quantity"":0.16,""canonical_unit"":""kg"",""raw"":""160 g""}]",,,"Insalatissime (Tuňákové saláty s kukuřicí, kuskusem, fazolemi či Mexický) (Miska: 160 g)",ready,0.95,
seed-src-0165,seed_bezna_maloobchodni_baleni_konzervovanych_potravin_cesky_trh.pdf,1,"1. RYBÍ KONZERVY (Tuňáci, sardinky, šproty a makrely)",Potraviny,Konzervy,Rio Mare,group_fallback,Paté z tuňáka / lososa (Rybičková pomazánka v tubě),,"[{""quantity"":100.0,""unit"":""g"",""canonical_quantity"":0.1,""canonical_unit"":""kg"",""raw"":""100 g""}]",,,Paté z tuňáka / lososa (Rybičková pomazánka v tubě) (Tuba: 100 g),ready,0.95,
seed-src-0166,seed_bezna_maloobchodni_baleni_konzervovanych_potravin_cesky_trh.pdf,1,"1. RYBÍ KONZERVY (Tuňáci, sardinky, šproty a makrely)",Potraviny,Konzervy,Rio Mare,group_fallback,Filety z makrely v olivovém oleji / v rajčatové omáčce,,"[{""quantity"":120.0,""unit"":""g"",""canonical_quantity"":0.12,""canonical_unit"":""kg"",""raw"":""120 g""}]",,,Filety z makrely v olivovém oleji / v rajčatové omáčce (Plechovka: 120 g),ready,0.95,
seed-src-0167,seed_bezna_maloobchodni_baleni_konzervovanych_potravin_cesky_trh.pdf,1,"1. RYBÍ KONZERVY (Tuňáci, sardinky, šproty a makrely)",Potraviny,Konzervy,Kaiser Franz Josef,group_fallback,Tuňák steak ve slunečnicovém oleji / ve vlastní šťávě,,"[{""quantity"":80.0,""unit"":""g"",""canonical_quantity"":0.08,""canonical_unit"":""kg"",""raw"":""80 g""},{""quantity"":170.0,""unit"":""g"",""canonical_quantity"":0.17,""canonical_unit"":""kg"",""raw"":""170 g""}]",,,Tuňák steak ve slunečnicovém oleji / ve vlastní šťávě (Plechovka: 80 g / 170 g),ready,0.95,
seed-src-0168,seed_bezna_maloobchodni_baleni_konzervovanych_potravin_cesky_trh.pdf,1,"1. RYBÍ KONZERVY (Tuňáci, sardinky, šproty a makrely)",Potraviny,Konzervy,Kaiser Franz Josef,group_fallback,Tuňák kousky v rostlinném oleji / ve vlastní šťávě,,"[{""quantity"":170.0,""unit"":""g"",""canonical_quantity"":0.17,""canonical_unit"":""kg"",""raw"":""170 g""}]",,,Tuňák kousky v rostlinném oleji / ve vlastní šťávě (Plechovka: 170 g),ready,0.95,
seed-src-0169,seed_bezna_maloobchodni_baleni_konzervovanych_potravin_cesky_trh.pdf,1,"1. RYBÍ KONZERVY (Tuňáci, sardinky, šproty a makrely)",Potraviny,Konzervy,Kaiser Franz Josef,group_fallback,"Sardinky v olivovém / slunečnicovém oleji (s chilli, s citronem)",,"[{""quantity"":120.0,""unit"":""g"",""canonical_quantity"":0.12,""canonical_unit"":""kg"",""raw"":""120 g""}]",,,"Sardinky v olivovém / slunečnicovém oleji (s chilli, s citronem) (Plechovka: 120 g)",ready,0.95,
seed-src-0170,seed_bezna_maloobchodni_baleni_konzervovanych_potravin_cesky_trh.pdf,1,"1. RYBÍ KONZERVY (Tuňáci, sardinky, šproty a makrely)",Potraviny,Konzervy,Kaiser Franz Josef,group_fallback,Šproty uzené v oleji,,"[{""quantity"":160.0,""unit"":""g"",""canonical_quantity"":0.16,""canonical_unit"":""kg"",""raw"":""160 g""}]",,,Šproty uzené v oleji (Plechovka: 160 g),ready,0.95,
seed-src-0171,seed_bezna_maloobchodni_baleni_konzervovanych_potravin_cesky_trh.pdf,1,"1. RYBÍ KONZERVY (Tuňáci, sardinky, šproty a makrely)",Potraviny,Konzervy,Giana,group_fallback,Tuňák drcený v oleji / ve vlastní šťávě,,"[{""quantity"":185.0,""unit"":""g"",""canonical_quantity"":0.185,""canonical_unit"":""kg"",""raw"":""185 g""}]",,,Tuňák drcený v oleji / ve vlastní šťávě (Plechovka: 185 g),ready,0.95,
seed-src-0172,seed_bezna_maloobchodni_baleni_konzervovanych_potravin_cesky_trh.pdf,1,"1. RYBÍ KONZERVY (Tuňáci, sardinky, šproty a makrely)",Potraviny,Konzervy,Giana,group_fallback,Tuňák kousky v rostlinném oleji / ve vlastní šťávě,,"[{""quantity"":185.0,""unit"":""g"",""canonical_quantity"":0.185,""canonical_unit"":""kg"",""raw"":""185 g""}]",,,Tuňák kousky v rostlinném oleji / ve vlastní šťávě (Plechovka: 185 g),ready,0.95,
seed-src-0173,seed_bezna_maloobchodni_baleni_konzervovanych_potravin_cesky_trh.pdf,1,"1. RYBÍ KONZERVY (Tuňáci, sardinky, šproty a makrely)",Potraviny,Konzervy,Giana,group_fallback,Sardinky v tomatové omáčce / v oleji,,"[{""quantity"":125.0,""unit"":""g"",""canonical_quantity"":0.125,""canonical_unit"":""kg"",""raw"":""125 g""}]",,,Sardinky v tomatové omáčce / v oleji (Plechovka: 125 g),ready,0.95,
seed-src-0174,seed_bezna_maloobchodni_baleni_konzervovanych_potravin_cesky_trh.pdf,1,"1. RYBÍ KONZERVY (Tuňáci, sardinky, šproty a makrely)",Potraviny,Konzervy,Giana,group_fallback,Šproty v tomatové omáčce (Plechovka: 170 g) Nixe,,"[{""quantity"":170.0,""unit"":""g"",""canonical_quantity"":0.17,""canonical_unit"":""kg"",""raw"":""170 g""}]",,,Šproty v tomatové omáčce (Plechovka: 170 g) Nixe (Lidl),ready,0.95,
seed-src-0175,seed_bezna_maloobchodni_baleni_konzervovanych_potravin_cesky_trh.pdf,1,"1. RYBÍ KONZERVY (Tuňáci, sardinky, šproty a makrely)",Potraviny,Konzervy,Giana,group_fallback,Tuňák kousky ve slunečnicovém oleji / ve vlastní šťávě,,"[{""quantity"":185.0,""unit"":""g"",""canonical_quantity"":0.185,""canonical_unit"":""kg"",""raw"":""185 g""}]",,,Tuňák kousky ve slunečnicovém oleji / ve vlastní šťávě (Plechovka: 185 g),ready,0.95,
seed-src-0176,seed_bezna_maloobchodni_baleni_konzervovanych_potravin_cesky_trh.pdf,1,"1. RYBÍ KONZERVY (Tuňáci, sardinky, šproty a makrely)",Potraviny,Konzervy,Giana,group_fallback,Sleďové filety v tomatové / ananasové / curry omáčce,,"[{""quantity"":200.0,""unit"":""g"",""canonical_quantity"":0.2,""canonical_unit"":""kg"",""raw"":""200 g""}]",,,Sleďové filety v tomatové / ananasové / curry omáčce (Plechovka: 200 g),ready,0.95,
seed-src-0177,seed_bezna_maloobchodni_baleni_konzervovanych_potravin_cesky_trh.pdf,1,"1. RYBÍ KONZERVY (Tuňáci, sardinky, šproty a makrely)",Potraviny,Konzervy,Giana,group_fallback,Sardinky v oleji,,"[{""quantity"":125.0,""unit"":""g"",""canonical_quantity"":0.125,""canonical_unit"":""kg"",""raw"":""125 g""}]",,,Sardinky v oleji (Plechovka: 125 g),ready,0.95,
seed-src-0178,seed_bezna_maloobchodni_baleni_konzervovanych_potravin_cesky_trh.pdf,1,"1. RYBÍ KONZERVY (Tuňáci, sardinky, šproty a makrely)",Potraviny,Konzervy,K-Classic,group_match,K-Classic Tuňák kousky (slunečnicový olej / vlastní šťáva),,"[{""quantity"":185.0,""unit"":""g"",""canonical_quantity"":0.185,""canonical_unit"":""kg"",""raw"":""185 g""}]",,,K-Classic Tuňák kousky (slunečnicový olej / vlastní šťáva) (Plechovka: 185 g),ready,0.95,
seed-src-0179,seed_bezna_maloobchodni_baleni_konzervovanych_potravin_cesky_trh.pdf,1,"1. RYBÍ KONZERVY (Tuňáci, sardinky, šproty a makrely)",Potraviny,Konzervy,K-Classic,group_match,K-Classic Sardinky (v oleji / v tomatě),,"[{""quantity"":125.0,""unit"":""g"",""canonical_quantity"":0.125,""canonical_unit"":""kg"",""raw"":""125 g""}]",,,K-Classic Sardinky (v oleji / v tomatě) (Plechovka: 125 g),ready,0.95,
seed-src-0180,seed_bezna_maloobchodni_baleni_konzervovanych_potravin_cesky_trh.pdf,1,"1. RYBÍ KONZERVY (Tuňáci, sardinky, šproty a makrely)",Potraviny,Konzervy,K-Favourites,group_match,K-Favourites Filety z tuňáka v olivovém oleji,,"[{""quantity"":180.0,""unit"":""g"",""canonical_quantity"":0.18,""canonical_unit"":""kg"",""raw"":""180 g""}]",,,K-Favourites Filety z tuňáka v olivovém oleji (Sklenička: 180 g),ready,0.95,
seed-src-0181,seed_bezna_maloobchodni_baleni_konzervovanych_potravin_cesky_trh.pdf,1,"1. RYBÍ KONZERVY (Tuňáci, sardinky, šproty a makrely)",Potraviny,Konzervy,Albert,group_match,Albert Tuňák kousky (v rostlinném oleji / vlastní šťávě),,"[{""quantity"":185.0,""unit"":""g"",""canonical_quantity"":0.185,""canonical_unit"":""kg"",""raw"":""185 g""}]",,,Albert Tuňák kousky (v rostlinném oleji / vlastní šťávě) (Plechovka: 185 g),ready,0.95,
seed-src-0182,seed_bezna_maloobchodni_baleni_konzervovanych_potravin_cesky_trh.pdf,1,"1. RYBÍ KONZERVY (Tuňáci, sardinky, šproty a makrely)",Potraviny,Konzervy,Albert,group_match,Albert Sardinky v oleji,,"[{""quantity"":125.0,""unit"":""g"",""canonical_quantity"":0.125,""canonical_unit"":""kg"",""raw"":""125 g""}]",,,Albert Sardinky v oleji (Plechovka: 125 g),ready,0.95,
seed-src-0183,seed_bezna_maloobchodni_baleni_konzervovanych_potravin_cesky_trh.pdf,1,"1. RYBÍ KONZERVY (Tuňáci, sardinky, šproty a makrely)",Potraviny,Konzervy,Tesco,group_match,Tesco Tuňák drcený / kousky (standardní řada),,"[{""quantity"":185.0,""unit"":""g"",""canonical_quantity"":0.185,""canonical_unit"":""kg"",""raw"":""185 g""}]",,,Tesco Tuňák drcený / kousky (standardní řada) (Plechovka: 185 g),ready,0.95,
seed-src-0184,seed_bezna_maloobchodni_baleni_konzervovanych_potravin_cesky_trh.pdf,1,"1. RYBÍ KONZERVY (Tuňáci, sardinky, šproty a makrely)",Potraviny,Konzervy,Tesco Finest,group_match,Tesco Finest Steak z tuňáka v olivovém oleji,,"[{""quantity"":120.0,""unit"":""g"",""canonical_quantity"":0.12,""canonical_unit"":""kg"",""raw"":""120 g""}]",,,Tesco Finest Steak z tuňáka v olivovém oleji (Plechovka: 120 g),ready,0.95,
seed-src-0185,seed_bezna_maloobchodni_baleni_konzervovanych_potravin_cesky_trh.pdf,1,"2. STERILOVANÁ ZELENINA (Okurky, kukuřice, hrášek a směsi)",Potraviny,Konzervy,Bonduelle,group_fallback,Zlatá kukuřice (Vakuovaná – křehká),,"[{""quantity"":140.0,""unit"":""g"",""canonical_quantity"":0.14,""canonical_unit"":""kg"",""raw"":""140 g""},{""quantity"":340.0,""unit"":""g"",""canonical_quantity"":0.34,""canonical_unit"":""kg"",""raw"":""340 g""},{""quantity"":425.0,""unit"":""ml"",""canonical_quantity"":0.425,""canonical_unit"":""l"",""raw"":""425 ml""}]",,,Zlatá kukuřice (Vakuovaná – křehká) (Plechovka: 140 g / 340 g / 425 ml),ready,0.95,
seed-src-0186,seed_bezna_maloobchodni_baleni_konzervovanych_potravin_cesky_trh.pdf,1,"2. STERILOVANÁ ZELENINA (Okurky, kukuřice, hrášek a směsi)",Potraviny,Konzervy,Bonduelle,group_fallback,Hrášek velmi jemný,,"[{""quantity"":200.0,""unit"":""g"",""canonical_quantity"":0.2,""canonical_unit"":""kg"",""raw"":""200 g""},{""quantity"":400.0,""unit"":""g"",""canonical_quantity"":0.4,""canonical_unit"":""kg"",""raw"":""400 g""}]",,,Hrášek velmi jemný (Plechovka: 200 g / 400 g),ready,0.95,
seed-src-0187,seed_bezna_maloobchodni_baleni_konzervovanych_potravin_cesky_trh.pdf,1,"2. STERILOVANÁ ZELENINA (Okurky, kukuřice, hrášek a směsi)",Potraviny,Konzervy,Bonduelle,group_fallback,"Créatif směsi (Mexico s kukuřicí a paprikou, Texas, Trio)",,"[{""quantity"":425.0,""unit"":""ml"",""canonical_quantity"":0.425,""canonical_unit"":""l"",""raw"":""425 ml""}]",,,"Créatif směsi (Mexico s kukuřicí a paprikou, Texas, Trio) (Plechovka: 425 ml)",ready,0.95,
seed-src-0188,seed_bezna_maloobchodni_baleni_konzervovanych_potravin_cesky_trh.pdf,2,"2. STERILOVANÁ ZELENINA (Okurky, kukuřice, hrášek a směsi)",Potraviny,Konzervy,Bonduelle,group_fallback,Celer strouhaný / Mrkev jemná strouhaná,,"[{""quantity"":330.0,""unit"":""g"",""canonical_quantity"":0.33,""canonical_unit"":""kg"",""raw"":""330 g""}]",,,Celer strouhaný / Mrkev jemná strouhaná (Sklenice: 330 g),ready,0.95,
seed-src-0189,seed_bezna_maloobchodni_baleni_konzervovanych_potravin_cesky_trh.pdf,2,"2. STERILOVANÁ ZELENINA (Okurky, kukuřice, hrášek a směsi)",Potraviny,Konzervy,Znojmia,group_match,Znojmia Okurky sterilované ve sladkokyselém nálevu,,"[{""quantity"":520.0,""unit"":""g"",""canonical_quantity"":0.52,""canonical_unit"":""kg"",""raw"":""520 g""},{""quantity"":670.0,""unit"":""g"",""canonical_quantity"":0.67,""canonical_unit"":""kg"",""raw"":""670 g""}]",,,Znojmia Okurky sterilované ve sladkokyselém nálevu (Sklenice: 520 g / 670 g),ready,0.95,
seed-src-0190,seed_bezna_maloobchodni_baleni_konzervovanych_potravin_cesky_trh.pdf,2,"2. STERILOVANÁ ZELENINA (Okurky, kukuřice, hrášek a směsi)",Potraviny,Konzervy,Hamé,group_match,Hamé Směs do bramborového salátu / Kunovjanka / Moravanka,,"[{""quantity"":330.0,""unit"":""g"",""canonical_quantity"":0.33,""canonical_unit"":""kg"",""raw"":""330 g""},{""quantity"":340.0,""unit"":""g"",""canonical_quantity"":0.34,""canonical_unit"":""kg"",""raw"":""340 g""}]",,,Hamé Směs do bramborového salátu / Kunovjanka / Moravanka (Sklenice: 330 g / 340 g),ready,0.95,
seed-src-0191,seed_bezna_maloobchodni_baleni_konzervovanych_potravin_cesky_trh.pdf,2,"2. STERILOVANÁ ZELENINA (Okurky, kukuřice, hrášek a směsi)",Potraviny,Konzervy,Hamé,group_match,Hamé Halali (Směs pod svíčkovou),,"[{""quantity"":320.0,""unit"":""g"",""canonical_quantity"":0.32,""canonical_unit"":""kg"",""raw"":""320 g""}]",,,Hamé Halali (Směs pod svíčkovou) (Sklenice: 320 g),ready,0.95,
seed-src-0192,seed_bezna_maloobchodni_baleni_konzervovanych_potravin_cesky_trh.pdf,2,"2. STERILOVANÁ ZELENINA (Okurky, kukuřice, hrášek a směsi)",Potraviny,Konzervy,Hamé,group_match,Hamé Kysané zelí / Červené zelí sterilované,,"[{""quantity"":640.0,""unit"":""g"",""canonical_quantity"":0.64,""canonical_unit"":""kg"",""raw"":""640 g""},{""quantity"":500.0,""unit"":""g"",""canonical_quantity"":0.5,""canonical_unit"":""kg"",""raw"":""500 g""}]",,,Hamé Kysané zelí / Červené zelí sterilované (Sklenice: 640 g / Sáček: 500 g),ready,0.95,
seed-src-0193,seed_bezna_maloobchodni_baleni_konzervovanych_potravin_cesky_trh.pdf,2,"2. STERILOVANÁ ZELENINA (Okurky, kukuřice, hrášek a směsi)",Potraviny,Konzervy,Efko,group_match,Efko Okurky lahůdkové,,"[{""quantity"":530.0,""unit"":""g"",""canonical_quantity"":0.53,""canonical_unit"":""kg"",""raw"":""530 g""},{""quantity"":720.0,""unit"":""ml"",""canonical_quantity"":0.72,""canonical_unit"":""l"",""raw"":""720 ml""}]",,,Efko Okurky lahůdkové (Sklenice: 530 g / 720 ml),ready,0.95,
seed-src-0194,seed_bezna_maloobchodni_baleni_konzervovanych_potravin_cesky_trh.pdf,2,"2. STERILOVANÁ ZELENINA (Okurky, kukuřice, hrášek a směsi)",Potraviny,Konzervy,Efko,group_match,Efko Stříbřité cibulky,,"[{""quantity"":330.0,""unit"":""g"",""canonical_quantity"":0.33,""canonical_unit"":""kg"",""raw"":""330 g""}]",,,Efko Stříbřité cibulky (Sklenice: 330 g),ready,0.95,
seed-src-0195,seed_bezna_maloobchodni_baleni_konzervovanych_potravin_cesky_trh.pdf,2,"2. STERILOVANÁ ZELENINA (Okurky, kukuřice, hrášek a směsi)",Potraviny,Konzervy,Efko,group_match,Efko Feferony beraní rohy / Jalapeños (Sklenice: 330 g / 720 ml) Freshona,,"[{""quantity"":330.0,""unit"":""g"",""canonical_quantity"":0.33,""canonical_unit"":""kg"",""raw"":""330 g""},{""quantity"":720.0,""unit"":""ml"",""canonical_quantity"":0.72,""canonical_unit"":""l"",""raw"":""720 ml""}]",,,Efko Feferony beraní rohy / Jalapeños (Sklenice: 330 g / 720 ml) Freshona (Lidl),ready,0.95,
seed-src-0196,seed_bezna_maloobchodni_baleni_konzervovanych_potravin_cesky_trh.pdf,2,"2. STERILOVANÁ ZELENINA (Okurky, kukuřice, hrášek a směsi)",Potraviny,Konzervy,Efko,group_fallback,Hrášek s mrkví / Mladý hrášek,,"[{""quantity"":400.0,""unit"":""g"",""canonical_quantity"":0.4,""canonical_unit"":""kg"",""raw"":""400 g""},{""quantity"":425.0,""unit"":""ml"",""canonical_quantity"":0.425,""canonical_unit"":""l"",""raw"":""425 ml""}]",,,Hrášek s mrkví / Mladý hrášek (Plechovka: 400 g / 425 ml),ready,0.95,
seed-src-0197,seed_bezna_maloobchodni_baleni_konzervovanych_potravin_cesky_trh.pdf,2,"2. STERILOVANÁ ZELENINA (Okurky, kukuřice, hrášek a směsi)",Potraviny,Konzervy,Efko,group_fallback,Sladká kukuřice,,"[{""quantity"":340.0,""unit"":""g"",""canonical_quantity"":0.34,""canonical_unit"":""kg"",""raw"":""340 g""}]",,,Sladká kukuřice (Plechovka: 340 g),ready,0.95,
seed-src-0198,seed_bezna_maloobchodni_baleni_konzervovanych_potravin_cesky_trh.pdf,2,"2. STERILOVANÁ ZELENINA (Okurky, kukuřice, hrášek a směsi)",Potraviny,Konzervy,Efko,group_fallback,Sterilované okurky sladkokyselé,,"[{""quantity"":670.0,""unit"":""g"",""canonical_quantity"":0.67,""canonical_unit"":""kg"",""raw"":""670 g""}]",,,Sterilované okurky sladkokyselé (Sklenice: 670 g),ready,0.95,
seed-src-0199,seed_bezna_maloobchodni_baleni_konzervovanych_potravin_cesky_trh.pdf,2,"2. STERILOVANÁ ZELENINA (Okurky, kukuřice, hrášek a směsi)",Potraviny,Konzervy,K-Classic,group_match,K-Classic Kukuřice sladká,,"[{""quantity"":340.0,""unit"":""g"",""canonical_quantity"":0.34,""canonical_unit"":""kg"",""raw"":""340 g""}]",,,K-Classic Kukuřice sladká (Plechovka: 340 g),ready,0.95,
seed-src-0200,seed_bezna_maloobchodni_baleni_konzervovanych_potravin_cesky_trh.pdf,2,"2. STERILOVANÁ ZELENINA (Okurky, kukuřice, hrášek a směsi)",Potraviny,Konzervy,K-Classic,group_match,K-Classic Hrášek jemný,,"[{""quantity"":400.0,""unit"":""g"",""canonical_quantity"":0.4,""canonical_unit"":""kg"",""raw"":""400 g""}]",,,K-Classic Hrášek jemný (Plechovka: 400 g),ready,0.95,
seed-src-0201,seed_bezna_maloobchodni_baleni_konzervovanych_potravin_cesky_trh.pdf,2,"2. STERILOVANÁ ZELENINA (Okurky, kukuřice, hrášek a směsi)",Potraviny,Konzervy,K-Classic,group_match,K-Classic Drcené kysané zelí,,"[{""quantity"":850.0,""unit"":""ml"",""canonical_quantity"":0.85,""canonical_unit"":""l"",""raw"":""850 ml""}]",,,K-Classic Drcené kysané zelí (Plechovka: 850 ml),ready,0.95,
seed-src-0202,seed_bezna_maloobchodni_baleni_konzervovanych_potravin_cesky_trh.pdf,2,"2. STERILOVANÁ ZELENINA (Okurky, kukuřice, hrášek a směsi)",Potraviny,Konzervy,Albert,group_match,Albert Mladý hrášek / Kukuřice,,"[{""quantity"":400.0,""unit"":""g"",""canonical_quantity"":0.4,""canonical_unit"":""kg"",""raw"":""400 g""},{""quantity"":340.0,""unit"":""g"",""canonical_quantity"":0.34,""canonical_unit"":""kg"",""raw"":""340 g""}]",,,Albert Mladý hrášek / Kukuřice (Plechovka: 400 g / 340 g),ready,0.95,
seed-src-0203,seed_bezna_maloobchodni_baleni_konzervovanych_potravin_cesky_trh.pdf,2,"2. STERILOVANÁ ZELENINA (Okurky, kukuřice, hrášek a směsi)",Potraviny,Konzervy,Albert,group_match,Albert Okurky ve sladkokyselém nálevu,,"[{""quantity"":670.0,""unit"":""g"",""canonical_quantity"":0.67,""canonical_unit"":""kg"",""raw"":""670 g""}]",,,Albert Okurky ve sladkokyselém nálevu (Sklenice: 670 g),ready,0.95,
seed-src-0204,seed_bezna_maloobchodni_baleni_konzervovanych_potravin_cesky_trh.pdf,2,"2. STERILOVANÁ ZELENINA (Okurky, kukuřice, hrášek a směsi)",Potraviny,Konzervy,Tesco,group_match,Tesco Kukuřice / Hrášek jemný,,"[{""quantity"":340.0,""unit"":""g"",""canonical_quantity"":0.34,""canonical_unit"":""kg"",""raw"":""340 g""},{""quantity"":400.0,""unit"":""g"",""canonical_quantity"":0.4,""canonical_unit"":""kg"",""raw"":""400 g""}]",,,Tesco Kukuřice / Hrášek jemný (Plechovka: 340 g / 400 g),ready,0.95,
seed-src-0205,seed_bezna_maloobchodni_baleni_konzervovanych_potravin_cesky_trh.pdf,2,"2. STERILOVANÁ ZELENINA (Okurky, kukuřice, hrášek a směsi)",Potraviny,Konzervy,Tesco,group_match,Tesco Směs do bramborového salátu,,"[{""quantity"":330.0,""unit"":""g"",""canonical_quantity"":0.33,""canonical_unit"":""kg"",""raw"":""330 g""}]",,,Tesco Směs do bramborového salátu (Sklenice: 330 g),ready,0.95,
seed-src-0206,seed_bezna_maloobchodni_baleni_konzervovanych_potravin_cesky_trh.pdf,2,3. LOUPANÁ RAJČATA A PROTLAKY,Potraviny,Konzervy,Cirio,group_match,Cirio Pelati (Celá loupaná rajčata v rajčatové šťávě),,"[{""quantity"":400.0,""unit"":""g"",""canonical_quantity"":0.4,""canonical_unit"":""kg"",""raw"":""400 g""}]",,,Cirio Pelati (Celá loupaná rajčata v rajčatové šťávě) (Plechovka: 400 g),ready,0.95,
seed-src-0207,seed_bezna_maloobchodni_baleni_konzervovanych_potravin_cesky_trh.pdf,2,3. LOUPANÁ RAJČATA A PROTLAKY,Potraviny,Konzervy,Cirio,group_match,Cirio Polpa (Jemně krájená rajčata),,"[{""quantity"":400.0,""unit"":""g"",""canonical_quantity"":0.4,""canonical_unit"":""kg"",""raw"":""400 g""}]",4,multipack,"Cirio Polpa (Jemně krájená rajčata) (Plechovka: 400 g / Multi-pack: 2x, 4x400 g)",ready,0.95,
seed-src-0208,seed_bezna_maloobchodni_baleni_konzervovanych_potravin_cesky_trh.pdf,2,3. LOUPANÁ RAJČATA A PROTLAKY,Potraviny,Konzervy,Cirio,group_match,Cirio Passata (Rajčatové pyré),,"[{""quantity"":700.0,""unit"":""g"",""canonical_quantity"":0.7,""canonical_unit"":""kg"",""raw"":""700 g""},{""quantity"":500.0,""unit"":""g"",""canonical_quantity"":0.5,""canonical_unit"":""kg"",""raw"":""500 g""}]",,,Cirio Passata (Rajčatové pyré) (Skleněná láhev: 700 g / Tetrapak: 500 g),ready,0.95,
seed-src-0209,seed_bezna_maloobchodni_baleni_konzervovanych_potravin_cesky_trh.pdf,2,3. LOUPANÁ RAJČATA A PROTLAKY,Potraviny,Konzervy,Valfrutta,group_match,Valfrutta Krájená rajčata (Plechovka: 400 g) Giana / Podravka,,"[{""quantity"":400.0,""unit"":""g"",""canonical_quantity"":0.4,""canonical_unit"":""kg"",""raw"":""400 g""}]",,,Valfrutta Krájená rajčata (Plechovka: 400 g) Giana / Podravka,ready,0.95,
seed-src-0210,seed_bezna_maloobchodni_baleni_konzervovanych_potravin_cesky_trh.pdf,2,3. LOUPANÁ RAJČATA A PROTLAKY,Potraviny,Konzervy,Cirio,group_fallback,Giana Rajčata loupaná celá / krájená,,"[{""quantity"":400.0,""unit"":""g"",""canonical_quantity"":0.4,""canonical_unit"":""kg"",""raw"":""400 g""}]",,,Giana Rajčata loupaná celá / krájená (Plechovka: 400 g),ready,0.95,
seed-src-0211,seed_bezna_maloobchodni_baleni_konzervovanych_potravin_cesky_trh.pdf,2,3. LOUPANÁ RAJČATA A PROTLAKY,Potraviny,Konzervy,Cirio,group_fallback,Giana Rajčatový protlak zahuštěný,,"[{""quantity"":70.0,""unit"":""g"",""canonical_quantity"":0.07,""canonical_unit"":""kg"",""raw"":""70 g""},{""quantity"":140.0,""unit"":""g"",""canonical_quantity"":0.14,""canonical_unit"":""kg"",""raw"":""140 g""}]",,,Giana Rajčatový protlak zahuštěný (Plechovka: 70 g / 140 g),ready,0.95,
seed-src-0212,seed_bezna_maloobchodni_baleni_konzervovanych_potravin_cesky_trh.pdf,2,3. LOUPANÁ RAJČATA A PROTLAKY,Potraviny,Konzervy,Cirio,group_fallback,Podravka Krájená rajčata s bazalkou / s česnekem (Plechovka: 400 g) Baresa / Combino,,"[{""quantity"":400.0,""unit"":""g"",""canonical_quantity"":0.4,""canonical_unit"":""kg"",""raw"":""400 g""}]",,,Podravka Krájená rajčata s bazalkou / s česnekem (Plechovka: 400 g) Baresa / Combino (Lidl),ready,0.95,
seed-src-0213,seed_bezna_maloobchodni_baleni_konzervovanych_potravin_cesky_trh.pdf,2,3. LOUPANÁ RAJČATA A PROTLAKY,Potraviny,Konzervy,Cirio,group_fallback,Krájená rajčata v rajčatové šťávě,,"[{""quantity"":400.0,""unit"":""g"",""canonical_quantity"":0.4,""canonical_unit"":""kg"",""raw"":""400 g""}]",,,Krájená rajčata v rajčatové šťávě (Plechovka: 400 g),ready,0.95,
seed-src-0214,seed_bezna_maloobchodni_baleni_konzervovanych_potravin_cesky_trh.pdf,2,3. LOUPANÁ RAJČATA A PROTLAKY,Potraviny,Konzervy,Cirio,group_fallback,Rajčatová passata,,"[{""quantity"":500.0,""unit"":""g"",""canonical_quantity"":0.5,""canonical_unit"":""kg"",""raw"":""500 g""}]",,,Rajčatová passata (Tetrapak: 500 g),ready,0.95,
seed-src-0215,seed_bezna_maloobchodni_baleni_konzervovanych_potravin_cesky_trh.pdf,2,3. LOUPANÁ RAJČATA A PROTLAKY,Potraviny,Konzervy,K-Classic,group_match,K-Classic Krájená / Celá loupaná rajčata,,"[{""quantity"":400.0,""unit"":""g"",""canonical_quantity"":0.4,""canonical_unit"":""kg"",""raw"":""400 g""}]",,,K-Classic Krájená / Celá loupaná rajčata (Plechovka: 400 g),ready,0.95,
seed-src-0216,seed_bezna_maloobchodni_baleni_konzervovanych_potravin_cesky_trh.pdf,2,3. LOUPANÁ RAJČATA A PROTLAKY,Potraviny,Konzervy,K-Bio,group_match,K-Bio Passata Rustica,,"[{""quantity"":700.0,""unit"":""g"",""canonical_quantity"":0.7,""canonical_unit"":""kg"",""raw"":""700 g""}]",,,K-Bio Passata Rustica (Skleněná láhev: 700 g),ready,0.95,
seed-src-0217,seed_bezna_maloobchodni_baleni_konzervovanych_potravin_cesky_trh.pdf,3,3. LOUPANÁ RAJČATA A PROTLAKY,Potraviny,Konzervy,Albert,group_match,Albert Krájená rajčata loupaná,,"[{""quantity"":400.0,""unit"":""g"",""canonical_quantity"":0.4,""canonical_unit"":""kg"",""raw"":""400 g""}]",,,Albert Krájená rajčata loupaná (Plechovka: 400 g),ready,0.95,
seed-src-0218,seed_bezna_maloobchodni_baleni_konzervovanych_potravin_cesky_trh.pdf,3,3. LOUPANÁ RAJČATA A PROTLAKY,Potraviny,Konzervy,Kitchin,group_match,Kitchin Rajčatový protlak dvakrát zahuštěný,,"[{""quantity"":140.0,""unit"":""g"",""canonical_quantity"":0.14,""canonical_unit"":""kg"",""raw"":""140 g""}]",,,Kitchin Rajčatový protlak dvakrát zahuštěný (Plechovka: 140 g),ready,0.95,
seed-src-0219,seed_bezna_maloobchodni_baleni_konzervovanych_potravin_cesky_trh.pdf,3,4. LUŠTĚNINY V NÁLEVU (Okamžitá spotřeba bez vaření),Potraviny,Konzervy,Bonduelle,group_fallback,Cizrna Vapeur,,"[{""quantity"":310.0,""unit"":""ml"",""canonical_quantity"":0.31,""canonical_unit"":""l"",""raw"":""310 ml""}]",,,Cizrna Vapeur (Plechovka: 310 ml),ready,0.95,
seed-src-0220,seed_bezna_maloobchodni_baleni_konzervovanych_potravin_cesky_trh.pdf,3,4. LUŠTĚNINY V NÁLEVU (Okamžitá spotřeba bez vaření),Potraviny,Konzervy,Bonduelle,group_fallback,Fazole červené Kidney Vapeur,,"[{""quantity"":310.0,""unit"":""ml"",""canonical_quantity"":0.31,""canonical_unit"":""l"",""raw"":""310 ml""}]",,,Fazole červené Kidney Vapeur (Plechovka: 310 ml),ready,0.95,
seed-src-0221,seed_bezna_maloobchodni_baleni_konzervovanych_potravin_cesky_trh.pdf,3,4. LUŠTĚNINY V NÁLEVU (Okamžitá spotřeba bez vaření),Potraviny,Konzervy,Bonduelle,group_fallback,Fazole bílé v rajčatové omáčce (Plechovka: 430 ml) Giana,,"[{""quantity"":430.0,""unit"":""ml"",""canonical_quantity"":0.43,""canonical_unit"":""l"",""raw"":""430 ml""}]",,,Fazole bílé v rajčatové omáčce (Plechovka: 430 ml) Giana,ready,0.95,
seed-src-0222,seed_bezna_maloobchodni_baleni_konzervovanych_potravin_cesky_trh.pdf,3,4. LUŠTĚNINY V NÁLEVU (Okamžitá spotřeba bez vaření),Potraviny,Konzervy,Bonduelle,group_fallback,Červené fazole Kidney ve slaném nálevu,,"[{""quantity"":400.0,""unit"":""g"",""canonical_quantity"":0.4,""canonical_unit"":""kg"",""raw"":""400 g""}]",,,Červené fazole Kidney ve slaném nálevu (Plechovka: 400 g),ready,0.95,
seed-src-0223,seed_bezna_maloobchodni_baleni_konzervovanych_potravin_cesky_trh.pdf,3,4. LUŠTĚNINY V NÁLEVU (Okamžitá spotřeba bez vaření),Potraviny,Konzervy,Bonduelle,group_fallback,Bílé fazole v rajčatové omáčce (Baked Beans),,"[{""quantity"":415.0,""unit"":""g"",""canonical_quantity"":0.415,""canonical_unit"":""kg"",""raw"":""415 g""}]",,,Bílé fazole v rajčatové omáčce (Baked Beans) (Plechovka: 415 g),ready,0.95,
seed-src-0224,seed_bezna_maloobchodni_baleni_konzervovanych_potravin_cesky_trh.pdf,3,4. LUŠTĚNINY V NÁLEVU (Okamžitá spotřeba bez vaření),Potraviny,Konzervy,Bonduelle,group_fallback,Cizrna v mírně slaném nálevu (Plechovka: 400 g) Freshona / Campo Largo,,"[{""quantity"":400.0,""unit"":""g"",""canonical_quantity"":0.4,""canonical_unit"":""kg"",""raw"":""400 g""}]",,,Cizrna v mírně slaném nálevu (Plechovka: 400 g) Freshona / Campo Largo (Lidl),ready,0.95,
seed-src-0225,seed_bezna_maloobchodni_baleni_konzervovanych_potravin_cesky_trh.pdf,3,4. LUŠTĚNINY V NÁLEVU (Okamžitá spotřeba bez vaření),Potraviny,Konzervy,Bonduelle,group_fallback,Červené fazole Kidney,,"[{""quantity"":400.0,""unit"":""g"",""canonical_quantity"":0.4,""canonical_unit"":""kg"",""raw"":""400 g""}]",,,Červené fazole Kidney (Plechovka: 400 g),ready,0.95,
seed-src-0226,seed_bezna_maloobchodni_baleni_konzervovanych_potravin_cesky_trh.pdf,3,4. LUŠTĚNINY V NÁLEVU (Okamžitá spotřeba bez vaření),Potraviny,Konzervy,Bonduelle,group_fallback,Cizrna ve slaném nálevu,,"[{""quantity"":400.0,""unit"":""g"",""canonical_quantity"":0.4,""canonical_unit"":""kg"",""raw"":""400 g""}]",,,Cizrna ve slaném nálevu (Plechovka: 400 g),ready,0.95,
seed-src-0227,seed_bezna_maloobchodni_baleni_konzervovanych_potravin_cesky_trh.pdf,3,4. LUŠTĚNINY V NÁLEVU (Okamžitá spotřeba bez vaření),Potraviny,Konzervy,Bonduelle,group_fallback,Čočka v nálevu se zeleninou,,"[{""quantity"":400.0,""unit"":""g"",""canonical_quantity"":0.4,""canonical_unit"":""kg"",""raw"":""400 g""}]",,,Čočka v nálevu se zeleninou (Plechovka: 400 g),ready,0.95,
seed-src-0228,seed_bezna_maloobchodni_baleni_konzervovanych_potravin_cesky_trh.pdf,3,4. LUŠTĚNINY V NÁLEVU (Okamžitá spotřeba bez vaření),Potraviny,Konzervy,K-Classic,group_match,K-Classic Bílé fazole jemné,,"[{""quantity"":400.0,""unit"":""g"",""canonical_quantity"":0.4,""canonical_unit"":""kg"",""raw"":""400 g""}]",,,K-Classic Bílé fazole jemné (Plechovka: 400 g),ready,0.95,
seed-src-0229,seed_bezna_maloobchodni_baleni_konzervovanych_potravin_cesky_trh.pdf,3,4. LUŠTĚNINY V NÁLEVU (Okamžitá spotřeba bez vaření),Potraviny,Konzervy,K-Bio,group_match,K-Bio Cizrna v nálevu,,"[{""quantity"":400.0,""unit"":""g"",""canonical_quantity"":0.4,""canonical_unit"":""kg"",""raw"":""400 g""}]",,,K-Bio Cizrna v nálevu (Plechovka: 400 g),ready,0.95,
seed-src-0230,seed_bezna_maloobchodni_baleni_konzervovanych_potravin_cesky_trh.pdf,3,4. LUŠTĚNINY V NÁLEVU (Okamžitá spotřeba bez vaření),Potraviny,Konzervy,Albert,group_match,Albert Fazole červené / Cizrna,,"[{""quantity"":400.0,""unit"":""g"",""canonical_quantity"":0.4,""canonical_unit"":""kg"",""raw"":""400 g""}]",,,Albert Fazole červené / Cizrna (Plechovka: 400 g),ready,0.95,
seed-src-0231,seed_bezna_maloobchodni_baleni_konzervovanych_potravin_cesky_trh.pdf,3,4. LUŠTĚNINY V NÁLEVU (Okamžitá spotřeba bez vaření),Potraviny,Konzervy,Tesco,group_match,"Tesco Bílé fazole v tomatové omáčce (Plechovka: 420 g) databáze je vhodné zachovat značku, produkt, velikost balení, jednotku a případný multipack.",,"[{""quantity"":420.0,""unit"":""g"",""canonical_quantity"":0.42,""canonical_unit"":""kg"",""raw"":""420 g""}]",,,"Tesco Bílé fazole v tomatové omáčce (Plechovka: 420 g) databáze je vhodné zachovat značku, produkt, velikost balení, jednotku a případný multipack.",ready,0.95,
seed-src-0239,seed_bezna_maloobchodni_baleni_kosmetiky_a_osobni_hygieny_cesky_trh.pdf,1,"1. PÉČE O VLASY (Šampony, kondicionéry a styling)",Drogerie,Kosmetika,Nivea,group_match,"Nivea Šampon a kondicionér (Hair Milk, Volume Miracle, Diamond Gloss)",,"[{""quantity"":200.0,""unit"":""ml"",""canonical_quantity"":0.2,""canonical_unit"":""l"",""raw"":""200 ml""},{""quantity"":250.0,""unit"":""ml"",""canonical_quantity"":0.25,""canonical_unit"":""l"",""raw"":""250 ml""},{""quantity"":400.0,""unit"":""ml"",""canonical_quantity"":0.4,""canonical_unit"":""l"",""raw"":""400 ml""}]",,,"Nivea Šampon a kondicionér (Hair Milk, Volume Miracle, Diamond Gloss) (Láhev: 200 ml / 250 ml / 400 ml)",ready,0.95,
seed-src-0240,seed_bezna_maloobchodni_baleni_kosmetiky_a_osobni_hygieny_cesky_trh.pdf,1,"1. PÉČE O VLASY (Šampony, kondicionéry a styling)",Drogerie,Kosmetika,Schauma,group_match,"Schauma (Tradiční rodinné šampony: 7 Bylin, For Men s chmelem, Q10, Repair & Care)",,"[{""quantity"":250.0,""unit"":""ml"",""canonical_quantity"":0.25,""canonical_unit"":""l"",""raw"":""250 ml""},{""quantity"":400.0,""unit"":""ml"",""canonical_quantity"":0.4,""canonical_unit"":""l"",""raw"":""400 ml""}]",,,"Schauma (Tradiční rodinné šampony: 7 Bylin, For Men s chmelem, Q10, Repair & Care) (Láhev: 250 ml / 400 ml)",ready,0.95,
seed-src-0241,seed_bezna_maloobchodni_baleni_kosmetiky_a_osobni_hygieny_cesky_trh.pdf,1,"1. PÉČE O VLASY (Šampony, kondicionéry a styling)",Drogerie,Kosmetika,Gliss,group_match,"Gliss (Koncern Schwarzkopf – regenerační řada: Ultimate Repair, Total Repair, Liquid Silk)",,"[{""quantity"":250.0,""unit"":""ml"",""canonical_quantity"":0.25,""canonical_unit"":""l"",""raw"":""250 ml""},{""quantity"":200.0,""unit"":""ml"",""canonical_quantity"":0.2,""canonical_unit"":""l"",""raw"":""200 ml""}]",,,"Gliss (Koncern Schwarzkopf – regenerační řada: Ultimate Repair, Total Repair, Liquid Silk) (Láhev: 250 ml / Kondicionér ve spreji: 200 ml)",ready,0.95,
seed-src-0242,seed_bezna_maloobchodni_baleni_kosmetiky_a_osobni_hygieny_cesky_trh.pdf,1,"1. PÉČE O VLASY (Šampony, kondicionéry a styling)",Drogerie,Kosmetika,Head & Shoulders,group_match,"Head & Shoulders (Šampony proti lupům: Classic Clean, Citrus Fresh, Menthol, Supreme)",,"[{""quantity"":250.0,""unit"":""ml"",""canonical_quantity"":0.25,""canonical_unit"":""l"",""raw"":""250 ml""},{""quantity"":400.0,""unit"":""ml"",""canonical_quantity"":0.4,""canonical_unit"":""l"",""raw"":""400 ml""},{""quantity"":900.0,""unit"":""ml"",""canonical_quantity"":0.9,""canonical_unit"":""l"",""raw"":""900 ml""}]",,,"Head & Shoulders (Šampony proti lupům: Classic Clean, Citrus Fresh, Menthol, Supreme) (Láhev: 250 ml / 400 ml / 900 ml s pumpičkou)",ready,0.95,
seed-src-0243,seed_bezna_maloobchodni_baleni_kosmetiky_a_osobni_hygieny_cesky_trh.pdf,1,"1. PÉČE O VLASY (Šampony, kondicionéry a styling)",Drogerie,Kosmetika,Pantene,group_match,"Pantene Pro-V (Intenzivní výživa: Intensive Repair, Aqualight, Color Protect)",,"[{""quantity"":250.0,""unit"":""ml"",""canonical_quantity"":0.25,""canonical_unit"":""l"",""raw"":""250 ml""},{""quantity"":400.0,""unit"":""ml"",""canonical_quantity"":0.4,""canonical_unit"":""l"",""raw"":""400 ml""}]",,,"Pantene Pro-V (Intenzivní výživa: Intensive Repair, Aqualight, Color Protect) (Láhev: 250 ml / 400 ml)",ready,0.95,
seed-src-0244,seed_bezna_maloobchodni_baleni_kosmetiky_a_osobni_hygieny_cesky_trh.pdf,1,"1. PÉČE O VLASY (Šampony, kondicionéry a styling)",Drogerie,Kosmetika,Elsève,group_match,"L'Oréal Paris Elsève (Color Vive na barvené vlasy, Dream Long na dlouhé vlasy, Total Repair 5)",,"[{""quantity"":250.0,""unit"":""ml"",""canonical_quantity"":0.25,""canonical_unit"":""l"",""raw"":""250 ml""},{""quantity"":400.0,""unit"":""ml"",""canonical_quantity"":0.4,""canonical_unit"":""l"",""raw"":""400 ml""}]",,,"L'Oréal Paris Elsève (Color Vive na barvené vlasy, Dream Long na dlouhé vlasy, Total Repair 5) (Láhev: 250 ml / 400 ml)",ready,0.95,
seed-src-0245,seed_bezna_maloobchodni_baleni_kosmetiky_a_osobni_hygieny_cesky_trh.pdf,1,"1. PÉČE O VLASY (Šampony, kondicionéry a styling)",Drogerie,Kosmetika,Taft,group_match,"Taft Lak na vlasy / Pěnové tužidlo (Power Activity, Ultra Control, Shine)",,"[{""quantity"":250.0,""unit"":""ml"",""canonical_quantity"":0.25,""canonical_unit"":""l"",""raw"":""250 ml""},{""quantity"":200.0,""unit"":""ml"",""canonical_quantity"":0.2,""canonical_unit"":""l"",""raw"":""200 ml""}]",,,"Taft Lak na vlasy / Pěnové tužidlo (Power Activity, Ultra Control, Shine) (Lak: 250 ml / Tužidlo: 200 ml)",ready,0.95,
seed-src-0246,seed_bezna_maloobchodni_baleni_kosmetiky_a_osobni_hygieny_cesky_trh.pdf,1,"1. PÉČE O VLASY (Šampony, kondicionéry a styling)",Drogerie,Kosmetika,Got2b,group_match,"Got2b (Gel na vlasy Glued, matující hlína Beach Matt, pudr pro objem Volumania) (Balení: 10 g až 150 ml) Balea (Drogerie DM) / Isana (Drogerie Rossmann) / Cien",,"[{""quantity"":10.0,""unit"":""g"",""canonical_quantity"":0.01,""canonical_unit"":""kg"",""raw"":""10 g""},{""quantity"":150.0,""unit"":""ml"",""canonical_quantity"":0.15,""canonical_unit"":""l"",""raw"":""150 ml""}]",,,"Got2b (Gel na vlasy Glued, matující hlína Beach Matt, pudr pro objem Volumania) (Balení: 10 g až 150 ml) Balea (Drogerie DM) / Isana (Drogerie Rossmann) / Cien (Lidl)",needs_review,0.7,range_or_open_ended_size
seed-src-0247,seed_bezna_maloobchodni_baleni_kosmetiky_a_osobni_hygieny_cesky_trh.pdf,1,"1. PÉČE O VLASY (Šampony, kondicionéry a styling)",Drogerie,Kosmetika,Taft,group_fallback,"Balea Šampon a kondicionér (Balea Professional, řady s vůní kokosu, vanilky či pro muže)",,"[{""quantity"":300.0,""unit"":""ml"",""canonical_quantity"":0.3,""canonical_unit"":""l"",""raw"":""300 ml""}]",,,"Balea Šampon a kondicionér (Balea Professional, řady s vůní kokosu, vanilky či pro muže) (Láhev: 300 ml)",ready,0.95,
seed-src-0248,seed_bezna_maloobchodni_baleni_kosmetiky_a_osobni_hygieny_cesky_trh.pdf,1,"1. PÉČE O VLASY (Šampony, kondicionéry a styling)",Drogerie,Kosmetika,Taft,group_fallback,"Isana Šampon (Bylinný, Proti lupům, Šetrný pro každodenní mytí)",,"[{""quantity"":300.0,""unit"":""ml"",""canonical_quantity"":0.3,""canonical_unit"":""l"",""raw"":""300 ml""}]",,,"Isana Šampon (Bylinný, Proti lupům, Šetrný pro každodenní mytí) (Láhev: 300 ml)",ready,0.95,
seed-src-0249,seed_bezna_maloobchodni_baleni_kosmetiky_a_osobni_hygieny_cesky_trh.pdf,1,"1. PÉČE O VLASY (Šampony, kondicionéry a styling)",Drogerie,Kosmetika,Taft,group_fallback,"Cien Šampon a balzám (Keratin, Provitamin, Cien Men)",,"[{""quantity"":250.0,""unit"":""ml"",""canonical_quantity"":0.25,""canonical_unit"":""l"",""raw"":""250 ml""},{""quantity"":300.0,""unit"":""ml"",""canonical_quantity"":0.3,""canonical_unit"":""l"",""raw"":""300 ml""}]",,,"Cien Šampon a balzám (Keratin, Provitamin, Cien Men) (Láhev: 250 ml / 300 ml)",ready,0.95,
seed-src-0250,seed_bezna_maloobchodni_baleni_kosmetiky_a_osobni_hygieny_cesky_trh.pdf,1,"2. PÉČE O TĚLO (Sprchové gely, tekutá mýdla a dezodoranty)",Drogerie,Kosmetika,Dove,group_match,"Dove Sprchový gel a pěna (Deeply Nourishing, Silk Glow, Gentle Scrub, Men+Care)",,"[{""quantity"":250.0,""unit"":""ml"",""canonical_quantity"":0.25,""canonical_unit"":""l"",""raw"":""250 ml""},{""quantity"":450.0,""unit"":""ml"",""canonical_quantity"":0.45,""canonical_unit"":""l"",""raw"":""450 ml""},{""quantity"":720.0,""unit"":""ml"",""canonical_quantity"":0.72,""canonical_unit"":""l"",""raw"":""720 ml""}]",,,"Dove Sprchový gel a pěna (Deeply Nourishing, Silk Glow, Gentle Scrub, Men+Care) (Láhev: 250 ml / 450 ml / 720 ml)",ready,0.95,
seed-src-0251,seed_bezna_maloobchodni_baleni_kosmetiky_a_osobni_hygieny_cesky_trh.pdf,1,"2. PÉČE O TĚLO (Sprchové gely, tekutá mýdla a dezodoranty)",Drogerie,Kosmetika,Dove,group_match,Dove Tekuté mýdlo (Krémové mýdlo s 1/4 hydratačního krému – náhradní náplň nebo pumpička),,"[{""quantity"":250.0,""unit"":""ml"",""canonical_quantity"":0.25,""canonical_unit"":""l"",""raw"":""250 ml""},{""quantity"":500.0,""unit"":""ml"",""canonical_quantity"":0.5,""canonical_unit"":""l"",""raw"":""500 ml""}]",,,Dove Tekuté mýdlo (Krémové mýdlo s 1/4 hydratačního krému – náhradní náplň nebo pumpička) (Pumpička: 250 ml / Náplň: 500 ml),ready,0.95,
seed-src-0252,seed_bezna_maloobchodni_baleni_kosmetiky_a_osobni_hygieny_cesky_trh.pdf,1,"2. PÉČE O TĚLO (Sprchové gely, tekutá mýdla a dezodoranty)",Drogerie,Kosmetika,Rexona,group_match,"Rexona (Antiperspiranty ve spreji, tuhé sticks a kuličky roll-on: Shower Clean, Maximum Protection, Invisible)",,"[{""quantity"":150.0,""unit"":""ml"",""canonical_quantity"":0.15,""canonical_unit"":""l"",""raw"":""150 ml""},{""quantity"":50.0,""unit"":""g"",""canonical_quantity"":0.05,""canonical_unit"":""kg"",""raw"":""50 g""}]",,,"Rexona (Antiperspiranty ve spreji, tuhé sticks a kuličky roll-on: Shower Clean, Maximum Protection, Invisible) (Sprej: 150 ml / Tuhý: 50 g)",ready,0.95,
seed-src-0253,seed_bezna_maloobchodni_baleni_kosmetiky_a_osobni_hygieny_cesky_trh.pdf,1,"2. PÉČE O TĚLO (Sprchové gely, tekutá mýdla a dezodoranty)",Drogerie,Kosmetika,Nivea,group_match,"Nivea Sprchový gel (Creme Care, Diamond Touch, Sport pro muže, Energy)",,"[{""quantity"":250.0,""unit"":""ml"",""canonical_quantity"":0.25,""canonical_unit"":""l"",""raw"":""250 ml""},{""quantity"":500.0,""unit"":""ml"",""canonical_quantity"":0.5,""canonical_unit"":""l"",""raw"":""500 ml""}]",,,"Nivea Sprchový gel (Creme Care, Diamond Touch, Sport pro muže, Energy) (Láhev: 250 ml / 500 ml)",ready,0.95,
seed-src-0254,seed_bezna_maloobchodni_baleni_kosmetiky_a_osobni_hygieny_cesky_trh.pdf,1,"2. PÉČE O TĚLO (Sprchové gely, tekutá mýdla a dezodoranty)",Drogerie,Kosmetika,Nivea,group_match,"Nivea Tělové mléko (Výživné tělové mléko pro suchou pokožku, zpevňující Q10)",,"[{""quantity"":250.0,""unit"":""ml"",""canonical_quantity"":0.25,""canonical_unit"":""l"",""raw"":""250 ml""},{""quantity"":400.0,""unit"":""ml"",""canonical_quantity"":0.4,""canonical_unit"":""l"",""raw"":""400 ml""}]",,,"Nivea Tělové mléko (Výživné tělové mléko pro suchou pokožku, zpevňující Q10) (Láhev: 250 ml / 400 ml)",ready,0.95,
seed-src-0255,seed_bezna_maloobchodni_baleni_kosmetiky_a_osobni_hygieny_cesky_trh.pdf,1,"2. PÉČE O TĚLO (Sprchové gely, tekutá mýdla a dezodoranty)",Drogerie,Kosmetika,Old Spice,group_match,"Old Spice (Pánské sprchové gely a tuhé dezodoranty: Whitewater, Wolfthorn, Captain) (Sprchový gel: 400 ml / Dezodorant: 50 ml nebo 70 ml) Balea (DM) / Isana (Rossmann) / Cien",,"[{""quantity"":400.0,""unit"":""ml"",""canonical_quantity"":0.4,""canonical_unit"":""l"",""raw"":""400 ml""},{""quantity"":50.0,""unit"":""ml"",""canonical_quantity"":0.05,""canonical_unit"":""l"",""raw"":""50 ml""},{""quantity"":70.0,""unit"":""ml"",""canonical_quantity"":0.07,""canonical_unit"":""l"",""raw"":""70 ml""}]",,,"Old Spice (Pánské sprchové gely a tuhé dezodoranty: Whitewater, Wolfthorn, Captain) (Sprchový gel: 400 ml / Dezodorant: 50 ml nebo 70 ml) Balea (DM) / Isana (Rossmann) / Cien (Lidl)",ready,0.95,
seed-src-0256,seed_bezna_maloobchodni_baleni_kosmetiky_a_osobni_hygieny_cesky_trh.pdf,1,"2. PÉČE O TĚLO (Sprchové gely, tekutá mýdla a dezodoranty)",Drogerie,Kosmetika,Nivea,group_fallback,"Balea Sprchový gel (Limitované ovocné edice, krémové gely, Balea Men)",,"[{""quantity"":300.0,""unit"":""ml"",""canonical_quantity"":0.3,""canonical_unit"":""l"",""raw"":""300 ml""}]",,,"Balea Sprchový gel (Limitované ovocné edice, krémové gely, Balea Men) (Láhev: 300 ml)",ready,0.95,
seed-src-0257,seed_bezna_maloobchodni_baleni_kosmetiky_a_osobni_hygieny_cesky_trh.pdf,1,"2. PÉČE O TĚLO (Sprchové gely, tekutá mýdla a dezodoranty)",Drogerie,Kosmetika,Nivea,group_fallback,"Balea Tekuté mýdlo náhradní náplň (Vůně aloe vera, mléko a med, exotické ovoce)",,"[{""quantity"":500.0,""unit"":""ml"",""canonical_quantity"":0.5,""canonical_unit"":""l"",""raw"":""500 ml""}]",,,"Balea Tekuté mýdlo náhradní náplň (Vůně aloe vera, mléko a med, exotické ovoce) (Sáček: 500 ml)",ready,0.95,
seed-src-0258,seed_bezna_maloobchodni_baleni_kosmetiky_a_osobni_hygieny_cesky_trh.pdf,1,"2. PÉČE O TĚLO (Sprchové gely, tekutá mýdla a dezodoranty)",Drogerie,Kosmetika,Nivea,group_fallback,Cien Sprchový gel / Tuhé mýdlo (Lidl),,"[{""quantity"":300.0,""unit"":""ml"",""canonical_quantity"":0.3,""canonical_unit"":""l"",""raw"":""300 ml""},{""quantity"":500.0,""unit"":""ml"",""canonical_quantity"":0.5,""canonical_unit"":""l"",""raw"":""500 ml""},{""quantity"":100.0,""unit"":""g"",""canonical_quantity"":0.1,""canonical_unit"":""kg"",""raw"":""100 g""}]",,,Cien Sprchový gel / Tuhé mýdlo (Lidl) (Láhev: 300 ml / 500 ml / Kostka: 100 g),ready,0.95,
seed-src-0259,seed_bezna_maloobchodni_baleni_kosmetiky_a_osobni_hygieny_cesky_trh.pdf,1,"3. ÚSTNÍ HYGIENA (Zubní pasty, kartáčky a ústní vody)",Drogerie,Hygiena,Colgate,group_match,"Colgate (Zubní pasty: Triple Action, Max White, Total, Herbal)",,"[{""quantity"":75.0,""unit"":""ml"",""canonical_quantity"":0.075,""canonical_unit"":""l"",""raw"":""75 ml""},{""quantity"":100.0,""unit"":""ml"",""canonical_quantity"":0.1,""canonical_unit"":""l"",""raw"":""100 ml""}]",,,"Colgate (Zubní pasty: Triple Action, Max White, Total, Herbal) (Tuba: 75 ml / 100 ml)",ready,0.95,
seed-src-0260,seed_bezna_maloobchodni_baleni_kosmetiky_a_osobni_hygieny_cesky_trh.pdf,1,"3. ÚSTNÍ HYGIENA (Zubní pasty, kartáčky a ústní vody)",Drogerie,Hygiena,Elmex,group_match,"Elmex (Specializovaná ochrana před kazem, Elmex Sensitive na citlivé zuby, Elmex Junior)",,"[{""quantity"":75.0,""unit"":""ml"",""canonical_quantity"":0.075,""canonical_unit"":""l"",""raw"":""75 ml""}]",,,"Elmex (Specializovaná ochrana před kazem, Elmex Sensitive na citlivé zuby, Elmex Junior) (Tuba: 75 ml)",ready,0.95,
seed-src-0261,seed_bezna_maloobchodni_baleni_kosmetiky_a_osobni_hygieny_cesky_trh.pdf,2,"3. ÚSTNÍ HYGIENA (Zubní pasty, kartáčky a ústní vody)",Drogerie,Hygiena,Meridol,group_match,Meridol (Zubní pasta a ústní voda na ochranu dásní při krvácení),,"[{""quantity"":75.0,""unit"":""ml"",""canonical_quantity"":0.075,""canonical_unit"":""l"",""raw"":""75 ml""},{""quantity"":400.0,""unit"":""ml"",""canonical_quantity"":0.4,""canonical_unit"":""l"",""raw"":""400 ml""}]",,,Meridol (Zubní pasta a ústní voda na ochranu dásní při krvácení) (Pasta: 75 ml / Ústní voda: 400 ml),ready,0.95,
seed-src-0262,seed_bezna_maloobchodni_baleni_kosmetiky_a_osobni_hygieny_cesky_trh.pdf,2,"3. ÚSTNÍ HYGIENA (Zubní pasty, kartáčky a ústní vody)",Drogerie,Hygiena,Sensodyne,group_match,"Sensodyne (Pro citlivé zuby: Fluoride, Repair & Protect, Whitening, Pronamel)",,"[{""quantity"":75.0,""unit"":""ml"",""canonical_quantity"":0.075,""canonical_unit"":""l"",""raw"":""75 ml""}]",,,"Sensodyne (Pro citlivé zuby: Fluoride, Repair & Protect, Whitening, Pronamel) (Tuba: 75 ml)",ready,0.95,
seed-src-0263,seed_bezna_maloobchodni_baleni_kosmetiky_a_osobni_hygieny_cesky_trh.pdf,2,"3. ÚSTNÍ HYGIENA (Zubní pasty, kartáčky a ústní vody)",Drogerie,Hygiena,Parodontax,group_match,Parodontax,,[],,,"Parodontax (Bylinné zubní pasty s obsahem minerálních solí na krvácení dásní: Fluoride, Whitening, Extra Fresh)",needs_review,0.7,no_explicit_package
seed-src-0264,seed_bezna_maloobchodni_baleni_kosmetiky_a_osobni_hygieny_cesky_trh.pdf,2,"3. ÚSTNÍ HYGIENA (Zubní pasty, kartáčky a ústní vody)",Drogerie,Hygiena,Listerine,group_match,"Listerine ústní voda (Cool Mint, Total Care, Green Tea, Teeth & Gum Defence)",,"[{""quantity"":250.0,""unit"":""ml"",""canonical_quantity"":0.25,""canonical_unit"":""l"",""raw"":""250 ml""},{""quantity"":500.0,""unit"":""ml"",""canonical_quantity"":0.5,""canonical_unit"":""l"",""raw"":""500 ml""},{""quantity"":1.0,""unit"":""l"",""canonical_quantity"":1.0,""canonical_unit"":""l"",""raw"":""1 l""}]",,,"Listerine ústní voda (Cool Mint, Total Care, Green Tea, Teeth & Gum Defence) (Láhev: 250 ml / 500 ml / 1 l)",ready,0.95,
seed-src-0265,seed_bezna_maloobchodni_baleni_kosmetiky_a_osobni_hygieny_cesky_trh.pdf,2,"3. ÚSTNÍ HYGIENA (Zubní pasty, kartáčky a ústní vody)",Drogerie,Hygiena,Dontodent (Drogerie DM),group_fallback,"Dontodent Zubní pasta (Kräuter bylinná, Clear Fresh, Sensitive, Brillant Weiss)",,"[{""quantity"":125.0,""unit"":""ml"",""canonical_quantity"":0.125,""canonical_unit"":""l"",""raw"":""125 ml""}]",,,"Dontodent Zubní pasta (Kräuter bylinná, Clear Fresh, Sensitive, Brillant Weiss) (Tuba: 125 ml)",ready,0.95,
seed-src-0266,seed_bezna_maloobchodni_baleni_kosmetiky_a_osobni_hygieny_cesky_trh.pdf,2,"3. ÚSTNÍ HYGIENA (Zubní pasty, kartáčky a ústní vody)",Drogerie,Hygiena,Dontodent (Drogerie DM),group_fallback,"Dontodent Ústní voda (Antibakteriální, Zubní ochrana)",,"[{""quantity"":500.0,""unit"":""ml"",""canonical_quantity"":0.5,""canonical_unit"":""l"",""raw"":""500 ml""}]",,,"Dontodent Ústní voda (Antibakteriální, Zubní ochrana) (Láhev: 500 ml)",ready,0.95,
seed-src-0267,seed_bezna_maloobchodni_baleni_kosmetiky_a_osobni_hygieny_cesky_trh.pdf,2,"3. ÚSTNÍ HYGIENA (Zubní pasty, kartáčky a ústní vody)",Drogerie,Hygiena,Procudent,group_match,Procudent Zubní pasta / Ústní voda (Rossmann),,"[{""quantity"":125.0,""unit"":""ml"",""canonical_quantity"":0.125,""canonical_unit"":""l"",""raw"":""125 ml""},{""quantity"":500.0,""unit"":""ml"",""canonical_quantity"":0.5,""canonical_unit"":""l"",""raw"":""500 ml""}]",,,Procudent Zubní pasta / Ústní voda (Rossmann) (Tuba: 125 ml / Láhev: 500 ml),ready,0.95,
seed-src-0268,seed_bezna_maloobchodni_baleni_kosmetiky_a_osobni_hygieny_cesky_trh.pdf,2,4. PÉČE O PLEŤ A DÁMSKÁ HYGIENA,Drogerie,Kosmetika,Garnier,group_match,"Garnier Micelární voda (3v1 pro citlivou pleť s růžovým víčkem, s olejem, s vitaminem C)",,"[{""quantity"":100.0,""unit"":""ml"",""canonical_quantity"":0.1,""canonical_unit"":""l"",""raw"":""100 ml""},{""quantity"":400.0,""unit"":""ml"",""canonical_quantity"":0.4,""canonical_unit"":""l"",""raw"":""400 ml""},{""quantity"":700.0,""unit"":""ml"",""canonical_quantity"":0.7,""canonical_unit"":""l"",""raw"":""700 ml""}]",,,"Garnier Micelární voda (3v1 pro citlivou pleť s růžovým víčkem, s olejem, s vitaminem C) (Láhev: 100 ml / 400 ml / 700 ml XXL)",ready,0.95,
seed-src-0269,seed_bezna_maloobchodni_baleni_kosmetiky_a_osobni_hygieny_cesky_trh.pdf,2,4. PÉČE O PLEŤ A DÁMSKÁ HYGIENA,Drogerie,Kosmetika,L'Oréal Paris,group_match,L'Oréal Paris Hyaluron Specialist / Revitalift (Pleťové krémy a séra proti stárnutí s kyselinou hyaluronovou a,,[],,,L'Oréal Paris Hyaluron Specialist / Revitalift (Pleťové krémy a séra proti stárnutí s kyselinou hyaluronovou a,needs_review,0.7,no_explicit_package
seed-src-0270,seed_bezna_maloobchodni_baleni_kosmetiky_a_osobni_hygieny_cesky_trh.pdf,2,4. PÉČE O PLEŤ A DÁMSKÁ HYGIENA,Drogerie,Kosmetika,Always,group_match,"Always Ultra (Dámské hygienické vložky s křidélky: Light, Normal, Long, Night)",,"[{""quantity"":40.0,""unit"":""ks"",""canonical_quantity"":40.0,""canonical_unit"":""ks"",""raw"":""40 ks""}]",,,"Always Ultra (Dámské hygienické vložky s křidélky: Light, Normal, Long, Night) (Balení: 7 až 40 ks)",needs_review,0.7,range_or_open_ended_size
seed-src-0271,seed_bezna_maloobchodni_baleni_kosmetiky_a_osobni_hygieny_cesky_trh.pdf,2,4. PÉČE O PLEŤ A DÁMSKÁ HYGIENA,Drogerie,Kosmetika,Kotex,group_match,"Kotex / Tampax (Hygienické tampony: Normal, Super, Mini / Tampony s aplikátorem)",,"[{""quantity"":32.0,""unit"":""ks"",""canonical_quantity"":32.0,""canonical_unit"":""ks"",""raw"":""32 ks""}]",,,"Kotex / Tampax (Hygienické tampony: Normal, Super, Mini / Tampony s aplikátorem) (Balení: 8 až 32 ks)",needs_review,0.7,range_or_open_ended_size
seed-src-0272,seed_bezna_maloobchodni_baleni_kosmetiky_a_osobni_hygieny_cesky_trh.pdf,2,4. PÉČE O PLEŤ A DÁMSKÁ HYGIENA,Drogerie,Kosmetika,Bel,group_match,Bel Premium Kosmetické vatové tampony (Kulaté ze směsi bavlny a mikrovlákna),,"[{""quantity"":80.0,""unit"":""ks"",""canonical_quantity"":80.0,""canonical_unit"":""ks"",""raw"":""80 ks""},{""quantity"":120.0,""unit"":""ks"",""canonical_quantity"":120.0,""canonical_unit"":""ks"",""raw"":""120 ks""}]",,,Bel Premium Kosmetické vatové tampony (Kulaté ze směsi bavlny a mikrovlákna) (Balení: 80 ks / 120 ks),ready,0.95,
seed-src-0273,seed_bezna_maloobchodni_baleni_kosmetiky_a_osobni_hygieny_cesky_trh.pdf,2,4. PÉČE O PLEŤ A DÁMSKÁ HYGIENA,Drogerie,Kosmetika,Linteo,group_match,Linteo Vlhčené odličovací ubrousky,,"[{""quantity"":25.0,""unit"":""ks"",""canonical_quantity"":25.0,""canonical_unit"":""ks"",""raw"":""25 ks""}]",,,Linteo Vlhčené odličovací ubrousky (Balení: 25 ks),ready,0.95,
seed-src-0274,seed_bezna_maloobchodni_baleni_kosmetiky_a_osobni_hygieny_cesky_trh.pdf,2,4. PÉČE O PLEŤ A DÁMSKÁ HYGIENA,Drogerie,Kosmetika,Jana,group_fallback,"Balea Hautrein (Řada na problematickou pleť: čisticí gel, náplasti na nos)",,"[{""quantity"":150.0,""unit"":""ml"",""canonical_quantity"":0.15,""canonical_unit"":""l"",""raw"":""150 ml""}]",,,"Balea Hautrein (Řada na problematickou pleť: čisticí gel, náplasti na nos) (Gel: 150 ml)",ready,0.95,
seed-src-0275,seed_bezna_maloobchodni_baleni_kosmetiky_a_osobni_hygieny_cesky_trh.pdf,2,4. PÉČE O PLEŤ A DÁMSKÁ HYGIENA,Drogerie,Kosmetika,Jana,group_fallback,"Alverde BIO pleťová kosmetika (Čisticí mléka, bio oleje, krémy s certifikací Natrue) (Kelímek: 50 ml) zachovávejte značku, produkt/variantu, velikost balení, jednotku, typ obalu a případně počet kusů.",,"[{""quantity"":50.0,""unit"":""ml"",""canonical_quantity"":0.05,""canonical_unit"":""l"",""raw"":""50 ml""}]",,,"Alverde BIO pleťová kosmetika (Čisticí mléka, bio oleje, krémy s certifikací Natrue) (Kelímek: 50 ml) zachovávejte značku, produkt/variantu, velikost balení, jednotku, typ obalu a případně počet kusů.",ready,0.95,
seed-src-0276,seed_bezna_maloobchodni_baleni_krmiv_a_chovatelskych_potreb_cesky_trh.pdf,1,1. PRÉMIOVÁ KRMIVA A VETERINÁRNÍ DIETY (Specializované prodejny a,Ostatní,Ostatní zboží,Brit,group_match,Brit Premium by Nature (Kompletní suché krmivo / granule pro psy podle velikosti a věku),,"[{""quantity"":3.0,""unit"":""kg"",""canonical_quantity"":3.0,""canonical_unit"":""kg"",""raw"":""3 kg""},{""quantity"":8.0,""unit"":""kg"",""canonical_quantity"":8.0,""canonical_unit"":""kg"",""raw"":""8 kg""},{""quantity"":15.0,""unit"":""kg"",""canonical_quantity"":15.0,""canonical_unit"":""kg"",""raw"":""15 kg""}]",,,Brit Premium by Nature (Kompletní suché krmivo / granule pro psy podle velikosti a věku) (Pytel: 3 kg / 8 kg / 15 kg),ready,0.95,
seed-src-0277,seed_bezna_maloobchodni_baleni_krmiv_a_chovatelskych_potreb_cesky_trh.pdf,1,1. PRÉMIOVÁ KRMIVA A VETERINÁRNÍ DIETY (Specializované prodejny a,Ostatní,Ostatní zboží,Brit,group_match,"Brit Care (Superprémiové hypoalergenní a bezobilné granule pro psy i kočky – jehněčí, losos, hmyz)",,"[{""quantity"":2.0,""unit"":""kg"",""canonical_quantity"":2.0,""canonical_unit"":""kg"",""raw"":""2 kg""},{""quantity"":7.0,""unit"":""kg"",""canonical_quantity"":7.0,""canonical_unit"":""kg"",""raw"":""7 kg""},{""quantity"":12.0,""unit"":""kg"",""canonical_quantity"":12.0,""canonical_unit"":""kg"",""raw"":""12 kg""}]",,,"Brit Care (Superprémiové hypoalergenní a bezobilné granule pro psy i kočky – jehněčí, losos, hmyz) (Pytel: 2 kg / 7 kg / 12 kg)",ready,0.95,
seed-src-0278,seed_bezna_maloobchodni_baleni_krmiv_a_chovatelskych_potreb_cesky_trh.pdf,1,1. PRÉMIOVÁ KRMIVA A VETERINÁRNÍ DIETY (Specializované prodejny a,Ostatní,Ostatní zboží,Brit,group_match,Brit Care Kapsičky a konzervy (Mokré krmivo pro kočky s vysokým podílem masa),,"[{""quantity"":85.0,""unit"":""g"",""canonical_quantity"":0.085,""canonical_unit"":""kg"",""raw"":""85 g""},{""quantity"":400.0,""unit"":""g"",""canonical_quantity"":0.4,""canonical_unit"":""kg"",""raw"":""400 g""}]",,,Brit Care Kapsičky a konzervy (Mokré krmivo pro kočky s vysokým podílem masa) (Kapsička: 85 g / Konzerva: 400 g),ready,0.95,
seed-src-0279,seed_bezna_maloobchodni_baleni_krmiv_a_chovatelskych_potreb_cesky_trh.pdf,1,1. PRÉMIOVÁ KRMIVA A VETERINÁRNÍ DIETY (Specializované prodejny a,Ostatní,Ostatní zboží,Brit,group_match,Brit Let's Bite / Brit Meaty (Masové pamlsky a tréninkové sušené pochoutky),,"[{""quantity"":80.0,""unit"":""g"",""canonical_quantity"":0.08,""canonical_unit"":""kg"",""raw"":""80 g""},{""quantity"":150.0,""unit"":""g"",""canonical_quantity"":0.15,""canonical_unit"":""kg"",""raw"":""150 g""}]",,,Brit Let's Bite / Brit Meaty (Masové pamlsky a tréninkové sušené pochoutky) (Sáček: 80 g / 150 g),ready,0.95,
seed-src-0280,seed_bezna_maloobchodni_baleni_krmiv_a_chovatelskych_potreb_cesky_trh.pdf,1,1. PRÉMIOVÁ KRMIVA A VETERINÁRNÍ DIETY (Specializované prodejny a,Ostatní,Ostatní zboží,Royal Canin,group_match,Royal Canin Breed Health Nutrition,,[],,,"Royal Canin Breed Health Nutrition (Granule na míru konkrétním plemenům – Čivava, Yorkšír, Labradorský retrívr)",needs_review,0.7,no_explicit_package
seed-src-0281,seed_bezna_maloobchodni_baleni_krmiv_a_chovatelskych_potreb_cesky_trh.pdf,1,1. PRÉMIOVÁ KRMIVA A VETERINÁRNÍ DIETY (Specializované prodejny a,Ostatní,Ostatní zboží,Royal Canin Veterinary Diet,item_fallback,"Royal Canin Veterinary Diet (Léčebné diety – Urinary pro močové cesty koček, Gastrointestinal pro zažívání,",,[],,,"Royal Canin Veterinary Diet (Léčebné diety – Urinary pro močové cesty koček, Gastrointestinal pro zažívání,",needs_review,0.7,no_explicit_package
seed-src-0282,seed_bezna_maloobchodni_baleni_krmiv_a_chovatelskych_potreb_cesky_trh.pdf,1,1. PRÉMIOVÁ KRMIVA A VETERINÁRNÍ DIETY (Specializované prodejny a,Ostatní,Ostatní zboží,Purina Pro Plan,group_match,Purina Pro Plan (Granule s chráněnými formulemi pro imunitu a citlivou kůži psů i koček),,"[{""quantity"":3.0,""unit"":""kg"",""canonical_quantity"":3.0,""canonical_unit"":""kg"",""raw"":""3 kg""},{""quantity"":14.0,""unit"":""kg"",""canonical_quantity"":14.0,""canonical_unit"":""kg"",""raw"":""14 kg""}]",,,Purina Pro Plan (Granule s chráněnými formulemi pro imunitu a citlivou kůži psů i koček) (Pytel: 3 kg / 14 kg),ready,0.95,
seed-src-0283,seed_bezna_maloobchodni_baleni_krmiv_a_chovatelskych_potreb_cesky_trh.pdf,1,1. PRÉMIOVÁ KRMIVA A VETERINÁRNÍ DIETY (Specializované prodejny a,Ostatní,Ostatní zboží,Hill's,group_match,Hill's Science Plan (Prémiové granule a mokrá krmiva pro zdravý růst a vitalitu seniorů),,"[{""quantity"":1.5,""unit"":""kg"",""canonical_quantity"":1.5,""canonical_unit"":""kg"",""raw"":""1,5 kg""},{""quantity"":10.0,""unit"":""kg"",""canonical_quantity"":10.0,""canonical_unit"":""kg"",""raw"":""10 kg""}]",,,"Hill's Science Plan (Prémiové granule a mokrá krmiva pro zdravý růst a vitalitu seniorů) (Pytel: 1,5 kg / 10 kg)",ready,0.95,
seed-src-0284,seed_bezna_maloobchodni_baleni_krmiv_a_chovatelskych_potreb_cesky_trh.pdf,1,"2. MASOVÉ KONZERVY, KAPSIČKY A SNACKY (Běžně dostupné komerční",Ostatní,Ostatní zboží,Felix,group_match,"Felix Fantastic / Sensations (Kapsičky v želé nebo v omáčce s kuřecím, hovězím, lososem)",,"[{""quantity"":85.0,""unit"":""g"",""canonical_quantity"":0.085,""canonical_unit"":""kg"",""raw"":""85 g""}]",44,multipack,"Felix Fantastic / Sensations (Kapsičky v želé nebo v omáčce s kuřecím, hovězím, lososem) (Kapsička: 85 g / Multi-pack: 4x, 12x, 24x nebo 44x 85 g)",ready,0.95,
seed-src-0285,seed_bezna_maloobchodni_baleni_krmiv_a_chovatelskych_potreb_cesky_trh.pdf,1,"2. MASOVÉ KONZERVY, KAPSIČKY A SNACKY (Běžně dostupné komerční",Ostatní,Ostatní zboží,Felix,group_match,Felix Party Mix (Křupavé voňavé pamlsky pro kočky),,"[{""quantity"":60.0,""unit"":""g"",""canonical_quantity"":0.06,""canonical_unit"":""kg"",""raw"":""60 g""},{""quantity"":200.0,""unit"":""g"",""canonical_quantity"":0.2,""canonical_unit"":""kg"",""raw"":""200 g""}]",,,Felix Party Mix (Křupavé voňavé pamlsky pro kočky) (Sáček: 60 g / 200 g),ready,0.95,
seed-src-0286,seed_bezna_maloobchodni_baleni_krmiv_a_chovatelskych_potreb_cesky_trh.pdf,1,"2. MASOVÉ KONZERVY, KAPSIČKY A SNACKY (Běžně dostupné komerční",Ostatní,Ostatní zboží,Whiskas,group_match,"Whiskas (Granule, kapsičky a mléko pro koťata i dospělé kočky)",,"[{""quantity"":85.0,""unit"":""g"",""canonical_quantity"":0.085,""canonical_unit"":""kg"",""raw"":""85 g""},{""quantity"":1.4,""unit"":""kg"",""canonical_quantity"":1.4,""canonical_unit"":""kg"",""raw"":""1,4 kg""},{""quantity"":14.0,""unit"":""kg"",""canonical_quantity"":14.0,""canonical_unit"":""kg"",""raw"":""14 kg""}]",,,"Whiskas (Granule, kapsičky a mléko pro koťata i dospělé kočky) (Kapsička: 85 g / Pytel granule: 1,4 kg / 14 kg)",ready,0.95,
seed-src-0287,seed_bezna_maloobchodni_baleni_krmiv_a_chovatelskych_potreb_cesky_trh.pdf,1,"2. MASOVÉ KONZERVY, KAPSIČKY A SNACKY (Běžně dostupné komerční",Ostatní,Ostatní zboží,Sheba,group_match,"Sheba (Výběrové prémiové kapsičky, vaničky a kapsičky Craft Collection)",,"[{""quantity"":85.0,""unit"":""g"",""canonical_quantity"":0.085,""canonical_unit"":""kg"",""raw"":""85 g""}]",,,"Sheba (Výběrové prémiové kapsičky, vaničky a kapsičky Craft Collection) (Kapsička: 85 g / Vanička: 85 g)",ready,0.95,
seed-src-0288,seed_bezna_maloobchodni_baleni_krmiv_a_chovatelskych_potreb_cesky_trh.pdf,1,"2. MASOVÉ KONZERVY, KAPSIČKY A SNACKY (Běžně dostupné komerční",Ostatní,Ostatní zboží,Pedigree,group_match,Pedigree Rodeo / Dentastix (Žvýkací dentální tyčinky pro zdravé zuby psů),,"[{""quantity"":3.0,""unit"":""ks"",""canonical_quantity"":3.0,""canonical_unit"":""ks"",""raw"":""3 ks""},{""quantity"":7.0,""unit"":""ks"",""canonical_quantity"":7.0,""canonical_unit"":""ks"",""raw"":""7 ks""},{""quantity"":28.0,""unit"":""ks"",""canonical_quantity"":28.0,""canonical_unit"":""ks"",""raw"":""28 ks""}]",,,Pedigree Rodeo / Dentastix (Žvýkací dentální tyčinky pro zdravé zuby psů) (Balení: 3 ks / 7 ks / 28 ks),ready,0.95,
seed-src-0289,seed_bezna_maloobchodni_baleni_krmiv_a_chovatelskych_potreb_cesky_trh.pdf,1,"2. MASOVÉ KONZERVY, KAPSIČKY A SNACKY (Běžně dostupné komerční",Ostatní,Ostatní zboží,Pedigree,group_match,Pedigree konzervy a kapsičky v omáčce,,"[{""quantity"":100.0,""unit"":""g"",""canonical_quantity"":0.1,""canonical_unit"":""kg"",""raw"":""100 g""},{""quantity"":400.0,""unit"":""g"",""canonical_quantity"":0.4,""canonical_unit"":""kg"",""raw"":""400 g""},{""quantity"":1.2,""unit"":""kg"",""canonical_quantity"":1.2,""canonical_unit"":""kg"",""raw"":""1,2 kg""}]",,,"Pedigree konzervy a kapsičky v omáčce (Kapsička: 100 g / Konzerva: 400 g / 1,2 kg)",ready,0.95,
seed-src-0290,seed_bezna_maloobchodni_baleni_krmiv_a_chovatelskych_potreb_cesky_trh.pdf,1,"2. MASOVÉ KONZERVY, KAPSIČKY A SNACKY (Běžně dostupné komerční",Ostatní,Ostatní zboží,Cesar,group_match,Cesar (Luxusní mokré krmivo pro malé psy v hliníkových vaničkách),,"[{""quantity"":150.0,""unit"":""g"",""canonical_quantity"":0.15,""canonical_unit"":""kg"",""raw"":""150 g""}]",,,Cesar (Luxusní mokré krmivo pro malé psy v hliníkových vaničkách) (Vanička: 150 g),ready,0.95,
seed-src-0291,seed_bezna_maloobchodni_baleni_krmiv_a_chovatelskych_potreb_cesky_trh.pdf,1,"2. MASOVÉ KONZERVY, KAPSIČKY A SNACKY (Běžně dostupné komerční",Ostatní,Ostatní zboží,Purina One,group_match,"Purina One (Běžně dostupné prémiové granule pro kočky zaměřené na specifické potřeby – Sterilcat, Indoor)",,"[{""quantity"":800.0,""unit"":""g"",""canonical_quantity"":0.8,""canonical_unit"":""kg"",""raw"":""800 g""},{""quantity"":3.0,""unit"":""kg"",""canonical_quantity"":3.0,""canonical_unit"":""kg"",""raw"":""3 kg""}]",,,"Purina One (Běžně dostupné prémiové granule pro kočky zaměřené na specifické potřeby – Sterilcat, Indoor) (Sáček: 800 g / 3 kg)",ready,0.95,
seed-src-0292,seed_bezna_maloobchodni_baleni_krmiv_a_chovatelskych_potreb_cesky_trh.pdf,1,3. PRIVÁTNÍ ZNAČKY SUPERMARKETŮ A DROGERIÍ (Skvělý poměr ceny a,Ostatní,Ostatní zboží,Dein Bestes,group_match,Dein Bestes Kapsičky a vaničky (Mokré krmivo bez přidaného cukru a konzervantů pro kočky i psy),,"[{""quantity"":85.0,""unit"":""g"",""canonical_quantity"":0.085,""canonical_unit"":""kg"",""raw"":""85 g""},{""quantity"":100.0,""unit"":""g"",""canonical_quantity"":0.1,""canonical_unit"":""kg"",""raw"":""100 g""},{""quantity"":150.0,""unit"":""g"",""canonical_quantity"":0.15,""canonical_unit"":""kg"",""raw"":""150 g""}]",,,Dein Bestes Kapsičky a vaničky (Mokré krmivo bez přidaného cukru a konzervantů pro kočky i psy) (Kapsička: 85 g / 100 g / Vanička: 150 g),ready,0.95,
seed-src-0293,seed_bezna_maloobchodni_baleni_krmiv_a_chovatelskych_potreb_cesky_trh.pdf,1,3. PRIVÁTNÍ ZNAČKY SUPERMARKETŮ A DROGERIÍ (Skvělý poměr ceny a,Ostatní,Ostatní zboží,Dein Bestes,group_match,Dein Bestes Tekutá pochoutka / Knírky (Mléčné a játrové lízací pasty a pamlsky pro kočky),,"[{""quantity"":15.0,""unit"":""g"",""canonical_quantity"":0.015,""canonical_unit"":""kg"",""raw"":""15 g""}]",6,multipack,Dein Bestes Tekutá pochoutka / Knírky (Mléčné a játrové lízací pasty a pamlsky pro kočky) (Krabička: 6x 15 g),ready,0.95,
seed-src-0294,seed_bezna_maloobchodni_baleni_krmiv_a_chovatelskych_potreb_cesky_trh.pdf,1,3. PRIVÁTNÍ ZNAČKY SUPERMARKETŮ A DROGERIÍ (Skvělý poměr ceny a,Ostatní,Ostatní zboží,Dein Bestes,group_match,"Dein Bestes Hrudkující podestýlka (Kočkolit – ultra bílý, přírodní bentonit)",,"[{""quantity"":6.0,""unit"":""l"",""canonical_quantity"":6.0,""canonical_unit"":""l"",""raw"":""6 l""},{""quantity"":10.0,""unit"":""l"",""canonical_quantity"":10.0,""canonical_unit"":""l"",""raw"":""10 l""}]",,,"Dein Bestes Hrudkující podestýlka (Kočkolit – ultra bílý, přírodní bentonit) (Papírový pytel: 6 l / 10 l)",ready,0.95,
seed-src-0295,seed_bezna_maloobchodni_baleni_krmiv_a_chovatelskych_potreb_cesky_trh.pdf,1,3. PRIVÁTNÍ ZNAČKY SUPERMARKETŮ A DROGERIÍ (Skvělý poměr ceny a,Ostatní,Ostatní zboží,Orlando,group_match,"Orlando Gourmet / Orlando Pure (Kvalitní paštiky, konzervy a granule pro psy s vysokým podílem masa)",,"[{""quantity"":400.0,""unit"":""g"",""canonical_quantity"":0.4,""canonical_unit"":""kg"",""raw"":""400 g""},{""quantity"":3.0,""unit"":""kg"",""canonical_quantity"":3.0,""canonical_unit"":""kg"",""raw"":""3 kg""}]",,,"Orlando Gourmet / Orlando Pure (Kvalitní paštiky, konzervy a granule pro psy s vysokým podílem masa) (Konzerva: 400 g / Pytel: 3 kg)",ready,0.95,
seed-src-0296,seed_bezna_maloobchodni_baleni_krmiv_a_chovatelskych_potreb_cesky_trh.pdf,2,3. PRIVÁTNÍ ZNAČKY SUPERMARKETŮ A DROGERIÍ (Skvělý poměr ceny a,Ostatní,Ostatní zboží,Coshida,group_match,"Coshida (Kapsičky a granule pro kočky, oblíbené tyčinky s vysokým podílem masa)",,"[{""quantity"":100.0,""unit"":""g"",""canonical_quantity"":0.1,""canonical_unit"":""kg"",""raw"":""100 g""},{""quantity"":5.0,""unit"":""g"",""canonical_quantity"":0.005,""canonical_unit"":""kg"",""raw"":""5 g""}]",12,multipack,"Coshida (Kapsičky a granule pro kočky, oblíbené tyčinky s vysokým podílem masa) (Multi-pack kapsiček: 12x 100 g / Masové tyčinky: 10x 5 g)",ready,0.95,
seed-src-0297,seed_bezna_maloobchodni_baleni_krmiv_a_chovatelskych_potreb_cesky_trh.pdf,2,3. PRIVÁTNÍ ZNAČKY SUPERMARKETŮ A DROGERIÍ (Skvělý poměr ceny a,Ostatní,Ostatní zboží,Coshida,group_match,Coshida Kočkolit (Hrudkující podestýlka pro kočičí toalety) (Krabice: 6 l) K-Classic / K-Hearts (Kaufland) / Albert / Tesco,,"[{""quantity"":6.0,""unit"":""l"",""canonical_quantity"":6.0,""canonical_unit"":""l"",""raw"":""6 l""}]",,,Coshida Kočkolit (Hrudkující podestýlka pro kočičí toalety) (Krabice: 6 l) K-Classic / K-Hearts (Kaufland) / Albert / Tesco,ready,0.95,
seed-src-0298,seed_bezna_maloobchodni_baleni_krmiv_a_chovatelskych_potreb_cesky_trh.pdf,2,3. PRIVÁTNÍ ZNAČKY SUPERMARKETŮ A DROGERIÍ (Skvělý poměr ceny a,Ostatní,Ostatní zboží,Orlando,group_fallback,"K-Classic / K-Hearts (Kompletní sortiment granulí, masových konzerv a salámů pro zvířata)",,"[{""quantity"":415.0,""unit"":""g"",""canonical_quantity"":0.415,""canonical_unit"":""kg"",""raw"":""415 g""},{""quantity"":1240.0,""unit"":""g"",""canonical_quantity"":1.24,""canonical_unit"":""kg"",""raw"":""1240 g""}]",,,"K-Classic / K-Hearts (Kompletní sortiment granulí, masových konzerv a salámů pro zvířata) (Konzerva: 415 g / 1240 g)",ready,0.95,
seed-src-0299,seed_bezna_maloobchodni_baleni_krmiv_a_chovatelskych_potreb_cesky_trh.pdf,2,3. PRIVÁTNÍ ZNAČKY SUPERMARKETŮ A DROGERIÍ (Skvělý poměr ceny a,Ostatní,Ostatní zboží,Orlando,group_fallback,"Albert / Tesco Pet Specialist (Granule, paštiky v mističkách a sušené masové pamlsky) (Vanička: 150 g / Pytel: 2 kg / 10 kg) zachovávejte značku, produkt/variantu, velikost balení, jednotku, typ obalu, počet kusů a případně typ krmiva či steliva.",,"[{""quantity"":150.0,""unit"":""g"",""canonical_quantity"":0.15,""canonical_unit"":""kg"",""raw"":""150 g""},{""quantity"":2.0,""unit"":""kg"",""canonical_quantity"":2.0,""canonical_unit"":""kg"",""raw"":""2 kg""},{""quantity"":10.0,""unit"":""kg"",""canonical_quantity"":10.0,""canonical_unit"":""kg"",""raw"":""10 kg""}]",,,"Albert / Tesco Pet Specialist (Granule, paštiky v mističkách a sušené masové pamlsky) (Vanička: 150 g / Pytel: 2 kg / 10 kg) zachovávejte značku, produkt/variantu, velikost balení, jednotku, typ obalu, počet kusů a případně typ krmiva či steliva.",ready,0.95,
seed-src-0300,seed_bezna_maloobchodni_baleni_mrazenych_potravin_cesky_trh.pdf,1,"1. MRAŽENÁ ZELENINA, OVOCE A BRAMBOROVÉ PRODUKTY",Potraviny,Mražené potraviny,Nowaco,group_match,Nowaco Mražený hrášek / Kukuřice / Špenátový protlak,,"[{""quantity"":350.0,""unit"":""g"",""canonical_quantity"":0.35,""canonical_unit"":""kg"",""raw"":""350 g""},{""quantity"":400.0,""unit"":""g"",""canonical_quantity"":0.4,""canonical_unit"":""kg"",""raw"":""400 g""},{""quantity"":450.0,""unit"":""g"",""canonical_quantity"":0.45,""canonical_unit"":""kg"",""raw"":""450 g""}]",,,Nowaco Mražený hrášek / Kukuřice / Špenátový protlak (Plastový sáček: 350 g / 400 g / 450 g),ready,0.95,
seed-src-0301,seed_bezna_maloobchodni_baleni_mrazenych_potravin_cesky_trh.pdf,1,"1. MRAŽENÁ ZELENINA, OVOCE A BRAMBOROVÉ PRODUKTY",Potraviny,Mražené potraviny,Nowaco,group_match,Nowaco Polévková směs / Jarní směs / Čínská zeleninová směs,,"[{""quantity"":350.0,""unit"":""g"",""canonical_quantity"":0.35,""canonical_unit"":""kg"",""raw"":""350 g""},{""quantity"":400.0,""unit"":""g"",""canonical_quantity"":0.4,""canonical_unit"":""kg"",""raw"":""400 g""}]",,,Nowaco Polévková směs / Jarní směs / Čínská zeleninová směs (Plastový sáček: 350 g / 400 g),ready,0.95,
seed-src-0302,seed_bezna_maloobchodni_baleni_mrazenych_potravin_cesky_trh.pdf,1,"1. MRAŽENÁ ZELENINA, OVOCE A BRAMBOROVÉ PRODUKTY",Potraviny,Mražené potraviny,Nowaco,group_match,Nowaco Hranolky do trouby / Krokety / Americké brambory,,"[{""quantity"":450.0,""unit"":""g"",""canonical_quantity"":0.45,""canonical_unit"":""kg"",""raw"":""450 g""},{""quantity"":750.0,""unit"":""g"",""canonical_quantity"":0.75,""canonical_unit"":""kg"",""raw"":""750 g""},{""quantity"":1.0,""unit"":""kg"",""canonical_quantity"":1.0,""canonical_unit"":""kg"",""raw"":""1 kg""}]",,,Nowaco Hranolky do trouby / Krokety / Americké brambory (Plastový sáček: 450 g / 750 g / 1 kg),ready,0.95,
seed-src-0303,seed_bezna_maloobchodni_baleni_mrazenych_potravin_cesky_trh.pdf,1,"1. MRAŽENÁ ZELENINA, OVOCE A BRAMBOROVÉ PRODUKTY",Potraviny,Mražené potraviny,Nowaco,group_match,Nowaco Mražené jahody / Borůvky / Maliny,,"[{""quantity"":300.0,""unit"":""g"",""canonical_quantity"":0.3,""canonical_unit"":""kg"",""raw"":""300 g""}]",,,Nowaco Mražené jahody / Borůvky / Maliny (Plastový sáček: 300 g),ready,0.95,
seed-src-0304,seed_bezna_maloobchodni_baleni_mrazenych_potravin_cesky_trh.pdf,1,"1. MRAŽENÁ ZELENINA, OVOCE A BRAMBOROVÉ PRODUKTY",Potraviny,Mražené potraviny,Bonduelle,group_match,"Bonduelle Vapeur (Zelenina připravovaná v páře: Hrášek, Brokolice, Fazolové lusky)",,"[{""quantity"":400.0,""unit"":""g"",""canonical_quantity"":0.4,""canonical_unit"":""kg"",""raw"":""400 g""}]",,,"Bonduelle Vapeur (Zelenina připravovaná v páře: Hrášek, Brokolice, Fazolové lusky) (Sáček: 400 g)",ready,0.95,
seed-src-0305,seed_bezna_maloobchodni_baleni_mrazenych_potravin_cesky_trh.pdf,1,"1. MRAŽENÁ ZELENINA, OVOCE A BRAMBOROVÉ PRODUKTY",Potraviny,Mražené potraviny,Bonduelle,group_match,Bonduelle Sombrero / Country / Asijská směs,,"[{""quantity"":400.0,""unit"":""g"",""canonical_quantity"":0.4,""canonical_unit"":""kg"",""raw"":""400 g""}]",,,Bonduelle Sombrero / Country / Asijská směs (Sáček: 400 g),ready,0.95,
seed-src-0306,seed_bezna_maloobchodni_baleni_mrazenych_potravin_cesky_trh.pdf,1,"1. MRAŽENÁ ZELENINA, OVOCE A BRAMBOROVÉ PRODUKTY",Potraviny,Mražené potraviny,Bonduelle,group_match,Bonduelle Špenátové listy porcované,,"[{""quantity"":400.0,""unit"":""g"",""canonical_quantity"":0.4,""canonical_unit"":""kg"",""raw"":""400 g""}]",,,Bonduelle Špenátové listy porcované (Sáček: 400 g),ready,0.95,
seed-src-0307,seed_bezna_maloobchodni_baleni_mrazenych_potravin_cesky_trh.pdf,1,"1. MRAŽENÁ ZELENINA, OVOCE A BRAMBOROVÉ PRODUKTY",Potraviny,Mražené potraviny,McCain,group_match,McCain 1.2.3 Fries (Tradiční hranolky do trouby – vlnky / klasické),,"[{""quantity"":750.0,""unit"":""g"",""canonical_quantity"":0.75,""canonical_unit"":""kg"",""raw"":""750 g""},{""quantity"":1.0,""unit"":""kg"",""canonical_quantity"":1.0,""canonical_unit"":""kg"",""raw"":""1 kg""},{""quantity"":1.5,""unit"":""kg"",""canonical_quantity"":1.5,""canonical_unit"":""kg"",""raw"":""1,5 kg""}]",,,"McCain 1.2.3 Fries (Tradiční hranolky do trouby – vlnky / klasické) (Sáček: 750 g / 1 kg / 1,5 kg)",ready,0.95,
seed-src-0308,seed_bezna_maloobchodni_baleni_mrazenych_potravin_cesky_trh.pdf,1,"1. MRAŽENÁ ZELENINA, OVOCE A BRAMBOROVÉ PRODUKTY",Potraviny,Mražené potraviny,McCain,group_match,McCain Golden Longs (Extra tenké a dlouhé hranolky),,"[{""quantity"":750.0,""unit"":""g"",""canonical_quantity"":0.75,""canonical_unit"":""kg"",""raw"":""750 g""}]",,,McCain Golden Longs (Extra tenké a dlouhé hranolky) (Sáček: 750 g),ready,0.95,
seed-src-0309,seed_bezna_maloobchodni_baleni_mrazenych_potravin_cesky_trh.pdf,1,"1. MRAŽENÁ ZELENINA, OVOCE A BRAMBOROVÉ PRODUKTY",Potraviny,Mražené potraviny,McCain,group_match,McCain Fri'Style (Hranolky ve tvaru U na nabírání omáček),,"[{""quantity"":600.0,""unit"":""g"",""canonical_quantity"":0.6,""canonical_unit"":""kg"",""raw"":""600 g""}]",,,McCain Fri'Style (Hranolky ve tvaru U na nabírání omáček) (Sáček: 600 g),ready,0.95,
seed-src-0310,seed_bezna_maloobchodni_baleni_mrazenych_potravin_cesky_trh.pdf,1,"1. MRAŽENÁ ZELENINA, OVOCE A BRAMBOROVÉ PRODUKTY",Potraviny,Mražené potraviny,McCain,group_match,McCain Smiles (Bramboroví smajlíci pro děti) (Sáček: 450 g) Freshona / Harvest Basket,,"[{""quantity"":450.0,""unit"":""g"",""canonical_quantity"":0.45,""canonical_unit"":""kg"",""raw"":""450 g""}]",,,McCain Smiles (Bramboroví smajlíci pro děti) (Sáček: 450 g) Freshona / Harvest Basket (Lidl),ready,0.95,
seed-src-0311,seed_bezna_maloobchodni_baleni_mrazenych_potravin_cesky_trh.pdf,1,"1. MRAŽENÁ ZELENINA, OVOCE A BRAMBOROVÉ PRODUKTY",Potraviny,Mražené potraviny,McCain,group_fallback,"Freshona Zeleninové směsi (Gourmet, Fitness, Polévková)",,"[{""quantity"":450.0,""unit"":""g"",""canonical_quantity"":0.45,""canonical_unit"":""kg"",""raw"":""450 g""},{""quantity"":750.0,""unit"":""g"",""canonical_quantity"":0.75,""canonical_unit"":""kg"",""raw"":""750 g""}]",,,"Freshona Zeleninové směsi (Gourmet, Fitness, Polévková) (Sáček: 450 g / 750 g)",ready,0.95,
seed-src-0312,seed_bezna_maloobchodni_baleni_mrazenych_potravin_cesky_trh.pdf,1,"1. MRAŽENÁ ZELENINA, OVOCE A BRAMBOROVÉ PRODUKTY",Potraviny,Mražené potraviny,McCain,group_fallback,Freshona Mražené lesní ovoce / Maliny,,"[{""quantity"":500.0,""unit"":""g"",""canonical_quantity"":0.5,""canonical_unit"":""kg"",""raw"":""500 g""}]",,,Freshona Mražené lesní ovoce / Maliny (Sáček: 500 g),ready,0.95,
seed-src-0313,seed_bezna_maloobchodni_baleni_mrazenych_potravin_cesky_trh.pdf,1,"1. MRAŽENÁ ZELENINA, OVOCE A BRAMBOROVÉ PRODUKTY",Potraviny,Mražené potraviny,McCain,group_fallback,Harvest Basket Hranolky / Krokety / Bramborové tolárky,,"[{""quantity"":750.0,""unit"":""g"",""canonical_quantity"":0.75,""canonical_unit"":""kg"",""raw"":""750 g""},{""quantity"":1.0,""unit"":""kg"",""canonical_quantity"":1.0,""canonical_unit"":""kg"",""raw"":""1 kg""}]",,,Harvest Basket Hranolky / Krokety / Bramborové tolárky (Sáček: 750 g / 1 kg),ready,0.95,
seed-src-0314,seed_bezna_maloobchodni_baleni_mrazenych_potravin_cesky_trh.pdf,1,"1. MRAŽENÁ ZELENINA, OVOCE A BRAMBOROVÉ PRODUKTY",Potraviny,Mražené potraviny,K-Classic,group_match,K-Classic Polévková zelenina / Listový špenát (Kaufland),,"[{""quantity"":450.0,""unit"":""g"",""canonical_quantity"":0.45,""canonical_unit"":""kg"",""raw"":""450 g""}]",,,K-Classic Polévková zelenina / Listový špenát (Kaufland) (Sáček: 450 g),ready,0.95,
seed-src-0315,seed_bezna_maloobchodni_baleni_mrazenych_potravin_cesky_trh.pdf,1,"1. MRAŽENÁ ZELENINA, OVOCE A BRAMBOROVÉ PRODUKTY",Potraviny,Mražené potraviny,K-Classic,group_match,K-Classic Hranolky do trouby (Kaufland),,"[{""quantity"":1.0,""unit"":""kg"",""canonical_quantity"":1.0,""canonical_unit"":""kg"",""raw"":""1 kg""}]",,,K-Classic Hranolky do trouby (Kaufland) (Sáček: 1 kg),ready,0.95,
seed-src-0316,seed_bezna_maloobchodni_baleni_mrazenych_potravin_cesky_trh.pdf,1,"1. MRAŽENÁ ZELENINA, OVOCE A BRAMBOROVÉ PRODUKTY",Potraviny,Mražené potraviny,Albert,group_match,Albert Mražené maliny / borůvky (Albert),,"[{""quantity"":300.0,""unit"":""g"",""canonical_quantity"":0.3,""canonical_unit"":""kg"",""raw"":""300 g""}]",,,Albert Mražené maliny / borůvky (Albert) (Sáček: 300 g),ready,0.95,
seed-src-0317,seed_bezna_maloobchodni_baleni_mrazenych_potravin_cesky_trh.pdf,1,"1. MRAŽENÁ ZELENINA, OVOCE A BRAMBOROVÉ PRODUKTY",Potraviny,Mražené potraviny,Tesco,group_match,Tesco French Fries (Tesco),,"[{""quantity"":1.0,""unit"":""kg"",""canonical_quantity"":1.0,""canonical_unit"":""kg"",""raw"":""1 kg""},{""quantity"":2.5,""unit"":""kg"",""canonical_quantity"":2.5,""canonical_unit"":""kg"",""raw"":""2,5 kg""}]",,,"Tesco French Fries (Tesco) (Sáček: 1 kg / 2,5 kg)",ready,0.95,
seed-src-0318,seed_bezna_maloobchodni_baleni_mrazenych_potravin_cesky_trh.pdf,1,2. MRAŽENÉ RYBY A RYBÍ POLOTOVARY,Potraviny,Mražené potraviny,Nowaco,group_match,Nowaco Filé z Aljašky (Lisované rybí kostky bez kostí),,"[{""quantity"":300.0,""unit"":""g"",""canonical_quantity"":0.3,""canonical_unit"":""kg"",""raw"":""300 g""},{""quantity"":400.0,""unit"":""g"",""canonical_quantity"":0.4,""canonical_unit"":""kg"",""raw"":""400 g""},{""quantity"":600.0,""unit"":""g"",""canonical_quantity"":0.6,""canonical_unit"":""kg"",""raw"":""600 g""}]",,,Nowaco Filé z Aljašky (Lisované rybí kostky bez kostí) (Krabička: 300 g / 400 g / 600 g),ready,0.95,
seed-src-0319,seed_bezna_maloobchodni_baleni_mrazenych_potravin_cesky_trh.pdf,1,2. MRAŽENÉ RYBY A RYBÍ POLOTOVARY,Potraviny,Mražené potraviny,Nowaco,group_match,Nowaco Rybí prsty premium (Nemleté filé v křupavém těstíčku),,"[{""quantity"":250.0,""unit"":""g"",""canonical_quantity"":0.25,""canonical_unit"":""kg"",""raw"":""250 g""},{""quantity"":450.0,""unit"":""g"",""canonical_quantity"":0.45,""canonical_unit"":""kg"",""raw"":""450 g""}]",,,Nowaco Rybí prsty premium (Nemleté filé v křupavém těstíčku) (Krabička: 250 g / 450 g),ready,0.95,
seed-src-0320,seed_bezna_maloobchodni_baleni_mrazenych_potravin_cesky_trh.pdf,1,2. MRAŽENÉ RYBY A RYBÍ POLOTOVARY,Potraviny,Mražené potraviny,Nowaco,group_match,Nowaco Losos obecný porce s kůží / bez kůže,,"[{""quantity"":200.0,""unit"":""g"",""canonical_quantity"":0.2,""canonical_unit"":""kg"",""raw"":""200 g""},{""quantity"":500.0,""unit"":""g"",""canonical_quantity"":0.5,""canonical_unit"":""kg"",""raw"":""500 g""}]",,,Nowaco Losos obecný porce s kůží / bez kůže (Sáček: 200 g / 500 g),ready,0.95,
seed-src-0321,seed_bezna_maloobchodni_baleni_mrazenych_potravin_cesky_trh.pdf,1,2. MRAŽENÉ RYBY A RYBÍ POLOTOVARY,Potraviny,Mražené potraviny,Frosta,group_match,Frosta Rybí prsty stoprocentně z čistého filé (Bez éček a barviv),,"[{""quantity"":300.0,""unit"":""g"",""canonical_quantity"":0.3,""canonical_unit"":""kg"",""raw"":""300 g""},{""quantity"":450.0,""unit"":""g"",""canonical_quantity"":0.45,""canonical_unit"":""kg"",""raw"":""450 g""}]",,,Frosta Rybí prsty stoprocentně z čistého filé (Bez éček a barviv) (Krabička: 300 g / 450 g),ready,0.95,
seed-src-0322,seed_bezna_maloobchodni_baleni_mrazenych_potravin_cesky_trh.pdf,1,2. MRAŽENÉ RYBY A RYBÍ POLOTOVARY,Potraviny,Mražené potraviny,Frosta,group_match,"Frosta Ryba z pece (Filé s omáčkou z listového špenátu, rajčat či sýra)",,"[{""quantity"":330.0,""unit"":""g"",""canonical_quantity"":0.33,""canonical_unit"":""kg"",""raw"":""330 g""},{""quantity"":360.0,""unit"":""g"",""canonical_quantity"":0.36,""canonical_unit"":""kg"",""raw"":""360 g""}]",,,"Frosta Ryba z pece (Filé s omáčkou z listového špenátu, rajčat či sýra) (Alu-miska v krabičce: 330 g / 360 g)",ready,0.95,
seed-src-0323,seed_bezna_maloobchodni_baleni_mrazenych_potravin_cesky_trh.pdf,1,2. MRAŽENÉ RYBY A RYBÍ POLOTOVARY,Potraviny,Mražené potraviny,Mylord,group_match,Mylord Treska tmavá / Candát / Mořská štika porce (Sáček: 500 g) Ocean Sea,,"[{""quantity"":500.0,""unit"":""g"",""canonical_quantity"":0.5,""canonical_unit"":""kg"",""raw"":""500 g""}]",,,Mylord Treska tmavá / Candát / Mořská štika porce (Sáček: 500 g) Ocean Sea (Lidl),ready,0.95,
seed-src-0324,seed_bezna_maloobchodni_baleni_mrazenych_potravin_cesky_trh.pdf,1,2. MRAŽENÉ RYBY A RYBÍ POLOTOVARY,Potraviny,Mražené potraviny,Mylord,group_fallback,Ocean Sea Rybí prsty z tresky,,"[{""quantity"":450.0,""unit"":""g"",""canonical_quantity"":0.45,""canonical_unit"":""kg"",""raw"":""450 g""}]",,,Ocean Sea Rybí prsty z tresky (Krabička: 450 g),ready,0.95,
seed-src-0325,seed_bezna_maloobchodni_baleni_mrazenych_potravin_cesky_trh.pdf,1,2. MRAŽENÉ RYBY A RYBÍ POLOTOVARY,Potraviny,Mražené potraviny,Mylord,group_fallback,Ocean Sea Aljašská treska filety (Mražené v ochranné glazuře),,"[{""quantity"":1.0,""unit"":""kg"",""canonical_quantity"":1.0,""canonical_unit"":""kg"",""raw"":""1 kg""}]",,,Ocean Sea Aljašská treska filety (Mražené v ochranné glazuře) (Sáček: 1 kg),ready,0.95,
seed-src-0326,seed_bezna_maloobchodni_baleni_mrazenych_potravin_cesky_trh.pdf,1,2. MRAŽENÉ RYBY A RYBÍ POLOTOVARY,Potraviny,Mražené potraviny,Mylord,group_fallback,Ocean Sea Losos porce,,"[{""quantity"":125.0,""unit"":""g"",""canonical_quantity"":0.125,""canonical_unit"":""kg"",""raw"":""125 g""},{""quantity"":250.0,""unit"":""g"",""canonical_quantity"":0.25,""canonical_unit"":""kg"",""raw"":""250 g""}]",2,multipack,Ocean Sea Losos porce (Vakuované v krabičce: 2x 125 g = 250 g),ready,0.95,
seed-src-0327,seed_bezna_maloobchodni_baleni_mrazenych_potravin_cesky_trh.pdf,1,2. MRAŽENÉ RYBY A RYBÍ POLOTOVARY,Potraviny,Mražené potraviny,K-Classic,group_match,K-Classic Rybí prsty (Kaufland),,"[{""quantity"":450.0,""unit"":""g"",""canonical_quantity"":0.45,""canonical_unit"":""kg"",""raw"":""450 g""}]",,,K-Classic Rybí prsty (Kaufland) (Krabička: 450 g),ready,0.95,
seed-src-0328,seed_bezna_maloobchodni_baleni_mrazenych_potravin_cesky_trh.pdf,2,2. MRAŽENÉ RYBY A RYBÍ POLOTOVARY,Potraviny,Mražené potraviny,Albert,group_match,Albert Filé pro děti bez kostí (Albert),,"[{""quantity"":300.0,""unit"":""g"",""canonical_quantity"":0.3,""canonical_unit"":""kg"",""raw"":""300 g""}]",,,Albert Filé pro děti bez kostí (Albert) (Krabička: 300 g),ready,0.95,
seed-src-0329,seed_bezna_maloobchodni_baleni_mrazenych_potravin_cesky_trh.pdf,2,2. MRAŽENÉ RYBY A RYBÍ POLOTOVARY,Potraviny,Mražené potraviny,Tesco,group_match,Tesco Fish Fingers (Tesco),,"[{""quantity"":250.0,""unit"":""g"",""canonical_quantity"":0.25,""canonical_unit"":""kg"",""raw"":""250 g""},{""quantity"":450.0,""unit"":""g"",""canonical_quantity"":0.45,""canonical_unit"":""kg"",""raw"":""450 g""}]",,,Tesco Fish Fingers (Tesco) (Krabička: 250 g / 450 g),ready,0.95,
seed-src-0330,seed_bezna_maloobchodni_baleni_mrazenych_potravin_cesky_trh.pdf,2,"3. MRAŽENÉ POLOTOVARY, PIZZY A HOTOVÁ JÍDLA",Potraviny,Mražené potraviny,Dobroty babičky Kláry,group_match,"Dobroty babičky Kláry Tvarohové knedlíky (Jahodové, Borůvkové, Meruňkové)",,"[{""quantity"":680.0,""unit"":""g"",""canonical_quantity"":0.68,""canonical_unit"":""kg"",""raw"":""680 g""}]",,,"Dobroty babičky Kláry Tvarohové knedlíky (Jahodové, Borůvkové, Meruňkové) (Sáček: 680 g)",ready,0.95,
seed-src-0331,seed_bezna_maloobchodni_baleni_mrazenych_potravin_cesky_trh.pdf,2,"3. MRAŽENÉ POLOTOVARY, PIZZY A HOTOVÁ JÍDLA",Potraviny,Mražené potraviny,Dobroty babičky Kláry,group_match,Dobroty babičky Kláry Bramborové knedlíky s uzeným masem,,"[{""quantity"":680.0,""unit"":""g"",""canonical_quantity"":0.68,""canonical_unit"":""kg"",""raw"":""680 g""}]",,,Dobroty babičky Kláry Bramborové knedlíky s uzeným masem (Sáček: 680 g),ready,0.95,
seed-src-0332,seed_bezna_maloobchodni_baleni_mrazenych_potravin_cesky_trh.pdf,2,"3. MRAŽENÉ POLOTOVARY, PIZZY A HOTOVÁ JÍDLA",Potraviny,Mražené potraviny,Dobroty babičky Kláry,group_match,Dobroty babičky Kláry Masové kuličky v rajské omáčce / Svíčková s knedlíkem,,"[{""quantity"":400.0,""unit"":""g"",""canonical_quantity"":0.4,""canonical_unit"":""kg"",""raw"":""400 g""},{""quantity"":450.0,""unit"":""g"",""canonical_quantity"":0.45,""canonical_unit"":""kg"",""raw"":""450 g""}]",,,Dobroty babičky Kláry Masové kuličky v rajské omáčce / Svíčková s knedlíkem (Miska: 400 g / 450 g),ready,0.95,
seed-src-0333,seed_bezna_maloobchodni_baleni_mrazenych_potravin_cesky_trh.pdf,2,"3. MRAŽENÉ POLOTOVARY, PIZZY A HOTOVÁ JÍDLA",Potraviny,Mražené potraviny,Don Peppe,group_match,Don Peppe Plněné knedlíky s uzeným masem a zelím / Sladké knedlíky,,"[{""quantity"":600.0,""unit"":""g"",""canonical_quantity"":0.6,""canonical_unit"":""kg"",""raw"":""600 g""}]",,,Don Peppe Plněné knedlíky s uzeným masem a zelím / Sladké knedlíky (Sáček: 600 g),ready,0.95,
seed-src-0334,seed_bezna_maloobchodni_baleni_mrazenych_potravin_cesky_trh.pdf,2,"3. MRAŽENÉ POLOTOVARY, PIZZY A HOTOVÁ JÍDLA",Potraviny,Mražené potraviny,Dr. Oetker,group_match,"Dr. Oetker Ristorante (Tenké křupavé těsto: Mozzarella, Prosciutto, Quattro Formaggi, Salame)",,"[{""quantity"":320.0,""unit"":""g"",""canonical_quantity"":0.32,""canonical_unit"":""kg"",""raw"":""320 g""},{""quantity"":355.0,""unit"":""g"",""canonical_quantity"":0.355,""canonical_unit"":""kg"",""raw"":""355 g""}]",,,"Dr. Oetker Ristorante (Tenké křupavé těsto: Mozzarella, Prosciutto, Quattro Formaggi, Salame) (Krabička: 320 g až 355 g)",needs_review,0.7,range_or_open_ended_size
seed-src-0335,seed_bezna_maloobchodni_baleni_mrazenych_potravin_cesky_trh.pdf,2,"3. MRAŽENÉ POLOTOVARY, PIZZY A HOTOVÁ JÍDLA",Potraviny,Mražené potraviny,Dr. Oetker,group_match,"Dr. Oetker Guseppe (Vyšší nadýchané těsto: Salami, Ham, Four Cheese)",,"[{""quantity"":380.0,""unit"":""g"",""canonical_quantity"":0.38,""canonical_unit"":""kg"",""raw"":""380 g""},{""quantity"":425.0,""unit"":""g"",""canonical_quantity"":0.425,""canonical_unit"":""kg"",""raw"":""425 g""}]",,,"Dr. Oetker Guseppe (Vyšší nadýchané těsto: Salami, Ham, Four Cheese) (Krabička: 380 g až 425 g)",needs_review,0.7,range_or_open_ended_size
seed-src-0336,seed_bezna_maloobchodni_baleni_mrazenych_potravin_cesky_trh.pdf,2,"3. MRAŽENÉ POLOTOVARY, PIZZY A HOTOVÁ JÍDLA",Potraviny,Mražené potraviny,Dr. Oetker,group_match,Dr. Oetker Casa di Mama (Pizza s kynoucím těstem v troubě) (Krabička: 395 g až 415 g) Bistro / Chef Select / Trattoria Alfredo,,"[{""quantity"":395.0,""unit"":""g"",""canonical_quantity"":0.395,""canonical_unit"":""kg"",""raw"":""395 g""},{""quantity"":415.0,""unit"":""g"",""canonical_quantity"":0.415,""canonical_unit"":""kg"",""raw"":""415 g""}]",,,Dr. Oetker Casa di Mama (Pizza s kynoucím těstem v troubě) (Krabička: 395 g až 415 g) Bistro / Chef Select / Trattoria Alfredo (Lidl),needs_review,0.7,range_or_open_ended_size
seed-src-0337,seed_bezna_maloobchodni_baleni_mrazenych_potravin_cesky_trh.pdf,2,"3. MRAŽENÉ POLOTOVARY, PIZZY A HOTOVÁ JÍDLA",Potraviny,Mražené potraviny,Dr. Oetker,group_fallback,Trattoria Alfredo Pizza Margherita / Prosciutto,,"[{""quantity"":350.0,""unit"":""g"",""canonical_quantity"":0.35,""canonical_unit"":""kg"",""raw"":""350 g""},{""quantity"":1050.0,""unit"":""g"",""canonical_quantity"":1.05,""canonical_unit"":""kg"",""raw"":""1050 g""}]",3,multipack,Trattoria Alfredo Pizza Margherita / Prosciutto (Balení: 3x 350 g = 1050 g),ready,0.95,
seed-src-0338,seed_bezna_maloobchodni_baleni_mrazenych_potravin_cesky_trh.pdf,2,"3. MRAŽENÉ POLOTOVARY, PIZZY A HOTOVÁ JÍDLA",Potraviny,Mražené potraviny,Dr. Oetker,group_fallback,Chef Select Lasagne Bolognese mražené,,"[{""quantity"":400.0,""unit"":""g"",""canonical_quantity"":0.4,""canonical_unit"":""kg"",""raw"":""400 g""}]",,,Chef Select Lasagne Bolognese mražené (Vanička: 400 g),ready,0.95,
seed-src-0339,seed_bezna_maloobchodni_baleni_mrazenych_potravin_cesky_trh.pdf,2,"3. MRAŽENÉ POLOTOVARY, PIZZY A HOTOVÁ JÍDLA",Potraviny,Mražené potraviny,Dr. Oetker,group_fallback,Toppo Mražené ovocné knedlíky (Tvarohové / Kynuté),,"[{""quantity"":500.0,""unit"":""g"",""canonical_quantity"":0.5,""canonical_unit"":""kg"",""raw"":""500 g""},{""quantity"":1.0,""unit"":""kg"",""canonical_quantity"":1.0,""canonical_unit"":""kg"",""raw"":""1 kg""}]",,,Toppo Mražené ovocné knedlíky (Tvarohové / Kynuté) (Sáček: 500 g / 1 kg),ready,0.95,
seed-src-0340,seed_bezna_maloobchodni_baleni_mrazenych_potravin_cesky_trh.pdf,2,"3. MRAŽENÉ POLOTOVARY, PIZZY A HOTOVÁ JÍDLA",Potraviny,Mražené potraviny,K-Classic,group_match,K-Classic Pizza Salame / Speciale (Kaufland),,"[{""quantity"":350.0,""unit"":""g"",""canonical_quantity"":0.35,""canonical_unit"":""kg"",""raw"":""350 g""}]",,,K-Classic Pizza Salame / Speciale (Kaufland) (Krabička: 350 g),ready,0.95,
seed-src-0341,seed_bezna_maloobchodni_baleni_mrazenych_potravin_cesky_trh.pdf,2,"3. MRAŽENÉ POLOTOVARY, PIZZY A HOTOVÁ JÍDLA",Potraviny,Mražené potraviny,Albert,group_match,Albert Bramborové halušky se zelím a uzeným masem (Albert),,"[{""quantity"":450.0,""unit"":""g"",""canonical_quantity"":0.45,""canonical_unit"":""kg"",""raw"":""450 g""}]",,,Albert Bramborové halušky se zelím a uzeným masem (Albert) (Miska: 450 g),ready,0.95,
seed-src-0342,seed_bezna_maloobchodni_baleni_mrazenych_potravin_cesky_trh.pdf,2,"3. MRAŽENÉ POLOTOVARY, PIZZY A HOTOVÁ JÍDLA",Potraviny,Mražené potraviny,Tesco,group_match,Tesco Stonebaked Pizza (Tesco),,"[{""quantity"":320.0,""unit"":""g"",""canonical_quantity"":0.32,""canonical_unit"":""kg"",""raw"":""320 g""}]",,,Tesco Stonebaked Pizza (Tesco) (Krabička: 320 g),ready,0.95,
seed-src-0343,seed_bezna_maloobchodni_baleni_mrazenych_potravin_cesky_trh.pdf,2,"4. ZMRZLINY, NANUKY A DEZERTY",Potraviny,Mražené potraviny,Algida,group_match,"Algida Carte d'Or (Prémiové rodinné vaničky: Vanilka, Čokoláda, Slaný karamel, Vlašský ořech)",,"[{""quantity"":825.0,""unit"":""ml"",""canonical_quantity"":0.825,""canonical_unit"":""l"",""raw"":""825 ml""},{""quantity"":900.0,""unit"":""ml"",""canonical_quantity"":0.9,""canonical_unit"":""l"",""raw"":""900 ml""},{""quantity"":1.0,""unit"":""l"",""canonical_quantity"":1.0,""canonical_unit"":""l"",""raw"":""1 l""}]",,,"Algida Carte d'Or (Prémiové rodinné vaničky: Vanilka, Čokoláda, Slaný karamel, Vlašský ořech) (Vanička: 825 ml / 900 ml / 1 l)",ready,0.95,
seed-src-0344,seed_bezna_maloobchodni_baleni_mrazenych_potravin_cesky_trh.pdf,2,"4. ZMRZLINY, NANUKY A DEZERTY",Potraviny,Mražené potraviny,Algida,group_match,"Algida Viennetta (Tradiční vrstvený zmrzlinový dort s křupavou čokoládou: Vanilková, Čokoládová)",,"[{""quantity"":650.0,""unit"":""ml"",""canonical_quantity"":0.65,""canonical_unit"":""l"",""raw"":""650 ml""}]",,,"Algida Viennetta (Tradiční vrstvený zmrzlinový dort s křupavou čokoládou: Vanilková, Čokoládová) (Krabička: 650 ml)",ready,0.95,
seed-src-0345,seed_bezna_maloobchodni_baleni_mrazenych_potravin_cesky_trh.pdf,2,"4. ZMRZLINY, NANUKY A DEZERTY",Potraviny,Mražené potraviny,Algida,group_fallback,"Magnum (Prémiové nanuky na dřívku: Classic, Almond, White, Strawberry White, Double Caramel)",,"[{""quantity"":85.0,""unit"":""ml"",""canonical_quantity"":0.085,""canonical_unit"":""l"",""raw"":""85 ml""},{""quantity"":120.0,""unit"":""ml"",""canonical_quantity"":0.12,""canonical_unit"":""l"",""raw"":""120 ml""}]",6,multipack,"Magnum (Prémiové nanuky na dřívku: Classic, Almond, White, Strawberry White, Double Caramel) (Nanuk: 85 ml / 120 ml / Multipack: 4x nebo 6x 85 ml)",ready,0.95,
seed-src-0346,seed_bezna_maloobchodni_baleni_mrazenych_potravin_cesky_trh.pdf,2,"4. ZMRZLINY, NANUKY A DEZERTY",Potraviny,Mražené potraviny,Algida,group_match,Algida Twister / Calippo (Oblíbené dětské točené a vodové nanuky),,"[{""quantity"":70.0,""unit"":""ml"",""canonical_quantity"":0.07,""canonical_unit"":""l"",""raw"":""70 ml""},{""quantity"":105.0,""unit"":""ml"",""canonical_quantity"":0.105,""canonical_unit"":""l"",""raw"":""105 ml""}]",,,Algida Twister / Calippo (Oblíbené dětské točené a vodové nanuky) (Nanuk: 70 ml / 105 ml),ready,0.95,
seed-src-0347,seed_bezna_maloobchodni_baleni_mrazenych_potravin_cesky_trh.pdf,2,"4. ZMRZLINY, NANUKY A DEZERTY",Potraviny,Mražené potraviny,Prima zmrzlina,group_fallback,Prima Mrož (Ikonický nanuk s vysokým podílem jahod/tvarohu v čokoládě),,"[{""quantity"":45.0,""unit"":""ml"",""canonical_quantity"":0.045,""canonical_unit"":""l"",""raw"":""45 ml""},{""quantity"":60.0,""unit"":""ml"",""canonical_quantity"":0.06,""canonical_unit"":""l"",""raw"":""60 ml""},{""quantity"":220.0,""unit"":""ml"",""canonical_quantity"":0.22,""canonical_unit"":""l"",""raw"":""220 ml""},{""quantity"":900.0,""unit"":""ml"",""canonical_quantity"":0.9,""canonical_unit"":""l"",""raw"":""900 ml""}]",,,Prima Mrož (Ikonický nanuk s vysokým podílem jahod/tvarohu v čokoládě) (Nanuk na dřívku: 45 ml / 60 ml / Kelímek: 220 ml / Vanička rodinná: 900 ml),ready,0.95,
seed-src-0348,seed_bezna_maloobchodni_baleni_mrazenych_potravin_cesky_trh.pdf,2,"4. ZMRZLINY, NANUKY A DEZERTY",Potraviny,Mražené potraviny,Prima zmrzlina,group_fallback,"Prima Pegas (Smetanové nanuky: Vanilka, Čokoláda, Pistácie)",,"[{""quantity"":60.0,""unit"":""ml"",""canonical_quantity"":0.06,""canonical_unit"":""l"",""raw"":""60 ml""},{""quantity"":80.0,""unit"":""ml"",""canonical_quantity"":0.08,""canonical_unit"":""l"",""raw"":""80 ml""},{""quantity"":850.0,""unit"":""ml"",""canonical_quantity"":0.85,""canonical_unit"":""l"",""raw"":""850 ml""}]",,,"Prima Pegas (Smetanové nanuky: Vanilka, Čokoláda, Pistácie) (Nanuk: 60 ml / 80 ml / Vanička: 850 ml)",ready,0.95,
seed-src-0349,seed_bezna_maloobchodni_baleni_mrazenych_potravin_cesky_trh.pdf,2,"4. ZMRZLINY, NANUKY A DEZERTY",Potraviny,Mražené potraviny,Prima zmrzlina,group_fallback,Prima Ruská zmrzlina (Tradiční smetanová zmrzlina mezi dvěma oplatkami),,"[{""quantity"":200.0,""unit"":""ml"",""canonical_quantity"":0.2,""canonical_unit"":""l"",""raw"":""200 ml""}]",,,Prima Ruská zmrzlina (Tradiční smetanová zmrzlina mezi dvěma oplatkami) (Balení: 200 ml),ready,0.95,
seed-src-0350,seed_bezna_maloobchodni_baleni_mrazenych_potravin_cesky_trh.pdf,2,"4. ZMRZLINY, NANUKY A DEZERTY",Potraviny,Mražené potraviny,Prima zmrzlina,group_fallback,Prima Kostka (Tradiční tvarohová nebo vanilková kostka v balicím papíru),,"[{""quantity"":250.0,""unit"":""ml"",""canonical_quantity"":0.25,""canonical_unit"":""l"",""raw"":""250 ml""}]",,,Prima Kostka (Tradiční tvarohová nebo vanilková kostka v balicím papíru) (Balení: 250 ml),ready,0.95,
seed-src-0351,seed_bezna_maloobchodni_baleni_mrazenych_potravin_cesky_trh.pdf,2,"4. ZMRZLINY, NANUKY A DEZERTY",Potraviny,Mražené potraviny,Ben & Jerry's,group_match,"Ben & Jerry's (Kultovní kelímky s kusy těsta a čokolády: Cookie Dough, Peanut Butter Cup, Chocolate Fudge",,[],,,"Ben & Jerry's (Kultovní kelímky s kusy těsta a čokolády: Cookie Dough, Peanut Butter Cup, Chocolate Fudge",needs_review,0.7,no_explicit_package
seed-src-0352,seed_bezna_maloobchodni_baleni_mrazenych_potravin_cesky_trh.pdf,2,"4. ZMRZLINY, NANUKY A DEZERTY",Potraviny,Mražené potraviny,Brownie),group_fallback,"Häagen-Dazs (Husté prémiové zmrzliny: Macadamia Nut Brittle, Vanilla, Salted Caramel)",,"[{""quantity"":460.0,""unit"":""ml"",""canonical_quantity"":0.46,""canonical_unit"":""l"",""raw"":""460 ml""},{""quantity"":95.0,""unit"":""ml"",""canonical_quantity"":0.095,""canonical_unit"":""l"",""raw"":""95 ml""}]",4,multipack,"Häagen-Dazs (Husté prémiové zmrzliny: Macadamia Nut Brittle, Vanilla, Salted Caramel) (Kelímek: 460 ml / Mini kelímky: 4x 95 ml)",ready,0.95,
seed-src-0353,seed_bezna_maloobchodni_baleni_mrazenych_potravin_cesky_trh.pdf,2,"4. ZMRZLINY, NANUKY A DEZERTY",Potraviny,Mražené potraviny,Bon Gelati,group_match,"Bon Gelati Rodinné vaničky (Bourbon Vanille, Chocolate, Stracciatella)",,"[{""quantity"":1.0,""unit"":""l"",""canonical_quantity"":1.0,""canonical_unit"":""l"",""raw"":""1 l""},{""quantity"":2.0,""unit"":""l"",""canonical_quantity"":2.0,""canonical_unit"":""l"",""raw"":""2 l""}]",,,"Bon Gelati Rodinné vaničky (Bourbon Vanille, Chocolate, Stracciatella) (Vanička: 1 l / 2 l)",ready,0.95,
seed-src-0354,seed_bezna_maloobchodni_baleni_mrazenych_potravin_cesky_trh.pdf,2,"4. ZMRZLINY, NANUKY A DEZERTY",Potraviny,Mražené potraviny,Gelatelli,group_match,"Gelatelli Nanuky na dřívku (Alternativa k nanukům Magnum – Almond, White)",,"[{""quantity"":120.0,""unit"":""ml"",""canonical_quantity"":0.12,""canonical_unit"":""l"",""raw"":""120 ml""}]",6,multipack,"Gelatelli Nanuky na dřívku (Alternativa k nanukům Magnum – Almond, White) (Multipack: 6x 120 ml)",ready,0.95,
seed-src-0355,seed_bezna_maloobchodni_baleni_mrazenych_potravin_cesky_trh.pdf,2,"4. ZMRZLINY, NANUKY A DEZERTY",Potraviny,Mražené potraviny,Gelatelli,group_match,Gelatelli Vaničky ve stylu amerických zmrzlin (Alternativa k Ben & Jerry's),,"[{""quantity"":500.0,""unit"":""ml"",""canonical_quantity"":0.5,""canonical_unit"":""l"",""raw"":""500 ml""}]",,,Gelatelli Vaničky ve stylu amerických zmrzlin (Alternativa k Ben & Jerry's) (Kelímek: 500 ml),ready,0.95,
seed-src-0356,seed_bezna_maloobchodni_baleni_mrazenych_potravin_cesky_trh.pdf,3,"4. ZMRZLINY, NANUKY A DEZERTY",Potraviny,Mražené potraviny,K-Classic,group_match,K-Classic Ruská zmrzlina (Kaufland),,"[{""quantity"":200.0,""unit"":""ml"",""canonical_quantity"":0.2,""canonical_unit"":""l"",""raw"":""200 ml""}]",,,K-Classic Ruská zmrzlina (Kaufland) (Balení: 200 ml),ready,0.95,
seed-src-0357,seed_bezna_maloobchodni_baleni_mrazenych_potravin_cesky_trh.pdf,3,"4. ZMRZLINY, NANUKY A DEZERTY",Potraviny,Mražené potraviny,Albert,group_match,"Albert Excellent Sorbet (Jahoda, Mango, Malina s vysokým podílem ovoce)",,"[{""quantity"":500.0,""unit"":""ml"",""canonical_quantity"":0.5,""canonical_unit"":""l"",""raw"":""500 ml""}]",,,"Albert Excellent Sorbet (Jahoda, Mango, Malina s vysokým podílem ovoce) (Kelímek: 500 ml)",ready,0.95,
seed-src-0358,seed_bezna_maloobchodni_baleni_mrazenych_potravin_cesky_trh.pdf,3,"4. ZMRZLINY, NANUKY A DEZERTY",Potraviny,Mražené potraviny,Tesco,group_match,"Tesco Ice Cream Vanilla / Chocolate (Tesco – základní rodinná zmrzlina) (Vanička: 1 l / 2 l) zachovat zejména značku, produkt/variantu, velikost balení, jednotku, typ obalu a případně počet kusů v multipacku.",,"[{""quantity"":1.0,""unit"":""l"",""canonical_quantity"":1.0,""canonical_unit"":""l"",""raw"":""1 l""},{""quantity"":2.0,""unit"":""l"",""canonical_quantity"":2.0,""canonical_unit"":""l"",""raw"":""2 l""}]",,,"Tesco Ice Cream Vanilla / Chocolate (Tesco – základní rodinná zmrzlina) (Vanička: 1 l / 2 l) zachovat zejména značku, produkt/variantu, velikost balení, jednotku, typ obalu a případně počet kusů v multipacku.",ready,0.95,
seed-src-0359,seed_bezna_maloobchodni_baleni_napoju_cesky_trh.pdf,1,1. MINERÁLNÍ A PRAMENITÉ VODY (Čisté i ochucené),Potraviny,Nápoje,Mattoni,group_match,"Mattoni přírodní (Neperlivá, Jemně perlivá, Perlivá)",,"[{""quantity"":1.5,""unit"":""l"",""canonical_quantity"":1.5,""canonical_unit"":""l"",""raw"":""1,5 l""},{""quantity"":1.0,""unit"":""l"",""canonical_quantity"":1.0,""canonical_unit"":""l"",""raw"":""1 l""}]",,,"Mattoni přírodní (Neperlivá, Jemně perlivá, Perlivá) (PET láhev: 1,5 l / Skleněná láhev: 1 l)",ready,0.95,
seed-src-0360,seed_bezna_maloobchodni_baleni_napoju_cesky_trh.pdf,1,1. MINERÁLNÍ A PRAMENITÉ VODY (Čisté i ochucené),Potraviny,Nápoje,Mattoni,group_match,"Mattoni ochucená (Citron, Pomeranč, Grapefruit, Bílé hrozny, Granátové jablko)",,"[{""quantity"":1.5,""unit"":""l"",""canonical_quantity"":1.5,""canonical_unit"":""l"",""raw"":""1,5 l""},{""quantity"":0.5,""unit"":""l"",""canonical_quantity"":0.5,""canonical_unit"":""l"",""raw"":""0,5 l""}]",,,"Mattoni ochucená (Citron, Pomeranč, Grapefruit, Bílé hrozny, Granátové jablko) (PET láhev: 1,5 l / Plechovka: 0,5 l)",ready,0.95,
seed-src-0361,seed_bezna_maloobchodni_baleni_napoju_cesky_trh.pdf,1,1. MINERÁLNÍ A PRAMENITÉ VODY (Čisté i ochucené),Potraviny,Nápoje,Mattoni,group_match,Mattoni Multi (S vitamíny – řada Essence),,"[{""quantity"":1.5,""unit"":""l"",""canonical_quantity"":1.5,""canonical_unit"":""l"",""raw"":""1,5 l""}]",,,"Mattoni Multi (S vitamíny – řada Essence) (PET láhev: 1,5 l)",ready,0.95,
seed-src-0362,seed_bezna_maloobchodni_baleni_napoju_cesky_trh.pdf,1,1. MINERÁLNÍ A PRAMENITÉ VODY (Čisté i ochucené),Potraviny,Nápoje,Magnesia,group_match,"Magnesia přírodní (Neperlivá, Jemně perlivá, Perlivá)",,"[{""quantity"":1.5,""unit"":""l"",""canonical_quantity"":1.5,""canonical_unit"":""l"",""raw"":""1,5 l""},{""quantity"":0.5,""unit"":""l"",""canonical_quantity"":0.5,""canonical_unit"":""l"",""raw"":""0,5 l""}]",,,"Magnesia přírodní (Neperlivá, Jemně perlivá, Perlivá) (PET láhev: 1,5 l / 0,5 l)",ready,0.95,
seed-src-0363,seed_bezna_maloobchodni_baleni_napoju_cesky_trh.pdf,1,1. MINERÁLNÍ A PRAMENITÉ VODY (Čisté i ochucené),Potraviny,Nápoje,Magnesia,group_match,"Magnesia Plus (Funkční vody s vitamíny a minerály: Focus, Antistress)",,"[{""quantity"":0.75,""unit"":""l"",""canonical_quantity"":0.75,""canonical_unit"":""l"",""raw"":""0,75 l""}]",,,"Magnesia Plus (Funkční vody s vitamíny a minerály: Focus, Antistress) (PET láhev: 0,75 l)",ready,0.95,
seed-src-0364,seed_bezna_maloobchodni_baleni_napoju_cesky_trh.pdf,1,1. MINERÁLNÍ A PRAMENITÉ VODY (Čisté i ochucené),Potraviny,Nápoje,Magnesia,group_match,"Magnesia Red (Ochucená červeným ovocem: Jahoda, Malina, Brusinka)",,"[{""quantity"":1.5,""unit"":""l"",""canonical_quantity"":1.5,""canonical_unit"":""l"",""raw"":""1,5 l""}]",,,"Magnesia Red (Ochucená červeným ovocem: Jahoda, Malina, Brusinka) (PET láhev: 1,5 l)",ready,0.95,
seed-src-0365,seed_bezna_maloobchodni_baleni_napoju_cesky_trh.pdf,1,1. MINERÁLNÍ A PRAMENITÉ VODY (Čisté i ochucené),Potraviny,Nápoje,Rajec,group_match,"Rajec pramenitá voda (Natur neperlivá, Jemně perlivá / Ochucená: Mateřídouška, Kaštan, Brusinka)",,"[{""quantity"":1.5,""unit"":""l"",""canonical_quantity"":1.5,""canonical_unit"":""l"",""raw"":""1,5 l""},{""quantity"":0.75,""unit"":""l"",""canonical_quantity"":0.75,""canonical_unit"":""l"",""raw"":""0.75 l""}]",,,"Rajec pramenitá voda (Natur neperlivá, Jemně perlivá / Ochucená: Mateřídouška, Kaštan, Brusinka) (PET láhev: 1,5 l / 0.75 l)",ready,0.95,
seed-src-0366,seed_bezna_maloobchodni_baleni_napoju_cesky_trh.pdf,1,1. MINERÁLNÍ A PRAMENITÉ VODY (Čisté i ochucené),Potraviny,Nápoje,Poděbradka,group_match,"Poděbradka (Tradiční alkalická minerálka: Citron, Pomeranč, Švestka)",,"[{""quantity"":1.5,""unit"":""l"",""canonical_quantity"":1.5,""canonical_unit"":""l"",""raw"":""1,5 l""}]",,,"Poděbradka (Tradiční alkalická minerálka: Citron, Pomeranč, Švestka) (PET láhev: 1,5 l)",ready,0.95,
seed-src-0367,seed_bezna_maloobchodni_baleni_napoju_cesky_trh.pdf,1,1. MINERÁLNÍ A PRAMENITÉ VODY (Čisté i ochucené),Potraviny,Nápoje,Hanácká Kyselka,group_match,"Hanácká Kyselka (Citron, Grapefruit, Aloe Vera)",,"[{""quantity"":1.5,""unit"":""l"",""canonical_quantity"":1.5,""canonical_unit"":""l"",""raw"":""1,5 l""}]",,,"Hanácká Kyselka (Citron, Grapefruit, Aloe Vera) (PET láhev: 1,5 l)",ready,0.95,
seed-src-0368,seed_bezna_maloobchodni_baleni_napoju_cesky_trh.pdf,1,1. MINERÁLNÍ A PRAMENITÉ VODY (Čisté i ochucené),Potraviny,Nápoje,Saguaro,group_match,"Saguaro přírodní pramenitá (Neperlivá, Jemně perlivá, Perlivá)",,"[{""quantity"":1.5,""unit"":""l"",""canonical_quantity"":1.5,""canonical_unit"":""l"",""raw"":""1,5 l""},{""quantity"":2.0,""unit"":""l"",""canonical_quantity"":2.0,""canonical_unit"":""l"",""raw"":""2 l""}]",,,"Saguaro přírodní pramenitá (Neperlivá, Jemně perlivá, Perlivá) (PET láhev: 1,5 l / 2 l)",ready,0.95,
seed-src-0369,seed_bezna_maloobchodni_baleni_napoju_cesky_trh.pdf,1,1. MINERÁLNÍ A PRAMENITÉ VODY (Čisté i ochucené),Potraviny,Nápoje,Saguaro,group_match,"Saguaro ochucená (Citron, Pomeranč, Malina, Lesní plody)",,"[{""quantity"":1.5,""unit"":""l"",""canonical_quantity"":1.5,""canonical_unit"":""l"",""raw"":""1,5 l""}]",,,"Saguaro ochucená (Citron, Pomeranč, Malina, Lesní plody) (PET láhev: 1,5 l)",ready,0.95,
seed-src-0370,seed_bezna_maloobchodni_baleni_napoju_cesky_trh.pdf,1,1. MINERÁLNÍ A PRAMENITÉ VODY (Čisté i ochucené),Potraviny,Nápoje,K-Classic,group_match,K-Classic Minerální voda (Kaufland - přírodní i ochucené druhy),,"[{""quantity"":1.5,""unit"":""l"",""canonical_quantity"":1.5,""canonical_unit"":""l"",""raw"":""1,5 l""}]",,,"K-Classic Minerální voda (Kaufland - přírodní i ochucené druhy) (PET láhev: 1,5 l)",ready,0.95,
seed-src-0371,seed_bezna_maloobchodni_baleni_napoju_cesky_trh.pdf,1,1. MINERÁLNÍ A PRAMENITÉ VODY (Čisté i ochucené),Potraviny,Nápoje,Albert,group_match,Albert Pramenitá voda čistá (Albert),,"[{""quantity"":1.5,""unit"":""l"",""canonical_quantity"":1.5,""canonical_unit"":""l"",""raw"":""1,5 l""}]",,,"Albert Pramenitá voda čistá (Albert) (PET láhev: 1,5 l)",ready,0.95,
seed-src-0372,seed_bezna_maloobchodni_baleni_napoju_cesky_trh.pdf,1,1. MINERÁLNÍ A PRAMENITÉ VODY (Čisté i ochucené),Potraviny,Nápoje,Tesco,group_match,Tesco Spring Water (Tesco),,"[{""quantity"":1.5,""unit"":""l"",""canonical_quantity"":1.5,""canonical_unit"":""l"",""raw"":""1,5 l""},{""quantity"":5.0,""unit"":""l"",""canonical_quantity"":5.0,""canonical_unit"":""l"",""raw"":""5 l""}]",,,"Tesco Spring Water (Tesco) (PET láhev: 1,5 l / 5 l barel)",ready,0.95,
seed-src-0373,seed_bezna_maloobchodni_baleni_napoju_cesky_trh.pdf,1,2. NEALKOHOLICKÉ LIMONÁDY A LEDOVÉ ČAJE,Potraviny,Nápoje,Kofola,group_match,Kofola Originál,,"[{""quantity"":1.5,""unit"":""l"",""canonical_quantity"":1.5,""canonical_unit"":""l"",""raw"":""1,5 l""},{""quantity"":2.0,""unit"":""l"",""canonical_quantity"":2.0,""canonical_unit"":""l"",""raw"":""2 l""},{""quantity"":0.25,""unit"":""l"",""canonical_quantity"":0.25,""canonical_unit"":""l"",""raw"":""0,25 l""},{""quantity"":0.5,""unit"":""l"",""canonical_quantity"":0.5,""canonical_unit"":""l"",""raw"":""0,5 l""}]",,,"Kofola Originál (PET láhev: 1,5 l / 2 l / Plechovka: 0,25 l / 0,5 l / Sklo: 0,25 l)",ready,0.95,
seed-src-0374,seed_bezna_maloobchodni_baleni_napoju_cesky_trh.pdf,1,2. NEALKOHOLICKÉ LIMONÁDY A LEDOVÉ ČAJE,Potraviny,Nápoje,Kofola,group_match,Kofola bez cukru (Kofola Bez),,"[{""quantity"":1.5,""unit"":""l"",""canonical_quantity"":1.5,""canonical_unit"":""l"",""raw"":""1,5 l""}]",,,"Kofola bez cukru (Kofola Bez) (PET láhev: 1,5 l)",ready,0.95,
seed-src-0375,seed_bezna_maloobchodni_baleni_napoju_cesky_trh.pdf,1,2. NEALKOHOLICKÉ LIMONÁDY A LEDOVÉ ČAJE,Potraviny,Nápoje,Kofola,group_match,"Kofola ochucená (Citrus, Višeň, Meloun, limitované vánoční edice)",,"[{""quantity"":1.5,""unit"":""l"",""canonical_quantity"":1.5,""canonical_unit"":""l"",""raw"":""1,5 l""}]",,,"Kofola ochucená (Citrus, Višeň, Meloun, limitované vánoční edice) (PET láhev: 1,5 l)",ready,0.95,
seed-src-0376,seed_bezna_maloobchodni_baleni_napoju_cesky_trh.pdf,1,2. NEALKOHOLICKÉ LIMONÁDY A LEDOVÉ ČAJE,Potraviny,Nápoje,Coca-Cola,group_match,"Coca-Cola (Original, Zero cukru, Light, Vanilla, Cherry)",,"[{""quantity"":1.0,""unit"":""l"",""canonical_quantity"":1.0,""canonical_unit"":""l"",""raw"":""1 l""},{""quantity"":1.5,""unit"":""l"",""canonical_quantity"":1.5,""canonical_unit"":""l"",""raw"":""1,5 l""},{""quantity"":2.0,""unit"":""l"",""canonical_quantity"":2.0,""canonical_unit"":""l"",""raw"":""2 l""},{""quantity"":0.33,""unit"":""l"",""canonical_quantity"":0.33,""canonical_unit"":""l"",""raw"":""0,33 l""}]",,,"Coca-Cola (Original, Zero cukru, Light, Vanilla, Cherry) (PET láhev: 1 l / 1,5 l / 2 l / Plechovka: 0,33 l)",ready,0.95,
seed-src-0377,seed_bezna_maloobchodni_baleni_napoju_cesky_trh.pdf,1,2. NEALKOHOLICKÉ LIMONÁDY A LEDOVÉ ČAJE,Potraviny,Nápoje,Coca-Cola,group_fallback,"Fanta (Pomeranč, Shokata s bezovým květem, Mandarinka)",,"[{""quantity"":1.5,""unit"":""l"",""canonical_quantity"":1.5,""canonical_unit"":""l"",""raw"":""1,5 l""},{""quantity"":0.33,""unit"":""l"",""canonical_quantity"":0.33,""canonical_unit"":""l"",""raw"":""0,33 l""}]",,,"Fanta (Pomeranč, Shokata s bezovým květem, Mandarinka) (PET láhev: 1,5 l / Plechovka: 0,33 l)",ready,0.95,
seed-src-0378,seed_bezna_maloobchodni_baleni_napoju_cesky_trh.pdf,1,2. NEALKOHOLICKÉ LIMONÁDY A LEDOVÉ ČAJE,Potraviny,Nápoje,Coca-Cola,group_fallback,Sprite,,"[{""quantity"":1.5,""unit"":""l"",""canonical_quantity"":1.5,""canonical_unit"":""l"",""raw"":""1,5 l""},{""quantity"":0.33,""unit"":""l"",""canonical_quantity"":0.33,""canonical_unit"":""l"",""raw"":""0,33 l""}]",,,"Sprite (PET láhev: 1,5 l / Plechovka: 0,33 l)",ready,0.95,
seed-src-0379,seed_bezna_maloobchodni_baleni_napoju_cesky_trh.pdf,1,2. NEALKOHOLICKÉ LIMONÁDY A LEDOVÉ ČAJE,Potraviny,Nápoje,Pepsi,group_match,"Pepsi (Original, Max bez cukru, Lime, Mango)",,"[{""quantity"":1.5,""unit"":""l"",""canonical_quantity"":1.5,""canonical_unit"":""l"",""raw"":""1,5 l""},{""quantity"":2.0,""unit"":""l"",""canonical_quantity"":2.0,""canonical_unit"":""l"",""raw"":""2 l""},{""quantity"":0.33,""unit"":""l"",""canonical_quantity"":0.33,""canonical_unit"":""l"",""raw"":""0,33 l""}]",,,"Pepsi (Original, Max bez cukru, Lime, Mango) (PET láhev: 1,5 l / 2 l / Plechovka: 0,33 l)",ready,0.95,
seed-src-0380,seed_bezna_maloobchodni_baleni_napoju_cesky_trh.pdf,1,2. NEALKOHOLICKÉ LIMONÁDY A LEDOVÉ ČAJE,Potraviny,Nápoje,Coca-Cola,group_fallback,Mirinda (Pomeranč) / 7UP,,"[{""quantity"":1.5,""unit"":""l"",""canonical_quantity"":1.5,""canonical_unit"":""l"",""raw"":""1,5 l""},{""quantity"":2.0,""unit"":""l"",""canonical_quantity"":2.0,""canonical_unit"":""l"",""raw"":""2 l""}]",,,"Mirinda (Pomeranč) / 7UP (PET láhev: 1,5 l / 2 l)",ready,0.95,
seed-src-0381,seed_bezna_maloobchodni_baleni_napoju_cesky_trh.pdf,1,2. NEALKOHOLICKÉ LIMONÁDY A LEDOVÉ ČAJE,Potraviny,Nápoje,Lipton,group_match,"Lipton Ice Tea (Peach - broskev, Lemon - citron, Green Tea - zelený čaj)",,"[{""quantity"":1.5,""unit"":""l"",""canonical_quantity"":1.5,""canonical_unit"":""l"",""raw"":""1,5 l""},{""quantity"":0.33,""unit"":""l"",""canonical_quantity"":0.33,""canonical_unit"":""l"",""raw"":""0,33 l""}]",,,"Lipton Ice Tea (Peach - broskev, Lemon - citron, Green Tea - zelený čaj) (PET láhev: 1,5 l / Plechovka: 0,33 l)",ready,0.95,
seed-src-0382,seed_bezna_maloobchodni_baleni_napoju_cesky_trh.pdf,1,2. NEALKOHOLICKÉ LIMONÁDY A LEDOVÉ ČAJE,Potraviny,Nápoje,FuzeTea,group_match,"FuzeTea (Černý čaj s broskví a ibiškem, Zelený čaj s jahodou a aloe)",,"[{""quantity"":1.5,""unit"":""l"",""canonical_quantity"":1.5,""canonical_unit"":""l"",""raw"":""1,5 l""}]",,,"FuzeTea (Černý čaj s broskví a ibiškem, Zelený čaj s jahodou a aloe) (PET láhev: 1,5 l)",ready,0.95,
seed-src-0383,seed_bezna_maloobchodni_baleni_napoju_cesky_trh.pdf,1,2. NEALKOHOLICKÉ LIMONÁDY A LEDOVÉ ČAJE,Potraviny,Nápoje,Freeway,group_match,Freeway Cola / Freeway Orange / Freeway Lemon,,"[{""quantity"":2.0,""unit"":""l"",""canonical_quantity"":2.0,""canonical_unit"":""l"",""raw"":""2 l""}]",,,Freeway Cola / Freeway Orange / Freeway Lemon (PET láhev: 2 l),ready,0.95,
seed-src-0384,seed_bezna_maloobchodni_baleni_napoju_cesky_trh.pdf,1,2. NEALKOHOLICKÉ LIMONÁDY A LEDOVÉ ČAJE,Potraviny,Nápoje,Siti,group_match,"Siti Ice Tea (Peach, Lemon, Green)",,"[{""quantity"":1.5,""unit"":""l"",""canonical_quantity"":1.5,""canonical_unit"":""l"",""raw"":""1,5 l""}]",,,"Siti Ice Tea (Peach, Lemon, Green) (PET láhev: 1,5 l)",ready,0.95,
seed-src-0385,seed_bezna_maloobchodni_baleni_napoju_cesky_trh.pdf,2,"3. DŽUSY, NEKTARY A OVOCNÉ ŠŤÁVY",Potraviny,Nápoje,Pfanner,group_match,"Pfanner stoprocentní (Jablko, Pomeranč, Ananas, Červený hrozen)",,"[{""quantity"":1.0,""unit"":""l"",""canonical_quantity"":1.0,""canonical_unit"":""l"",""raw"":""1 l""},{""quantity"":2.0,""unit"":""l"",""canonical_quantity"":2.0,""canonical_unit"":""l"",""raw"":""2 l""}]",,,"Pfanner stoprocentní (Jablko, Pomeranč, Ananas, Červený hrozen) (Tetrapak: 1 l / 2 l)",ready,0.95,
seed-src-0386,seed_bezna_maloobchodni_baleni_napoju_cesky_trh.pdf,2,"3. DŽUSY, NEKTARY A OVOCNÉ ŠŤÁVY",Potraviny,Nápoje,Pfanner,group_match,"Pfanner nektary a nápoje (Multivitamín 100% nebo 50%, Černý rybíz, Brusinka)",,"[{""quantity"":1.0,""unit"":""l"",""canonical_quantity"":1.0,""canonical_unit"":""l"",""raw"":""1 l""},{""quantity"":2.0,""unit"":""l"",""canonical_quantity"":2.0,""canonical_unit"":""l"",""raw"":""2 l""}]",,,"Pfanner nektary a nápoje (Multivitamín 100% nebo 50%, Černý rybíz, Brusinka) (Tetrapak: 1 l / 2 l)",ready,0.95,
seed-src-0387,seed_bezna_maloobchodni_baleni_napoju_cesky_trh.pdf,2,"3. DŽUSY, NEKTARY A OVOCNÉ ŠŤÁVY",Potraviny,Nápoje,Relax,group_match,"Relax stoprocentní džusy (Pomeranč, Jablko, Rajče)",,"[{""quantity"":1.0,""unit"":""l"",""canonical_quantity"":1.0,""canonical_unit"":""l"",""raw"":""1 l""}]",,,"Relax stoprocentní džusy (Pomeranč, Jablko, Rajče) (Tetrapak: 1 l)",ready,0.95,
seed-src-0388,seed_bezna_maloobchodni_baleni_napoju_cesky_trh.pdf,2,"3. DŽUSY, NEKTARY A OVOCNÉ ŠŤÁVY",Potraviny,Nápoje,Relax,group_match,"Relax Exotica / Nápoje (Kaktus-jablko-limetka, Banán, Mango, Meloun)",,"[{""quantity"":1.0,""unit"":""l"",""canonical_quantity"":1.0,""canonical_unit"":""l"",""raw"":""1 l""}]",,,"Relax Exotica / Nápoje (Kaktus-jablko-limetka, Banán, Mango, Meloun) (Tetrapak / PET: 1 l)",ready,0.95,
seed-src-0389,seed_bezna_maloobchodni_baleni_napoju_cesky_trh.pdf,2,"3. DŽUSY, NEKTARY A OVOCNÉ ŠŤÁVY",Potraviny,Nápoje,Granini,group_match,"Granini (Pomeranč s dužinou, Jablko, Růžový grapefruit, Černý rybíz)",,"[{""quantity"":1.0,""unit"":""l"",""canonical_quantity"":1.0,""canonical_unit"":""l"",""raw"":""1 l""}]",,,"Granini (Pomeranč s dužinou, Jablko, Růžový grapefruit, Černý rybíz) (PET láhev s důlky: 1 l)",ready,0.95,
seed-src-0390,seed_bezna_maloobchodni_baleni_napoju_cesky_trh.pdf,2,"3. DŽUSY, NEKTARY A OVOCNÉ ŠŤÁVY",Potraviny,Nápoje,Rauch,group_match,"Rauch Bravo (Ovocné nektary a nápoje: Zelené jablko, Jahoda, Multivitamín)",,"[{""quantity"":1.0,""unit"":""l"",""canonical_quantity"":1.0,""canonical_unit"":""l"",""raw"":""1 l""},{""quantity"":1.5,""unit"":""l"",""canonical_quantity"":1.5,""canonical_unit"":""l"",""raw"":""1,5 l""}]",,,"Rauch Bravo (Ovocné nektary a nápoje: Zelené jablko, Jahoda, Multivitamín) (Tetrapak / PET: 1 l / 1,5 l)",ready,0.95,
seed-src-0391,seed_bezna_maloobchodni_baleni_napoju_cesky_trh.pdf,2,"3. DŽUSY, NEKTARY A OVOCNÉ ŠŤÁVY",Potraviny,Nápoje,Rauch,group_match,Rauch Happy Day (100% džusy nejvyšší kvality) (Tetrapak: 1 l) Solevita / Dizzy,,"[{""quantity"":1.0,""unit"":""l"",""canonical_quantity"":1.0,""canonical_unit"":""l"",""raw"":""1 l""}]",,,Rauch Happy Day (100% džusy nejvyšší kvality) (Tetrapak: 1 l) Solevita / Dizzy (Lidl),ready,0.95,
seed-src-0392,seed_bezna_maloobchodni_baleni_napoju_cesky_trh.pdf,2,"3. DŽUSY, NEKTARY A OVOCNÉ ŠŤÁVY",Potraviny,Nápoje,Granini,group_fallback,Solevita 100% Pomeranč / Jablko / Multivitamín,,"[{""quantity"":1.0,""unit"":""l"",""canonical_quantity"":1.0,""canonical_unit"":""l"",""raw"":""1 l""}]",,,Solevita 100% Pomeranč / Jablko / Multivitamín (Tetrapak: 1 l),ready,0.95,
seed-src-0393,seed_bezna_maloobchodni_baleni_napoju_cesky_trh.pdf,2,"3. DŽUSY, NEKTARY A OVOCNÉ ŠŤÁVY",Potraviny,Nápoje,Granini,group_fallback,"Solevita Čerstvě lisovaná šťáva z chladicího boxu (NFC šťáva: Pomeranč, Jablko)",,"[{""quantity"":1.0,""unit"":""l"",""canonical_quantity"":1.0,""canonical_unit"":""l"",""raw"":""1 l""}]",,,"Solevita Čerstvě lisovaná šťáva z chladicího boxu (NFC šťáva: Pomeranč, Jablko) (PET láhev: 1 l)",ready,0.95,
seed-src-0394,seed_bezna_maloobchodni_baleni_napoju_cesky_trh.pdf,2,"3. DŽUSY, NEKTARY A OVOCNÉ ŠŤÁVY",Potraviny,Nápoje,K-Classic,group_match,K-Classic 100% Orange / Apfel (Kaufland),,"[{""quantity"":1.0,""unit"":""l"",""canonical_quantity"":1.0,""canonical_unit"":""l"",""raw"":""1 l""}]",,,K-Classic 100% Orange / Apfel (Kaufland) (Tetrapak: 1 l),ready,0.95,
seed-src-0395,seed_bezna_maloobchodni_baleni_napoju_cesky_trh.pdf,2,"3. DŽUSY, NEKTARY A OVOCNÉ ŠŤÁVY",Potraviny,Nápoje,Albert,group_match,Albert 100% Jablko z koncentrátu (Albert),,"[{""quantity"":1.0,""unit"":""l"",""canonical_quantity"":1.0,""canonical_unit"":""l"",""raw"":""1 l""}]",,,Albert 100% Jablko z koncentrátu (Albert) (Tetrapak: 1 l),ready,0.95,
seed-src-0396,seed_bezna_maloobchodni_baleni_napoju_cesky_trh.pdf,2,"3. DŽUSY, NEKTARY A OVOCNÉ ŠŤÁVY",Potraviny,Nápoje,Tesco,group_match,Tesco Juice 100% (Tesco),,"[{""quantity"":1.0,""unit"":""l"",""canonical_quantity"":1.0,""canonical_unit"":""l"",""raw"":""1 l""}]",,,Tesco Juice 100% (Tesco) (Tetrapak: 1 l),ready,0.95,
seed-src-0397,seed_bezna_maloobchodni_baleni_napoju_cesky_trh.pdf,2,4. PIVO (Největší české pivovary a stálice),Potraviny,Alkoholické nápoje,Plzeňský Prazdroj,group_fallback,Pilsner Urquell (Prémiový světlý ležák),,"[{""quantity"":0.5,""unit"":""l"",""canonical_quantity"":0.5,""canonical_unit"":""l"",""raw"":""0,5 l""}]",8,multipack,"Pilsner Urquell (Prémiový světlý ležák) (Skleněná láhev: 0,5 l / Plechovka: 0,5 l / Multipack: 8x 0,5 l)",ready,0.95,
seed-src-0398,seed_bezna_maloobchodni_baleni_napoju_cesky_trh.pdf,2,4. PIVO (Největší české pivovary a stálice),Potraviny,Alkoholické nápoje,Plzeňský Prazdroj,group_fallback,"Radegast (Rázná 10, Ryze Hořká 12, Rog IPU)",,"[{""quantity"":0.5,""unit"":""l"",""canonical_quantity"":0.5,""canonical_unit"":""l"",""raw"":""0,5 l""}]",,,"Radegast (Rázná 10, Ryze Hořká 12, Rog IPU) (Skleněná láhev / Plechovka: 0,5 l)",ready,0.95,
seed-src-0399,seed_bezna_maloobchodni_baleni_napoju_cesky_trh.pdf,2,4. PIVO (Největší české pivovary a stálice),Potraviny,Alkoholické nápoje,Plzeňský Prazdroj,group_fallback,"Velkopopovický Kozel (Světlý, Černý, Mistrův ležák, 11)",,"[{""quantity"":0.5,""unit"":""l"",""canonical_quantity"":0.5,""canonical_unit"":""l"",""raw"":""0,5 l""},{""quantity"":1.5,""unit"":""l"",""canonical_quantity"":1.5,""canonical_unit"":""l"",""raw"":""1,5 l""}]",,,"Velkopopovický Kozel (Světlý, Černý, Mistrův ležák, 11) (Skleněná láhev / Plechovka: 0,5 l / PET: 1,5 l)",ready,0.95,
seed-src-0400,seed_bezna_maloobchodni_baleni_napoju_cesky_trh.pdf,2,4. PIVO (Největší české pivovary a stálice),Potraviny,Alkoholické nápoje,Plzeňský Prazdroj,group_fallback,"Gambrinus (Originál 10, Patron 12)",,"[{""quantity"":0.5,""unit"":""l"",""canonical_quantity"":0.5,""canonical_unit"":""l"",""raw"":""0,5 l""}]",,,"Gambrinus (Originál 10, Patron 12) (Skleněná láhev / Plechovka: 0,5 l)",ready,0.95,
seed-src-0401,seed_bezna_maloobchodni_baleni_napoju_cesky_trh.pdf,2,4. PIVO (Největší české pivovary a stálice),Potraviny,Alkoholické nápoje,Plzeňský Prazdroj,group_fallback,Birell,,[],,,"Birell (Nealkoholické pivo: Světlé, Polotmavé / Ochucené: Pomelo&Grep;, Citrón&M;áta, Višeň&Ostru;žina)",needs_review,0.7,no_explicit_package
seed-src-0402,seed_bezna_maloobchodni_baleni_napoju_cesky_trh.pdf,2,4. PIVO (Největší české pivovary a stálice),Potraviny,Alkoholické nápoje,Staropramen,item_fallback,"Staropramen (Smíchov 10, Ležák 12, Jedenáctka)",,"[{""quantity"":0.5,""unit"":""l"",""canonical_quantity"":0.5,""canonical_unit"":""l"",""raw"":""0,5 l""}]",,,"Staropramen (Smíchov 10, Ležák 12, Jedenáctka) (Skleněná láhev / Plechovka: 0,5 l)",ready,0.95,
seed-src-0403,seed_bezna_maloobchodni_baleni_napoju_cesky_trh.pdf,2,4. PIVO (Největší české pivovary a stálice),Potraviny,Alkoholické nápoje,Braník,item_fallback,"Braník (Světlý, Jedenáctka, Ležák – populární ekonomické pivo)",,"[{""quantity"":0.5,""unit"":""l"",""canonical_quantity"":0.5,""canonical_unit"":""l"",""raw"":""0,5 l""},{""quantity"":1.5,""unit"":""l"",""canonical_quantity"":1.5,""canonical_unit"":""l"",""raw"":""1,5 l""},{""quantity"":2.0,""unit"":""l"",""canonical_quantity"":2.0,""canonical_unit"":""l"",""raw"":""2 l""}]",,,"Braník (Světlý, Jedenáctka, Ležák – populární ekonomické pivo) (Skleněná láhev: 0,5 l / PET láhev: 1,5 l / 2 l)",ready,0.95,
seed-src-0404,seed_bezna_maloobchodni_baleni_napoju_cesky_trh.pdf,2,4. PIVO (Největší české pivovary a stálice),Potraviny,Alkoholické nápoje,Cool,item_fallback,"Cool (Ochucené nízkoalkoholické a nealkoholické beery: Grep, Lemon)",,"[{""quantity"":0.5,""unit"":""l"",""canonical_quantity"":0.5,""canonical_unit"":""l"",""raw"":""0,5 l""}]",,,"Cool (Ochucené nízkoalkoholické a nealkoholické beery: Grep, Lemon) (Plechovka: 0,5 l)",ready,0.95,
seed-src-0405,seed_bezna_maloobchodni_baleni_napoju_cesky_trh.pdf,2,4. PIVO (Největší české pivovary a stálice),Potraviny,Alkoholické nápoje,Budějovický Budvar,group_fallback,"Budweiser Budvar (Original světlý ležák, Výčepní světlé, Tmavý ležák)",,"[{""quantity"":0.5,""unit"":""l"",""canonical_quantity"":0.5,""canonical_unit"":""l"",""raw"":""0,5 l""}]",,,"Budweiser Budvar (Original světlý ležák, Výčepní světlé, Tmavý ležák) (Skleněná láhev / Plechovka: 0,5 l)",ready,0.95,
seed-src-0406,seed_bezna_maloobchodni_baleni_napoju_cesky_trh.pdf,2,4. PIVO (Největší české pivovary a stálice),Potraviny,Alkoholické nápoje,Budějovický Budvar,group_fallback,Budvar 33 (Hořký ležák),,"[{""quantity"":0.5,""unit"":""l"",""canonical_quantity"":0.5,""canonical_unit"":""l"",""raw"":""0,5 l""}]",,,"Budvar 33 (Hořký ležák) (Skleněná láhev / Plechovka: 0,5 l)",ready,0.95,
seed-src-0407,seed_bezna_maloobchodni_baleni_napoju_cesky_trh.pdf,2,4. PIVO (Největší české pivovary a stálice),Potraviny,Alkoholické nápoje,Argus,group_match,Argus Maestic 12 / Argus Premium 11,,"[{""quantity"":0.5,""unit"":""l"",""canonical_quantity"":0.5,""canonical_unit"":""l"",""raw"":""0,5 l""}]",,,"Argus Maestic 12 / Argus Premium 11 (Skleněná láhev / Plechovka: 0,5 l)",ready,0.95,
seed-src-0408,seed_bezna_maloobchodni_baleni_napoju_cesky_trh.pdf,2,4. PIVO (Největší české pivovary a stálice),Potraviny,Alkoholické nápoje,Argus,group_match,"Argus Nealko / Argus Ochucený (Plechovka: 0,5 l) zejména značku, produkt/variantu, velikost balení, jednotku, typ obalu a případně počet kusů v multipacku.",,"[{""quantity"":0.5,""unit"":""l"",""canonical_quantity"":0.5,""canonical_unit"":""l"",""raw"":""0,5 l""}]",,,"Argus Nealko / Argus Ochucený (Plechovka: 0,5 l) zejména značku, produkt/variantu, velikost balení, jednotku, typ obalu a případně počet kusů v multipacku.",ready,0.95,
seed-src-0409,seed_bezna_maloobchodni_baleni_omacek_kecupu_horcic_dresinku_cesky_trh.pdf,1,1. KEČUPY,Potraviny,Omáčky a dochucovadla,Heinz,group_match,Heinz Tomato Ketchup (Jemný / Pálivý / Curry),,"[{""quantity"":450.0,""unit"":""g"",""canonical_quantity"":0.45,""canonical_unit"":""kg"",""raw"":""450 g""},{""quantity"":570.0,""unit"":""g"",""canonical_quantity"":0.57,""canonical_unit"":""kg"",""raw"":""570 g""},{""quantity"":875.0,""unit"":""ml"",""canonical_quantity"":0.875,""canonical_unit"":""l"",""raw"":""875 ml""},{""quantity"":342.0,""unit"":""g"",""canonical_quantity"":0.342,""canonical_unit"":""kg"",""raw"":""342 g""}]",,,Heinz Tomato Ketchup (Jemný / Pálivý / Curry) (Plastová láhev: 450 g / 570 g / 875 ml / Skleněná láhev: 342 g),ready,0.95,
seed-src-0410,seed_bezna_maloobchodni_baleni_omacek_kecupu_horcic_dresinku_cesky_trh.pdf,1,1. KEČUPY,Potraviny,Omáčky a dochucovadla,Heinz,group_match,Heinz Ketchup se sníženým obsahem cukru a soli,,"[{""quantity"":400.0,""unit"":""ml"",""canonical_quantity"":0.4,""canonical_unit"":""l"",""raw"":""400 ml""}]",,,Heinz Ketchup se sníženým obsahem cukru a soli (Plastová láhev: 400 ml),ready,0.95,
seed-src-0411,seed_bezna_maloobchodni_baleni_omacek_kecupu_horcic_dresinku_cesky_trh.pdf,1,1. KEČUPY,Potraviny,Omáčky a dochucovadla,Hellmann's,group_match,Hellmann's Jemný kečup / Pálivý kečup,,"[{""quantity"":470.0,""unit"":""g"",""canonical_quantity"":0.47,""canonical_unit"":""kg"",""raw"":""470 g""},{""quantity"":485.0,""unit"":""g"",""canonical_quantity"":0.485,""canonical_unit"":""kg"",""raw"":""485 g""},{""quantity"":825.0,""unit"":""g"",""canonical_quantity"":0.825,""canonical_unit"":""kg"",""raw"":""825 g""}]",,,Hellmann's Jemný kečup / Pálivý kečup (Plastová láhev: 470 g / 485 g / 825 g),ready,0.95,
seed-src-0412,seed_bezna_maloobchodni_baleni_omacek_kecupu_horcic_dresinku_cesky_trh.pdf,1,1. KEČUPY,Potraviny,Omáčky a dochucovadla,Hellmann's,group_match,Hellmann's Ketchup Napoletana s bylinkami,,"[{""quantity"":450.0,""unit"":""g"",""canonical_quantity"":0.45,""canonical_unit"":""kg"",""raw"":""450 g""}]",,,Hellmann's Ketchup Napoletana s bylinkami (Plastová láhev: 450 g),ready,0.95,
seed-src-0413,seed_bezna_maloobchodni_baleni_omacek_kecupu_horcic_dresinku_cesky_trh.pdf,1,1. KEČUPY,Potraviny,Omáčky a dochucovadla,Otma Gurmán,group_match,Otma Gurmán Kečup extra jemný / extra pálivý,,"[{""quantity"":310.0,""unit"":""g"",""canonical_quantity"":0.31,""canonical_unit"":""kg"",""raw"":""310 g""},{""quantity"":520.0,""unit"":""g"",""canonical_quantity"":0.52,""canonical_unit"":""kg"",""raw"":""520 g""}]",,,Otma Gurmán Kečup extra jemný / extra pálivý (Skleněná láhev: 310 g / 520 g),ready,0.95,
seed-src-0414,seed_bezna_maloobchodni_baleni_omacek_kecupu_horcic_dresinku_cesky_trh.pdf,1,1. KEČUPY,Potraviny,Omáčky a dochucovadla,Otma,group_match,Otma Kečup jemný / pálivý / cikánský (Plastová láhev: 490 g / 860 g) Kania,,"[{""quantity"":490.0,""unit"":""g"",""canonical_quantity"":0.49,""canonical_unit"":""kg"",""raw"":""490 g""},{""quantity"":860.0,""unit"":""g"",""canonical_quantity"":0.86,""canonical_unit"":""kg"",""raw"":""860 g""}]",,,Otma Kečup jemný / pálivý / cikánský (Plastová láhev: 490 g / 860 g) Kania (Lidl),ready,0.95,
seed-src-0415,seed_bezna_maloobchodni_baleni_omacek_kecupu_horcic_dresinku_cesky_trh.pdf,1,1. KEČUPY,Potraviny,Omáčky a dochucovadla,Otma,group_fallback,Kania Kečup jemný / pálivý,,"[{""quantity"":500.0,""unit"":""g"",""canonical_quantity"":0.5,""canonical_unit"":""kg"",""raw"":""500 g""},{""quantity"":1.0,""unit"":""kg"",""canonical_quantity"":1.0,""canonical_unit"":""kg"",""raw"":""1 kg""}]",,,Kania Kečup jemný / pálivý (Plastová láhev: 500 g / 1 kg),ready,0.95,
seed-src-0416,seed_bezna_maloobchodni_baleni_omacek_kecupu_horcic_dresinku_cesky_trh.pdf,1,1. KEČUPY,Potraviny,Omáčky a dochucovadla,Otma,group_fallback,Kania Ketchup Premium (S vysokým podílem rajčat),,"[{""quantity"":500.0,""unit"":""g"",""canonical_quantity"":0.5,""canonical_unit"":""kg"",""raw"":""500 g""}]",,,Kania Ketchup Premium (S vysokým podílem rajčat) (Plastová láhev: 500 g),ready,0.95,
seed-src-0417,seed_bezna_maloobchodni_baleni_omacek_kecupu_horcic_dresinku_cesky_trh.pdf,1,1. KEČUPY,Potraviny,Omáčky a dochucovadla,K-Classic,group_match,K-Classic Kečup jemný / pálivý,,"[{""quantity"":500.0,""unit"":""g"",""canonical_quantity"":0.5,""canonical_unit"":""kg"",""raw"":""500 g""},{""quantity"":1.0,""unit"":""kg"",""canonical_quantity"":1.0,""canonical_unit"":""kg"",""raw"":""1 kg""}]",,,K-Classic Kečup jemný / pálivý (Plastová láhev: 500 g / 1 kg),ready,0.95,
seed-src-0418,seed_bezna_maloobchodni_baleni_omacek_kecupu_horcic_dresinku_cesky_trh.pdf,1,1. KEČUPY,Potraviny,Omáčky a dochucovadla,K-Bio,group_match,K-Bio Rajčatový kečup,,"[{""quantity"":500.0,""unit"":""ml"",""canonical_quantity"":0.5,""canonical_unit"":""l"",""raw"":""500 ml""}]",,,K-Bio Rajčatový kečup (Skleněná láhev: 500 ml),ready,0.95,
seed-src-0419,seed_bezna_maloobchodni_baleni_omacek_kecupu_horcic_dresinku_cesky_trh.pdf,1,1. KEČUPY,Potraviny,Omáčky a dochucovadla,Albert,group_match,Albert Kečup jemný / pálivý,,"[{""quantity"":500.0,""unit"":""g"",""canonical_quantity"":0.5,""canonical_unit"":""kg"",""raw"":""500 g""}]",,,Albert Kečup jemný / pálivý (Plastová láhev: 500 g),ready,0.95,
seed-src-0420,seed_bezna_maloobchodni_baleni_omacek_kecupu_horcic_dresinku_cesky_trh.pdf,1,1. KEČUPY,Potraviny,Omáčky a dochucovadla,Tesco,group_match,Tesco Tomato Ketchup (Jemný / Pálivý),,"[{""quantity"":470.0,""unit"":""g"",""canonical_quantity"":0.47,""canonical_unit"":""kg"",""raw"":""470 g""},{""quantity"":900.0,""unit"":""g"",""canonical_quantity"":0.9,""canonical_unit"":""kg"",""raw"":""900 g""}]",,,Tesco Tomato Ketchup (Jemný / Pálivý) (Plastová láhev: 470 g / 900 g),ready,0.95,
seed-src-0421,seed_bezna_maloobchodni_baleni_omacek_kecupu_horcic_dresinku_cesky_trh.pdf,1,1. KEČUPY,Potraviny,Omáčky a dochucovadla,Penny,group_match,Penny Kečup rodinné balení,,"[{""quantity"":1.0,""unit"":""kg"",""canonical_quantity"":1.0,""canonical_unit"":""kg"",""raw"":""1 kg""}]",,,Penny Kečup rodinné balení (Plastová láhev: 1 kg),ready,0.95,
seed-src-0422,seed_bezna_maloobchodni_baleni_omacek_kecupu_horcic_dresinku_cesky_trh.pdf,1,2. HOŘČICE,Potraviny,Omáčky a dochucovadla,Alba preciz,group_fallback,Plnotučná hořčice,,"[{""quantity"":200.0,""unit"":""g"",""canonical_quantity"":0.2,""canonical_unit"":""kg"",""raw"":""200 g""},{""quantity"":400.0,""unit"":""g"",""canonical_quantity"":0.4,""canonical_unit"":""kg"",""raw"":""400 g""},{""quantity"":100.0,""unit"":""g"",""canonical_quantity"":0.1,""canonical_unit"":""kg"",""raw"":""100 g""}]",,,Plnotučná hořčice (Plastový kelímek: 200 g / 400 g / Tuba: 100 g),ready,0.95,
seed-src-0423,seed_bezna_maloobchodni_baleni_omacek_kecupu_horcic_dresinku_cesky_trh.pdf,1,2. HOŘČICE,Potraviny,Omáčky a dochucovadla,Alba preciz,group_fallback,Kremžská hořčice,,"[{""quantity"":200.0,""unit"":""g"",""canonical_quantity"":0.2,""canonical_unit"":""kg"",""raw"":""200 g""},{""quantity"":400.0,""unit"":""g"",""canonical_quantity"":0.4,""canonical_unit"":""kg"",""raw"":""400 g""},{""quantity"":100.0,""unit"":""g"",""canonical_quantity"":0.1,""canonical_unit"":""kg"",""raw"":""100 g""}]",,,Kremžská hořčice (Plastový kelímek: 200 g / 400 g / Tuba: 100 g),ready,0.95,
seed-src-0424,seed_bezna_maloobchodni_baleni_omacek_kecupu_horcic_dresinku_cesky_trh.pdf,1,2. HOŘČICE,Potraviny,Omáčky a dochucovadla,Malva,group_match,Malva Hořčice plnotučná / kremžská,,"[{""quantity"":200.0,""unit"":""g"",""canonical_quantity"":0.2,""canonical_unit"":""kg"",""raw"":""200 g""},{""quantity"":400.0,""unit"":""g"",""canonical_quantity"":0.4,""canonical_unit"":""kg"",""raw"":""400 g""},{""quantity"":340.0,""unit"":""g"",""canonical_quantity"":0.34,""canonical_unit"":""kg"",""raw"":""340 g""}]",,,Malva Hořčice plnotučná / kremžská (Plastový kelímek: 200 g / 400 g / Sklenice: 340 g),ready,0.95,
seed-src-0425,seed_bezna_maloobchodni_baleni_omacek_kecupu_horcic_dresinku_cesky_trh.pdf,1,2. HOŘČICE,Potraviny,Omáčky a dochucovadla,Malva,group_match,Malva Hořčice křenová / feferonková,,"[{""quantity"":200.0,""unit"":""g"",""canonical_quantity"":0.2,""canonical_unit"":""kg"",""raw"":""200 g""}]",,,Malva Hořčice křenová / feferonková (Plastový kelímek: 200 g),ready,0.95,
seed-src-0426,seed_bezna_maloobchodni_baleni_omacek_kecupu_horcic_dresinku_cesky_trh.pdf,1,2. HOŘČICE,Potraviny,Omáčky a dochucovadla,Maille,group_match,Maille Dijon (Tradiční ostrá dijonská hořčice),,"[{""quantity"":200.0,""unit"":""ml"",""canonical_quantity"":0.2,""canonical_unit"":""l"",""raw"":""200 ml""}]",,,Maille Dijon (Tradiční ostrá dijonská hořčice) (Sklenice: 200 ml),ready,0.95,
seed-src-0427,seed_bezna_maloobchodni_baleni_omacek_kecupu_horcic_dresinku_cesky_trh.pdf,1,2. HOŘČICE,Potraviny,Omáčky a dochucovadla,Maille,group_match,Maille Au Miel (Dijonská hořčice s medem),,"[{""quantity"":200.0,""unit"":""ml"",""canonical_quantity"":0.2,""canonical_unit"":""l"",""raw"":""200 ml""}]",,,Maille Au Miel (Dijonská hořčice s medem) (Sklenice: 200 ml),ready,0.95,
seed-src-0428,seed_bezna_maloobchodni_baleni_omacek_kecupu_horcic_dresinku_cesky_trh.pdf,1,2. HOŘČICE,Potraviny,Omáčky a dochucovadla,Bornier,group_match,Bornier Dijonská hořčice / Hrubozrnná hořčice,,"[{""quantity"":210.0,""unit"":""g"",""canonical_quantity"":0.21,""canonical_unit"":""kg"",""raw"":""210 g""}]",,,Bornier Dijonská hořčice / Hrubozrnná hořčice (Sklenice: 210 g),ready,0.95,
seed-src-0429,seed_bezna_maloobchodni_baleni_omacek_kecupu_horcic_dresinku_cesky_trh.pdf,1,2. HOŘČICE,Potraviny,Omáčky a dochucovadla,Kania,group_match,Kania Dijon hořčice (Lidl),,"[{""quantity"":200.0,""unit"":""ml"",""canonical_quantity"":0.2,""canonical_unit"":""l"",""raw"":""200 ml""}]",,,Kania Dijon hořčice (Lidl) (Sklenice: 200 ml),ready,0.95,
seed-src-0430,seed_bezna_maloobchodni_baleni_omacek_kecupu_horcic_dresinku_cesky_trh.pdf,1,2. HOŘČICE,Potraviny,Omáčky a dochucovadla,K-Classic,group_match,K-Classic Hořčice plnotučná / kremžská (Kaufland),,"[{""quantity"":400.0,""unit"":""g"",""canonical_quantity"":0.4,""canonical_unit"":""kg"",""raw"":""400 g""}]",,,K-Classic Hořčice plnotučná / kremžská (Kaufland) (Plastový kelímek: 400 g),ready,0.95,
seed-src-0431,seed_bezna_maloobchodni_baleni_omacek_kecupu_horcic_dresinku_cesky_trh.pdf,1,2. HOŘČICE,Potraviny,Omáčky a dochucovadla,Albert,group_match,Albert Hořčice plnotučná (Albert),,"[{""quantity"":200.0,""unit"":""g"",""canonical_quantity"":0.2,""canonical_unit"":""kg"",""raw"":""200 g""}]",,,Albert Hořčice plnotučná (Albert) (Plastový kelímek: 200 g),ready,0.95,
seed-src-0432,seed_bezna_maloobchodni_baleni_omacek_kecupu_horcic_dresinku_cesky_trh.pdf,2,3. MAJONÉZY A TATARSKÉ OMÁČKY,Potraviny,Omáčky a dochucovadla,Hellmann's,group_match,Hellmann's Majonéza Originál,,"[{""quantity"":210.0,""unit"":""ml"",""canonical_quantity"":0.21,""canonical_unit"":""l"",""raw"":""210 ml""},{""quantity"":405.0,""unit"":""ml"",""canonical_quantity"":0.405,""canonical_unit"":""l"",""raw"":""405 ml""},{""quantity"":625.0,""unit"":""ml"",""canonical_quantity"":0.625,""canonical_unit"":""l"",""raw"":""625 ml""},{""quantity"":90.0,""unit"":""ml"",""canonical_quantity"":0.09,""canonical_unit"":""l"",""raw"":""90 ml""}]",,,Hellmann's Majonéza Originál (Sklenice: 210 ml / 405 ml / 625 ml / Tuba: 90 ml),ready,0.95,
seed-src-0433,seed_bezna_maloobchodni_baleni_omacek_kecupu_horcic_dresinku_cesky_trh.pdf,2,3. MAJONÉZY A TATARSKÉ OMÁČKY,Potraviny,Omáčky a dochucovadla,Hellmann's,group_match,Hellmann's Tatarská omáčka,,"[{""quantity"":210.0,""unit"":""ml"",""canonical_quantity"":0.21,""canonical_unit"":""l"",""raw"":""210 ml""},{""quantity"":405.0,""unit"":""ml"",""canonical_quantity"":0.405,""canonical_unit"":""l"",""raw"":""405 ml""},{""quantity"":625.0,""unit"":""ml"",""canonical_quantity"":0.625,""canonical_unit"":""l"",""raw"":""625 ml""},{""quantity"":400.0,""unit"":""ml"",""canonical_quantity"":0.4,""canonical_unit"":""l"",""raw"":""400 ml""}]",,,Hellmann's Tatarská omáčka (Sklenice: 210 ml / 405 ml / 625 ml / Plastová lahev: 400 ml),ready,0.95,
seed-src-0434,seed_bezna_maloobchodni_baleni_omacek_kecupu_horcic_dresinku_cesky_trh.pdf,2,3. MAJONÉZY A TATARSKÉ OMÁČKY,Potraviny,Omáčky a dochucovadla,Hellmann's,group_match,Hellmann's Yofresh (Majonéza s jogurtem – lehčí varianta),,"[{""quantity"":405.0,""unit"":""ml"",""canonical_quantity"":0.405,""canonical_unit"":""l"",""raw"":""405 ml""}]",,,Hellmann's Yofresh (Majonéza s jogurtem – lehčí varianta) (Sklenice: 405 ml),ready,0.95,
seed-src-0435,seed_bezna_maloobchodni_baleni_omacek_kecupu_horcic_dresinku_cesky_trh.pdf,2,3. MAJONÉZY A TATARSKÉ OMÁČKY,Potraviny,Omáčky a dochucovadla,Boneco,group_match,Boneco Majonéza / Tatarská omáčka tradiční,,"[{""quantity"":350.0,""unit"":""ml"",""canonical_quantity"":0.35,""canonical_unit"":""l"",""raw"":""350 ml""}]",,,Boneco Majonéza / Tatarská omáčka tradiční (Sklenice: 350 ml),ready,0.95,
seed-src-0436,seed_bezna_maloobchodni_baleni_omacek_kecupu_horcic_dresinku_cesky_trh.pdf,2,3. MAJONÉZY A TATARSKÉ OMÁČKY,Potraviny,Omáčky a dochucovadla,Spak,group_match,Spak Majonéza / Tatarská omáčka (Sklenice: 250 ml / 400 ml / Plastová láhev Master Piece: 500 ml) Kania / Mikado,,"[{""quantity"":250.0,""unit"":""ml"",""canonical_quantity"":0.25,""canonical_unit"":""l"",""raw"":""250 ml""},{""quantity"":400.0,""unit"":""ml"",""canonical_quantity"":0.4,""canonical_unit"":""l"",""raw"":""400 ml""},{""quantity"":500.0,""unit"":""ml"",""canonical_quantity"":0.5,""canonical_unit"":""l"",""raw"":""500 ml""}]",,,Spak Majonéza / Tatarská omáčka (Sklenice: 250 ml / 400 ml / Plastová láhev Master Piece: 500 ml) Kania / Mikado (Lidl),ready,0.95,
seed-src-0437,seed_bezna_maloobchodni_baleni_omacek_kecupu_horcic_dresinku_cesky_trh.pdf,2,3. MAJONÉZY A TATARSKÉ OMÁČKY,Potraviny,Omáčky a dochucovadla,Boneco,group_fallback,Kania Tatarská omáčka / Majonéza,,"[{""quantity"":400.0,""unit"":""ml"",""canonical_quantity"":0.4,""canonical_unit"":""l"",""raw"":""400 ml""}]",,,Kania Tatarská omáčka / Majonéza (Sklenice: 400 ml),ready,0.95,
seed-src-0438,seed_bezna_maloobchodni_baleni_omacek_kecupu_horcic_dresinku_cesky_trh.pdf,2,3. MAJONÉZY A TATARSKÉ OMÁČKY,Potraviny,Omáčky a dochucovadla,Boneco,group_fallback,Mikado Majonéza v tubě,,"[{""quantity"":100.0,""unit"":""ml"",""canonical_quantity"":0.1,""canonical_unit"":""l"",""raw"":""100 ml""}]",,,Mikado Majonéza v tubě (Tuba: 100 ml),ready,0.95,
seed-src-0439,seed_bezna_maloobchodni_baleni_omacek_kecupu_horcic_dresinku_cesky_trh.pdf,2,3. MAJONÉZY A TATARSKÉ OMÁČKY,Potraviny,Omáčky a dochucovadla,K-Classic,group_match,K-Classic Tatarská omáčka / Majonéza 50% tuku (Kaufland),,"[{""quantity"":400.0,""unit"":""ml"",""canonical_quantity"":0.4,""canonical_unit"":""l"",""raw"":""400 ml""}]",,,K-Classic Tatarská omáčka / Majonéza 50% tuku (Kaufland) (Sklenice: 400 ml),ready,0.95,
seed-src-0440,seed_bezna_maloobchodni_baleni_omacek_kecupu_horcic_dresinku_cesky_trh.pdf,2,3. MAJONÉZY A TATARSKÉ OMÁČKY,Potraviny,Omáčky a dochucovadla,Albert,group_match,Albert Tatarská omáčka (Albert),,"[{""quantity"":250.0,""unit"":""ml"",""canonical_quantity"":0.25,""canonical_unit"":""l"",""raw"":""250 ml""}]",,,Albert Tatarská omáčka (Albert) (Sklenice: 250 ml),ready,0.95,
seed-src-0441,seed_bezna_maloobchodni_baleni_omacek_kecupu_horcic_dresinku_cesky_trh.pdf,2,3. MAJONÉZY A TATARSKÉ OMÁČKY,Potraviny,Omáčky a dochucovadla,Tesco,group_match,Tesco Mayonnaise / Tartare Sauce (Tesco),,"[{""quantity"":400.0,""unit"":""ml"",""canonical_quantity"":0.4,""canonical_unit"":""l"",""raw"":""400 ml""}]",,,Tesco Mayonnaise / Tartare Sauce (Tesco) (Sklenice: 400 ml),ready,0.95,
seed-src-0442,seed_bezna_maloobchodni_baleni_omacek_kecupu_horcic_dresinku_cesky_trh.pdf,2,4. STUDENÉ DRESINKY A OMÁČKY (Na saláty a ke grilování),Potraviny,Omáčky a dochucovadla,Spak,group_match,Spak Česnekový dresink / Bylinkový dresink / Americký dresink,,"[{""quantity"":250.0,""unit"":""ml"",""canonical_quantity"":0.25,""canonical_unit"":""l"",""raw"":""250 ml""}]",,,Spak Česnekový dresink / Bylinkový dresink / Americký dresink (Skleněná láhev: 250 ml),ready,0.95,
seed-src-0443,seed_bezna_maloobchodni_baleni_omacek_kecupu_horcic_dresinku_cesky_trh.pdf,2,4. STUDENÉ DRESINKY A OMÁČKY (Na saláty a ke grilování),Potraviny,Omáčky a dochucovadla,Spak,group_match,Spak Barbecue omáčka / Švestková BBQ omáčka,,"[{""quantity"":250.0,""unit"":""ml"",""canonical_quantity"":0.25,""canonical_unit"":""l"",""raw"":""250 ml""},{""quantity"":500.0,""unit"":""ml"",""canonical_quantity"":0.5,""canonical_unit"":""l"",""raw"":""500 ml""}]",,,Spak Barbecue omáčka / Švestková BBQ omáčka (Skleněná láhev: 250 ml / Plastová láhev: 500 ml),ready,0.95,
seed-src-0444,seed_bezna_maloobchodni_baleni_omacek_kecupu_horcic_dresinku_cesky_trh.pdf,2,4. STUDENÉ DRESINKY A OMÁČKY (Na saláty a ke grilování),Potraviny,Omáčky a dochucovadla,Spak,group_match,Spak Brusinková omáčka k sýrům (Skleněná láhev: 250 ml) Hellmann's,,"[{""quantity"":250.0,""unit"":""ml"",""canonical_quantity"":0.25,""canonical_unit"":""l"",""raw"":""250 ml""}]",,,Spak Brusinková omáčka k sýrům (Skleněná láhev: 250 ml) Hellmann's,ready,0.95,
seed-src-0445,seed_bezna_maloobchodni_baleni_omacek_kecupu_horcic_dresinku_cesky_trh.pdf,2,4. STUDENÉ DRESINKY A OMÁČKY (Na saláty a ke grilování),Potraviny,Omáčky a dochucovadla,Spak,group_fallback,"Grilovací omáčky (Chilli, Česnek, Medová hořčice, Chunky Burger)",,"[{""quantity"":250.0,""unit"":""ml"",""canonical_quantity"":0.25,""canonical_unit"":""l"",""raw"":""250 ml""}]",,,"Grilovací omáčky (Chilli, Česnek, Medová hořčice, Chunky Burger) (Plastová láhev: 250 ml)",ready,0.95,
seed-src-0446,seed_bezna_maloobchodni_baleni_omacek_kecupu_horcic_dresinku_cesky_trh.pdf,2,4. STUDENÉ DRESINKY A OMÁČKY (Na saláty a ke grilování),Potraviny,Omáčky a dochucovadla,Spak,group_fallback,"Salátové dresinky (Cezar, Tisíc ostrovů, Med a hořčice) (Plastová láhev: 210 ml / 235 ml) Boneco",,"[{""quantity"":210.0,""unit"":""ml"",""canonical_quantity"":0.21,""canonical_unit"":""l"",""raw"":""210 ml""},{""quantity"":235.0,""unit"":""ml"",""canonical_quantity"":0.235,""canonical_unit"":""l"",""raw"":""235 ml""}]",,,"Salátové dresinky (Cezar, Tisíc ostrovů, Med a hořčice) (Plastová láhev: 210 ml / 235 ml) Boneco",ready,0.95,
seed-src-0447,seed_bezna_maloobchodni_baleni_omacek_kecupu_horcic_dresinku_cesky_trh.pdf,2,4. STUDENÉ DRESINKY A OMÁČKY (Na saláty a ke grilování),Potraviny,Omáčky a dochucovadla,Spak,group_fallback,Francouzský dresink / Jogurtový dresink / Tisíc ostrovů (Skleněná láhev: 230 ml) Kania,,"[{""quantity"":230.0,""unit"":""ml"",""canonical_quantity"":0.23,""canonical_unit"":""l"",""raw"":""230 ml""}]",,,Francouzský dresink / Jogurtový dresink / Tisíc ostrovů (Skleněná láhev: 230 ml) Kania (Lidl),ready,0.95,
seed-src-0448,seed_bezna_maloobchodni_baleni_omacek_kecupu_horcic_dresinku_cesky_trh.pdf,2,4. STUDENÉ DRESINKY A OMÁČKY (Na saláty a ke grilování),Potraviny,Omáčky a dochucovadla,Spak,group_fallback,"Kania Salátový dresink (Česnek, Bylinky, Americký, Jogurtový)",,"[{""quantity"":250.0,""unit"":""ml"",""canonical_quantity"":0.25,""canonical_unit"":""l"",""raw"":""250 ml""}]",,,"Kania Salátový dresink (Česnek, Bylinky, Americký, Jogurtový) (Skleněná láhev: 250 ml)",ready,0.95,
seed-src-0449,seed_bezna_maloobchodni_baleni_omacek_kecupu_horcic_dresinku_cesky_trh.pdf,2,4. STUDENÉ DRESINKY A OMÁČKY (Na saláty a ke grilování),Potraviny,Omáčky a dochucovadla,Spak,group_fallback,Kania BBQ omáčka sladká / pálivá,,"[{""quantity"":250.0,""unit"":""ml"",""canonical_quantity"":0.25,""canonical_unit"":""l"",""raw"":""250 ml""}]",,,Kania BBQ omáčka sladká / pálivá (Plastová láhev: 250 ml),ready,0.95,
seed-src-0450,seed_bezna_maloobchodni_baleni_omacek_kecupu_horcic_dresinku_cesky_trh.pdf,2,4. STUDENÉ DRESINKY A OMÁČKY (Na saláty a ke grilování),Potraviny,Omáčky a dochucovadla,K-Classic,group_match,"K-Classic Grilovací omáčka (Česneková, Koktejlová, Schaschlik)",,"[{""quantity"":250.0,""unit"":""ml"",""canonical_quantity"":0.25,""canonical_unit"":""l"",""raw"":""250 ml""}]",,,"K-Classic Grilovací omáčka (Česneková, Koktejlová, Schaschlik) (Plastová láhev: 250 ml)",ready,0.95,
seed-src-0451,seed_bezna_maloobchodni_baleni_omacek_kecupu_horcic_dresinku_cesky_trh.pdf,2,4. STUDENÉ DRESINKY A OMÁČKY (Na saláty a ke grilování),Potraviny,Omáčky a dochucovadla,K-Favourites,group_match,K-Favourites Prémiové salátové dresinky,,"[{""quantity"":250.0,""unit"":""ml"",""canonical_quantity"":0.25,""canonical_unit"":""l"",""raw"":""250 ml""}]",,,K-Favourites Prémiové salátové dresinky (Skleněná láhev: 250 ml),ready,0.95,
seed-src-0452,seed_bezna_maloobchodni_baleni_omacek_kecupu_horcic_dresinku_cesky_trh.pdf,2,"5. ASIJSKÉ TRVANLIVÉ OMÁČKY (Sójové, chilli a teriyaki)",Potraviny,Omáčky a dochucovadla,Kikkoman,group_match,Kikkoman Sójová omáčka (Klasická),,"[{""quantity"":150.0,""unit"":""ml"",""canonical_quantity"":0.15,""canonical_unit"":""l"",""raw"":""150 ml""},{""quantity"":250.0,""unit"":""ml"",""canonical_quantity"":0.25,""canonical_unit"":""l"",""raw"":""250 ml""},{""quantity"":1.0,""unit"":""l"",""canonical_quantity"":1.0,""canonical_unit"":""l"",""raw"":""1 l""}]",,,Kikkoman Sójová omáčka (Klasická) (Skleněná láhev s dávkovačem: 150 ml / Láhev: 250 ml / 1 l),ready,0.95,
seed-src-0453,seed_bezna_maloobchodni_baleni_omacek_kecupu_horcic_dresinku_cesky_trh.pdf,2,"5. ASIJSKÉ TRVANLIVÉ OMÁČKY (Sójové, chilli a teriyaki)",Potraviny,Omáčky a dochucovadla,Kikkoman,group_match,Kikkoman Sójová omáčka se sníženým obsahem soli (Zelené víčko),,"[{""quantity"":150.0,""unit"":""ml"",""canonical_quantity"":0.15,""canonical_unit"":""l"",""raw"":""150 ml""}]",,,Kikkoman Sójová omáčka se sníženým obsahem soli (Zelené víčko) (Skleněná láhev: 150 ml),ready,0.95,
seed-src-0454,seed_bezna_maloobchodni_baleni_omacek_kecupu_horcic_dresinku_cesky_trh.pdf,2,"5. ASIJSKÉ TRVANLIVÉ OMÁČKY (Sójové, chilli a teriyaki)",Potraviny,Omáčky a dochucovadla,Kikkoman,group_match,Kikkoman Teriyaki marináda a omáčka,,"[{""quantity"":250.0,""unit"":""ml"",""canonical_quantity"":0.25,""canonical_unit"":""l"",""raw"":""250 ml""}]",,,Kikkoman Teriyaki marináda a omáčka (Skleněná láhev: 250 ml),ready,0.95,
seed-src-0455,seed_bezna_maloobchodni_baleni_omacek_kecupu_horcic_dresinku_cesky_trh.pdf,2,"5. ASIJSKÉ TRVANLIVÉ OMÁČKY (Sójové, chilli a teriyaki)",Potraviny,Omáčky a dochucovadla,Exotic Food,group_match,Exotic Food Sladká chilli omáčka na kuře (Sweet Chilli),,"[{""quantity"":250.0,""unit"":""ml"",""canonical_quantity"":0.25,""canonical_unit"":""l"",""raw"":""250 ml""},{""quantity"":725.0,""unit"":""ml"",""canonical_quantity"":0.725,""canonical_unit"":""l"",""raw"":""725 ml""}]",,,Exotic Food Sladká chilli omáčka na kuře (Sweet Chilli) (Skleněná láhev: 250 ml / 725 ml),ready,0.95,
seed-src-0456,seed_bezna_maloobchodni_baleni_omacek_kecupu_horcic_dresinku_cesky_trh.pdf,2,"5. ASIJSKÉ TRVANLIVÉ OMÁČKY (Sójové, chilli a teriyaki)",Potraviny,Omáčky a dochucovadla,Exotic Food,group_match,Exotic Food Sriracha (Ostrá chilli omáčka s česnekem),,"[{""quantity"":455.0,""unit"":""ml"",""canonical_quantity"":0.455,""canonical_unit"":""l"",""raw"":""455 ml""}]",,,Exotic Food Sriracha (Ostrá chilli omáčka s česnekem) (Plastová láhev: 455 ml),ready,0.95,
seed-src-0457,seed_bezna_maloobchodni_baleni_omacek_kecupu_horcic_dresinku_cesky_trh.pdf,2,"5. ASIJSKÉ TRVANLIVÉ OMÁČKY (Sójové, chilli a teriyaki)",Potraviny,Omáčky a dochucovadla,Exotic Food,group_fallback,PRB Sójová omáčka světlá / tmavá,,"[{""quantity"":150.0,""unit"":""ml"",""canonical_quantity"":0.15,""canonical_unit"":""l"",""raw"":""150 ml""},{""quantity"":500.0,""unit"":""ml"",""canonical_quantity"":0.5,""canonical_unit"":""l"",""raw"":""500 ml""}]",,,PRB Sójová omáčka světlá / tmavá (Skleněná láhev: 150 ml / 500 ml),ready,0.95,
seed-src-0458,seed_bezna_maloobchodni_baleni_omacek_kecupu_horcic_dresinku_cesky_trh.pdf,3,"5. ASIJSKÉ TRVANLIVÉ OMÁČKY (Sójové, chilli a teriyaki)",Potraviny,Omáčky a dochucovadla,Vitasia,group_fallback,Sladká chilli omáčka,,"[{""quantity"":700.0,""unit"":""ml"",""canonical_quantity"":0.7,""canonical_unit"":""l"",""raw"":""700 ml""}]",,,Sladká chilli omáčka (Skleněná láhev: 700 ml),ready,0.95,
seed-src-0459,seed_bezna_maloobchodni_baleni_omacek_kecupu_horcic_dresinku_cesky_trh.pdf,3,"5. ASIJSKÉ TRVANLIVÉ OMÁČKY (Sójové, chilli a teriyaki)",Potraviny,Omáčky a dochucovadla,Vitasia,group_fallback,Omáčka Teriyaki / Wok omáčky (Skleněná láhev: 250 ml) Kitchin (Rohlik.cz) / Tesco Východní speciality,,"[{""quantity"":250.0,""unit"":""ml"",""canonical_quantity"":0.25,""canonical_unit"":""l"",""raw"":""250 ml""}]",,,Omáčka Teriyaki / Wok omáčky (Skleněná láhev: 250 ml) Kitchin (Rohlik.cz) / Tesco Východní speciality,ready,0.95,
seed-src-0460,seed_bezna_maloobchodni_baleni_omacek_kecupu_horcic_dresinku_cesky_trh.pdf,3,"5. ASIJSKÉ TRVANLIVÉ OMÁČKY (Sójové, chilli a teriyaki)",Potraviny,Omáčky a dochucovadla,Vitasia,group_fallback,Kitchin Sriracha hot chilli omáčka,,"[{""quantity"":455.0,""unit"":""ml"",""canonical_quantity"":0.455,""canonical_unit"":""l"",""raw"":""455 ml""}]",,,Kitchin Sriracha hot chilli omáčka (Plastová láhev: 455 ml),ready,0.95,
seed-src-0461,seed_bezna_maloobchodni_baleni_omacek_kecupu_horcic_dresinku_cesky_trh.pdf,3,"5. ASIJSKÉ TRVANLIVÉ OMÁČKY (Sójové, chilli a teriyaki)",Potraviny,Omáčky a dochucovadla,Vitasia,group_fallback,"Tesco Sweet Chilli Sauce (Tesco) (Skleněná láhev: 250 ml) databáze je vhodné zachovat značku, produkt, velikost balení, jednotku a typ obalu.",,"[{""quantity"":250.0,""unit"":""ml"",""canonical_quantity"":0.25,""canonical_unit"":""l"",""raw"":""250 ml""}]",,,"Tesco Sweet Chilli Sauce (Tesco) (Skleněná láhev: 250 ml) databáze je vhodné zachovat značku, produkt, velikost balení, jednotku a typ obalu.",ready,0.95,
seed-src-0462,seed_bezna_maloobchodni_baleni_sladkeho_peceni_a_zakladnich_ingredienci_cesky_trh.pdf,1,"1. MOUKY (Základní, celozrnné a speciální)",Potraviny,Mouka a pečení,Babiččina volba,group_fallback,Pšeničná mouka hladká / polohrubá / hrubá,,"[{""quantity"":1.0,""unit"":""kg"",""canonical_quantity"":1.0,""canonical_unit"":""kg"",""raw"":""1 kg""}]",,,Pšeničná mouka hladká / polohrubá / hrubá (Papírový sáček: 1 kg),ready,0.95,
seed-src-0463,seed_bezna_maloobchodni_baleni_sladkeho_peceni_a_zakladnich_ingredienci_cesky_trh.pdf,1,"1. MOUKY (Základní, celozrnné a speciální)",Potraviny,Mouka a pečení,Babiččina volba,group_fallback,Pšeničná mouka hladká na kynuté těsto / na křehké těsto / na dorty,,"[{""quantity"":1.0,""unit"":""kg"",""canonical_quantity"":1.0,""canonical_unit"":""kg"",""raw"":""1 kg""}]",,,Pšeničná mouka hladká na kynuté těsto / na křehké těsto / na dorty (Papírový sáček: 1 kg),ready,0.95,
seed-src-0464,seed_bezna_maloobchodni_baleni_sladkeho_peceni_a_zakladnich_ingredienci_cesky_trh.pdf,1,"1. MOUKY (Základní, celozrnné a speciální)",Potraviny,Mouka a pečení,Babiččina volba,group_fallback,Špaldová mouka hladká / celozrnná,,"[{""quantity"":1.0,""unit"":""kg"",""canonical_quantity"":1.0,""canonical_unit"":""kg"",""raw"":""1 kg""}]",,,Špaldová mouka hladká / celozrnná (Papírový sáček: 1 kg),ready,0.95,
seed-src-0465,seed_bezna_maloobchodni_baleni_sladkeho_peceni_a_zakladnich_ingredienci_cesky_trh.pdf,1,"1. MOUKY (Základní, celozrnné a speciální)",Potraviny,Mouka a pečení,Babiččina volba,group_fallback,Žitná mouka chlebová,,"[{""quantity"":1.0,""unit"":""kg"",""canonical_quantity"":1.0,""canonical_unit"":""kg"",""raw"":""1 kg""}]",,,Žitná mouka chlebová (Papírový sáček: 1 kg),ready,0.95,
seed-src-0466,seed_bezna_maloobchodni_baleni_sladkeho_peceni_a_zakladnich_ingredienci_cesky_trh.pdf,1,"1. MOUKY (Základní, celozrnné a speciální)",Potraviny,Mouka a pečení,Pernerka,group_fallback,Špaldová mouka hladká celozrnná,,"[{""quantity"":1.0,""unit"":""kg"",""canonical_quantity"":1.0,""canonical_unit"":""kg"",""raw"":""1 kg""}]",,,Špaldová mouka hladká celozrnná (Papírový sáček: 1 kg),ready,0.95,
seed-src-0467,seed_bezna_maloobchodni_baleni_sladkeho_peceni_a_zakladnich_ingredienci_cesky_trh.pdf,1,"1. MOUKY (Základní, celozrnné a speciální)",Potraviny,Mouka a pečení,Pernerka,group_fallback,Žitná / Pšeničná mouka celozrnná,,"[{""quantity"":1.0,""unit"":""kg"",""canonical_quantity"":1.0,""canonical_unit"":""kg"",""raw"":""1 kg""}]",,,Žitná / Pšeničná mouka celozrnná (Papírový sáček: 1 kg),ready,0.95,
seed-src-0468,seed_bezna_maloobchodni_baleni_sladkeho_peceni_a_zakladnich_ingredienci_cesky_trh.pdf,1,"1. MOUKY (Základní, celozrnné a speciální)",Potraviny,Mouka a pečení,Pernerka,group_fallback,Rýžová / Pohanková / Kukuřičná mouka bezlepková,,"[{""quantity"":1.0,""unit"":""kg"",""canonical_quantity"":1.0,""canonical_unit"":""kg"",""raw"":""1 kg""}]",,,Rýžová / Pohanková / Kukuřičná mouka bezlepková (Papírový sáček: 1 kg),ready,0.95,
seed-src-0469,seed_bezna_maloobchodni_baleni_sladkeho_peceni_a_zakladnich_ingredienci_cesky_trh.pdf,1,"1. MOUKY (Základní, celozrnné a speciální)",Potraviny,Mouka a pečení,Pernerka,group_fallback,Ovesná / Kokosová mouka,,"[{""quantity"":1.0,""unit"":""kg"",""canonical_quantity"":1.0,""canonical_unit"":""kg"",""raw"":""1 kg""}]",,,Ovesná / Kokosová mouka (Papírový sáček: 1 kg),ready,0.95,
seed-src-0470,seed_bezna_maloobchodni_baleni_sladkeho_peceni_a_zakladnich_ingredienci_cesky_trh.pdf,1,"1. MOUKY (Základní, celozrnné a speciální)",Potraviny,Mouka a pečení,Předměřická,group_fallback,Pšeničná mouka hladká / polohrubá / hrubá,,"[{""quantity"":1.0,""unit"":""kg"",""canonical_quantity"":1.0,""canonical_unit"":""kg"",""raw"":""1 kg""}]",10,multipack,Pšeničná mouka hladká / polohrubá / hrubá (Papírový sáček: 1 kg / Smršťovací fólie: 10x 1 kg),ready,0.95,
seed-src-0471,seed_bezna_maloobchodni_baleni_sladkeho_peceni_a_zakladnich_ingredienci_cesky_trh.pdf,1,"1. MOUKY (Základní, celozrnné a speciální)",Potraviny,Mouka a pečení,Předměřická,group_fallback,Krupice pšeničná hrubá (Papírový sáček: 1 kg) Belbake,,"[{""quantity"":1.0,""unit"":""kg"",""canonical_quantity"":1.0,""canonical_unit"":""kg"",""raw"":""1 kg""}]",,,Krupice pšeničná hrubá (Papírový sáček: 1 kg) Belbake (Lidl),ready,0.95,
seed-src-0472,seed_bezna_maloobchodni_baleni_sladkeho_peceni_a_zakladnich_ingredienci_cesky_trh.pdf,1,"1. MOUKY (Základní, celozrnné a speciální)",Potraviny,Mouka a pečení,Předměřická,group_fallback,Pšeničná mouka hladká / polohrubá / hrubá,,"[{""quantity"":1.0,""unit"":""kg"",""canonical_quantity"":1.0,""canonical_unit"":""kg"",""raw"":""1 kg""}]",,,Pšeničná mouka hladká / polohrubá / hrubá (Papírový sáček: 1 kg),ready,0.95,
seed-src-0473,seed_bezna_maloobchodni_baleni_sladkeho_peceni_a_zakladnich_ingredienci_cesky_trh.pdf,1,"1. MOUKY (Základní, celozrnné a speciální)",Potraviny,Mouka a pečení,Předměřická,group_fallback,Bio Špaldová mouka hladká,,"[{""quantity"":1.0,""unit"":""kg"",""canonical_quantity"":1.0,""canonical_unit"":""kg"",""raw"":""1 kg""}]",,,Bio Špaldová mouka hladká (Papírový sáček: 1 kg),ready,0.95,
seed-src-0474,seed_bezna_maloobchodni_baleni_sladkeho_peceni_a_zakladnich_ingredienci_cesky_trh.pdf,1,"1. MOUKY (Základní, celozrnné a speciální)",Potraviny,Mouka a pečení,K-Classic,group_match,K-Classic Mouka hladká / polohrubá / hrubá (Kaufland),,"[{""quantity"":1.0,""unit"":""kg"",""canonical_quantity"":1.0,""canonical_unit"":""kg"",""raw"":""1 kg""}]",,,K-Classic Mouka hladká / polohrubá / hrubá (Kaufland) (Papírový sáček: 1 kg),ready,0.95,
seed-src-0475,seed_bezna_maloobchodni_baleni_sladkeho_peceni_a_zakladnich_ingredienci_cesky_trh.pdf,1,"1. MOUKY (Základní, celozrnné a speciální)",Potraviny,Mouka a pečení,Albert,group_match,Albert Mouka pšeničná hladká (Albert),,"[{""quantity"":1.0,""unit"":""kg"",""canonical_quantity"":1.0,""canonical_unit"":""kg"",""raw"":""1 kg""}]",,,Albert Mouka pšeničná hladká (Albert) (Papírový sáček: 1 kg),ready,0.95,
seed-src-0476,seed_bezna_maloobchodni_baleni_sladkeho_peceni_a_zakladnich_ingredienci_cesky_trh.pdf,1,"1. MOUKY (Základní, celozrnné a speciální)",Potraviny,Mouka a pečení,Tesco,group_match,Tesco Pšeničná mouka (Tesco),,"[{""quantity"":1.0,""unit"":""kg"",""canonical_quantity"":1.0,""canonical_unit"":""kg"",""raw"":""1 kg""}]",,,Tesco Pšeničná mouka (Tesco) (Papírový sáček: 1 kg),ready,0.95,
seed-src-0477,seed_bezna_maloobchodni_baleni_sladkeho_peceni_a_zakladnich_ingredienci_cesky_trh.pdf,1,"1. MOUKY (Základní, celozrnné a speciální)",Potraviny,Mouka a pečení,Penny,group_match,Penny Mouka (Penny Market),,"[{""quantity"":1.0,""unit"":""kg"",""canonical_quantity"":1.0,""canonical_unit"":""kg"",""raw"":""1 kg""}]",,,Penny Mouka (Penny Market) (Papírový sáček: 1 kg),ready,0.95,
seed-src-0478,seed_bezna_maloobchodni_baleni_sladkeho_peceni_a_zakladnich_ingredienci_cesky_trh.pdf,1,"2. CUKRY, SLADIDLA A LÉKÁRENSKÉ MODIFIKACE",Potraviny,Mouka a pečení,Cukrovar Tereos TTT,group_fallback,Cukr krystal / krupice,,"[{""quantity"":1.0,""unit"":""kg"",""canonical_quantity"":1.0,""canonical_unit"":""kg"",""raw"":""1 kg""}]",,,Cukr krystal / krupice (Papírový sáček: 1 kg),ready,0.95,
seed-src-0479,seed_bezna_maloobchodni_baleni_sladkeho_peceni_a_zakladnich_ingredienci_cesky_trh.pdf,1,"2. CUKRY, SLADIDLA A LÉKÁRENSKÉ MODIFIKACE",Potraviny,Mouka a pečení,Cukrovar Tereos TTT,group_fallback,Cukr moučka,,"[{""quantity"":1.0,""unit"":""kg"",""canonical_quantity"":1.0,""canonical_unit"":""kg"",""raw"":""1 kg""},{""quantity"":500.0,""unit"":""g"",""canonical_quantity"":0.5,""canonical_unit"":""kg"",""raw"":""500 g""},{""quantity"":250.0,""unit"":""g"",""canonical_quantity"":0.25,""canonical_unit"":""kg"",""raw"":""250 g""}]",,,Cukr moučka (Papírový sáček: 1 kg / Plastový sáček: 500 g / Dóza sypátko: 250 g),ready,0.95,
seed-src-0480,seed_bezna_maloobchodni_baleni_sladkeho_peceni_a_zakladnich_ingredienci_cesky_trh.pdf,1,"2. CUKRY, SLADIDLA A LÉKÁRENSKÉ MODIFIKACE",Potraviny,Mouka a pečení,Cukrovar Tereos TTT,group_fallback,Cukr kostkový,,"[{""quantity"":500.0,""unit"":""g"",""canonical_quantity"":0.5,""canonical_unit"":""kg"",""raw"":""500 g""},{""quantity"":1.0,""unit"":""kg"",""canonical_quantity"":1.0,""canonical_unit"":""kg"",""raw"":""1 kg""}]",,,Cukr kostkový (Krabička: 500 g / 1 kg),ready,0.95,
seed-src-0481,seed_bezna_maloobchodni_baleni_sladkeho_peceni_a_zakladnich_ingredienci_cesky_trh.pdf,1,"2. CUKRY, SLADIDLA A LÉKÁRENSKÉ MODIFIKACE",Potraviny,Mouka a pečení,Cukrovar Tereos TTT,group_fallback,Třtinový cukr přírodní (krupice / moučka),,"[{""quantity"":500.0,""unit"":""g"",""canonical_quantity"":0.5,""canonical_unit"":""kg"",""raw"":""500 g""},{""quantity"":1.0,""unit"":""kg"",""canonical_quantity"":1.0,""canonical_unit"":""kg"",""raw"":""1 kg""}]",,,Třtinový cukr přírodní (krupice / moučka) (Sáček: 500 g / 1 kg),ready,0.95,
seed-src-0482,seed_bezna_maloobchodni_baleni_sladkeho_peceni_a_zakladnich_ingredienci_cesky_trh.pdf,1,"2. CUKRY, SLADIDLA A LÉKÁRENSKÉ MODIFIKACE",Potraviny,Mouka a pečení,Cukrovar Tereos TTT,group_fallback,"Želírovací cukr (1:1, 2:1, 3:1 na domácí džemy)",,"[{""quantity"":500.0,""unit"":""g"",""canonical_quantity"":0.5,""canonical_unit"":""kg"",""raw"":""500 g""}]",,,"Želírovací cukr (1:1, 2:1, 3:1 na domácí džemy) (Sáček: 500 g)",ready,0.95,
seed-src-0483,seed_bezna_maloobchodni_baleni_sladkeho_peceni_a_zakladnich_ingredienci_cesky_trh.pdf,1,"2. CUKRY, SLADIDLA A LÉKÁRENSKÉ MODIFIKACE",Potraviny,Mouka a pečení,Dr. Oetker,group_fallback,Vanilínový cukr,,"[{""quantity"":8.0,""unit"":""g"",""canonical_quantity"":0.008,""canonical_unit"":""kg"",""raw"":""8 g""}]",5,multipack,Vanilínový cukr (Sáček: 8 g / Multi-pack: 5x 8 g),ready,0.95,
seed-src-0484,seed_bezna_maloobchodni_baleni_sladkeho_peceni_a_zakladnich_ingredienci_cesky_trh.pdf,1,"2. CUKRY, SLADIDLA A LÉKÁRENSKÉ MODIFIKACE",Potraviny,Mouka a pečení,Dr. Oetker,group_fallback,Vanilkový cukr s pravým vanilkovým luskem Bourbon,,"[{""quantity"":8.0,""unit"":""g"",""canonical_quantity"":0.008,""canonical_unit"":""kg"",""raw"":""8 g""}]",,,Vanilkový cukr s pravým vanilkovým luskem Bourbon (Sáček: 8 g),ready,0.95,
seed-src-0485,seed_bezna_maloobchodni_baleni_sladkeho_peceni_a_zakladnich_ingredienci_cesky_trh.pdf,1,"2. CUKRY, SLADIDLA A LÉKÁRENSKÉ MODIFIKACE",Potraviny,Mouka a pečení,Dr. Oetker,group_fallback,Skořicový cukr / Citrónový cukr,,"[{""quantity"":20.0,""unit"":""g"",""canonical_quantity"":0.02,""canonical_unit"":""kg"",""raw"":""20 g""},{""quantity"":15.0,""unit"":""g"",""canonical_quantity"":0.015,""canonical_unit"":""kg"",""raw"":""15 g""}]",,,Skořicový cukr / Citrónový cukr (Sáček: 20 g / 15 g),ready,0.95,
seed-src-0486,seed_bezna_maloobchodni_baleni_sladkeho_peceni_a_zakladnich_ingredienci_cesky_trh.pdf,1,"2. CUKRY, SLADIDLA A LÉKÁRENSKÉ MODIFIKACE",Potraviny,Mouka a pečení,Dr. Oetker,group_fallback,Rumový cukr,,"[{""quantity"":20.0,""unit"":""g"",""canonical_quantity"":0.02,""canonical_unit"":""kg"",""raw"":""20 g""}]",,,Rumový cukr (Sáček: 20 g),ready,0.95,
seed-src-0487,seed_bezna_maloobchodni_baleni_sladkeho_peceni_a_zakladnich_ingredienci_cesky_trh.pdf,1,"2. CUKRY, SLADIDLA A LÉKÁRENSKÉ MODIFIKACE",Potraviny,Mouka a pečení,SweetFamily,group_fallback,Třtinový cukr krupice,,"[{""quantity"":1.0,""unit"":""kg"",""canonical_quantity"":1.0,""canonical_unit"":""kg"",""raw"":""1 kg""}]",,,Třtinový cukr krupice (Sáček: 1 kg),ready,0.95,
seed-src-0488,seed_bezna_maloobchodni_baleni_sladkeho_peceni_a_zakladnich_ingredienci_cesky_trh.pdf,2,"2. CUKRY, SLADIDLA A LÉKÁRENSKÉ MODIFIKACE",Potraviny,Mouka a pečení,SweetFamily,group_fallback,Cukr moučka s vanilkovým aroma,,"[{""quantity"":500.0,""unit"":""g"",""canonical_quantity"":0.5,""canonical_unit"":""kg"",""raw"":""500 g""}]",,,Cukr moučka s vanilkovým aroma (Sáček: 500 g),ready,0.95,
seed-src-0489,seed_bezna_maloobchodni_baleni_sladkeho_peceni_a_zakladnich_ingredienci_cesky_trh.pdf,2,"2. CUKRY, SLADIDLA A LÉKÁRENSKÉ MODIFIKACE",Potraviny,Mouka a pečení,K-Classic,group_match,K-Classic Cukr krupice / moučka (Kaufland),,"[{""quantity"":1.0,""unit"":""kg"",""canonical_quantity"":1.0,""canonical_unit"":""kg"",""raw"":""1 kg""}]",,,K-Classic Cukr krupice / moučka (Kaufland) (Sáček: 1 kg),ready,0.95,
seed-src-0490,seed_bezna_maloobchodni_baleni_sladkeho_peceni_a_zakladnich_ingredienci_cesky_trh.pdf,2,"2. CUKRY, SLADIDLA A LÉKÁRENSKÉ MODIFIKACE",Potraviny,Mouka a pečení,Belbake,group_match,Belbake Třtinový cukr přírodní (Lidl),,"[{""quantity"":1.0,""unit"":""kg"",""canonical_quantity"":1.0,""canonical_unit"":""kg"",""raw"":""1 kg""}]",,,Belbake Třtinový cukr přírodní (Lidl) (Sáček: 1 kg),ready,0.95,
seed-src-0491,seed_bezna_maloobchodni_baleni_sladkeho_peceni_a_zakladnich_ingredienci_cesky_trh.pdf,2,"3. PŘÍSADY NA PEČENÍ (Kypřidla, droždí, želatina, škroby)",Potraviny,Mouka a pečení,Dr. Oetker,group_fallback,Kypřicí prášek do pečiva,,"[{""quantity"":12.0,""unit"":""g"",""canonical_quantity"":0.012,""canonical_unit"":""kg"",""raw"":""12 g""}]",5,multipack,Kypřicí prášek do pečiva (Sáček: 12 g / Multi-pack: 5x 12 g),ready,0.95,
seed-src-0492,seed_bezna_maloobchodni_baleni_sladkeho_peceni_a_zakladnich_ingredienci_cesky_trh.pdf,2,"3. PŘÍSADY NA PEČENÍ (Kypřidla, droždí, želatina, škroby)",Potraviny,Mouka a pečení,Dr. Oetker,group_fallback,Kypřicí prášek do perníku,,"[{""quantity"":20.0,""unit"":""g"",""canonical_quantity"":0.02,""canonical_unit"":""kg"",""raw"":""20 g""}]",,,Kypřicí prášek do perníku (Sáček: 20 g),ready,0.95,
seed-src-0493,seed_bezna_maloobchodni_baleni_sladkeho_peceni_a_zakladnich_ingredienci_cesky_trh.pdf,2,"3. PŘÍSADY NA PEČENÍ (Kypřidla, droždí, želatina, škroby)",Potraviny,Mouka a pečení,Dr. Oetker,group_fallback,Soda bikarbóna (Jedlá soda),,"[{""quantity"":15.0,""unit"":""g"",""canonical_quantity"":0.015,""canonical_unit"":""kg"",""raw"":""15 g""},{""quantity"":100.0,""unit"":""g"",""canonical_quantity"":0.1,""canonical_unit"":""kg"",""raw"":""100 g""}]",,,Soda bikarbóna (Jedlá soda) (Sáček: 15 g / 100 g),ready,0.95,
seed-src-0494,seed_bezna_maloobchodni_baleni_sladkeho_peceni_a_zakladnich_ingredienci_cesky_trh.pdf,2,"3. PŘÍSADY NA PEČENÍ (Kypřidla, droždí, želatina, škroby)",Potraviny,Mouka a pečení,Dr. Oetker,group_fallback,Droždí sušené pekařské,,"[{""quantity"":7.0,""unit"":""g"",""canonical_quantity"":0.007,""canonical_unit"":""kg"",""raw"":""7 g""},{""quantity"":500.0,""unit"":""g"",""canonical_quantity"":0.5,""canonical_unit"":""kg"",""raw"":""500 g""}]",,,Droždí sušené pekařské (Sáček: 7 g na 500 g mouky),ready,0.95,
seed-src-0495,seed_bezna_maloobchodni_baleni_sladkeho_peceni_a_zakladnich_ingredienci_cesky_trh.pdf,2,"3. PŘÍSADY NA PEČENÍ (Kypřidla, droždí, želatina, škroby)",Potraviny,Mouka a pečení,Dr. Oetker,group_fallback,Želatina na vaječnou tlačenku a darty,,"[{""quantity"":20.0,""unit"":""g"",""canonical_quantity"":0.02,""canonical_unit"":""kg"",""raw"":""20 g""},{""quantity"":10.0,""unit"":""g"",""canonical_quantity"":0.01,""canonical_unit"":""kg"",""raw"":""10 g""}]",,,Želatina na vaječnou tlačenku a darty (Sáček: 20 g sypká / Plátky: 10 g),ready,0.95,
seed-src-0496,seed_bezna_maloobchodni_baleni_sladkeho_peceni_a_zakladnich_ingredienci_cesky_trh.pdf,2,"3. PŘÍSADY NA PEČENÍ (Kypřidla, droždí, želatina, škroby)",Potraviny,Mouka a pečení,Dr. Oetker,group_fallback,Želatinový ztužovač za studena,,"[{""quantity"":500.0,""unit"":""g"",""canonical_quantity"":0.5,""canonical_unit"":""kg"",""raw"":""500 g""}]",,,Želatinový ztužovač za studena (Sáček: 500 g),ready,0.95,
seed-src-0497,seed_bezna_maloobchodni_baleni_sladkeho_peceni_a_zakladnich_ingredienci_cesky_trh.pdf,2,"3. PŘÍSADY NA PEČENÍ (Kypřidla, droždí, želatina, škroby)",Potraviny,Mouka a pečení,Dr. Oetker,group_fallback,Dortové želé (Čiré / Červené),,"[{""quantity"":11.0,""unit"":""g"",""canonical_quantity"":0.011,""canonical_unit"":""kg"",""raw"":""11 g""}]",,,Dortové želé (Čiré / Červené) (Sáček: 11 g),ready,0.95,
seed-src-0498,seed_bezna_maloobchodni_baleni_sladkeho_peceni_a_zakladnich_ingredienci_cesky_trh.pdf,2,"3. PŘÍSADY NA PEČENÍ (Kypřidla, droždí, želatina, škroby)",Potraviny,Mouka a pečení,Dr. Oetker,group_fallback,Gustin jemný kukuřičný škrob,,"[{""quantity"":200.0,""unit"":""g"",""canonical_quantity"":0.2,""canonical_unit"":""kg"",""raw"":""200 g""}]",,,Gustin jemný kukuřičný škrob (Krabička: 200 g),ready,0.95,
seed-src-0499,seed_bezna_maloobchodni_baleni_sladkeho_peceni_a_zakladnich_ingredienci_cesky_trh.pdf,2,"3. PŘÍSADY NA PEČENÍ (Kypřidla, droždí, želatina, škroby)",Potraviny,Mouka a pečení,Dr. Oetker,group_fallback,Kyselina citrónová,,"[{""quantity"":20.0,""unit"":""g"",""canonical_quantity"":0.02,""canonical_unit"":""kg"",""raw"":""20 g""},{""quantity"":80.0,""unit"":""g"",""canonical_quantity"":0.08,""canonical_unit"":""kg"",""raw"":""80 g""}]",,,Kyselina citrónová (Sáček: 20 g / 80 g),ready,0.95,
seed-src-0500,seed_bezna_maloobchodni_baleni_sladkeho_peceni_a_zakladnich_ingredienci_cesky_trh.pdf,2,"3. PŘÍSADY NA PEČENÍ (Kypřidla, droždí, želatina, škroby)",Potraviny,Mouka a pečení,Amylon,group_fallback,Solamyl jemný bramborový škrob,,"[{""quantity"":200.0,""unit"":""g"",""canonical_quantity"":0.2,""canonical_unit"":""kg"",""raw"":""200 g""},{""quantity"":500.0,""unit"":""g"",""canonical_quantity"":0.5,""canonical_unit"":""kg"",""raw"":""500 g""}]",,,Solamyl jemný bramborový škrob (Krabička: 200 g / 500 g),ready,0.95,
seed-src-0501,seed_bezna_maloobchodni_baleni_sladkeho_peceni_a_zakladnich_ingredienci_cesky_trh.pdf,2,"3. PŘÍSADY NA PEČENÍ (Kypřidla, droždí, želatina, škroby)",Potraviny,Mouka a pečení,Amylon,group_fallback,Kypřicí prášek do pečiva bezfosfátový BIO,,"[{""quantity"":12.0,""unit"":""g"",""canonical_quantity"":0.012,""canonical_unit"":""kg"",""raw"":""12 g""}]",,,Kypřicí prášek do pečiva bezfosfátový BIO (Sáček: 12 g),ready,0.95,
seed-src-0502,seed_bezna_maloobchodni_baleni_sladkeho_peceni_a_zakladnich_ingredienci_cesky_trh.pdf,2,"3. PŘÍSADY NA PEČENÍ (Kypřidla, droždí, želatina, škroby)",Potraviny,Mouka a pečení,Amylon,group_fallback,Sušené droždí BIO,,"[{""quantity"":9.0,""unit"":""g"",""canonical_quantity"":0.009,""canonical_unit"":""kg"",""raw"":""9 g""}]",,,Sušené droždí BIO (Sáček: 9 g),ready,0.95,
seed-src-0503,seed_bezna_maloobchodni_baleni_sladkeho_peceni_a_zakladnich_ingredienci_cesky_trh.pdf,2,"3. PŘÍSADY NA PEČENÍ (Kypřidla, droždí, želatina, škroby)",Potraviny,Mouka a pečení,Amylon,group_fallback,"Pudingy (Tradiční jahodový, vanilkový, čokoládový)",,"[{""quantity"":37.0,""unit"":""g"",""canonical_quantity"":0.037,""canonical_unit"":""kg"",""raw"":""37 g""},{""quantity"":40.0,""unit"":""g"",""canonical_quantity"":0.04,""canonical_unit"":""kg"",""raw"":""40 g""}]",,,"Pudingy (Tradiční jahodový, vanilkový, čokoládový) (Sáček: 37 g až 40 g)",needs_review,0.7,range_or_open_ended_size
seed-src-0504,seed_bezna_maloobchodni_baleni_sladkeho_peceni_a_zakladnich_ingredienci_cesky_trh.pdf,2,"3. PŘÍSADY NA PEČENÍ (Kypřidla, droždí, želatina, škroby)",Potraviny,Mouka a pečení,Fala,group_match,Fala Droždí čerstvé lisované,,"[{""quantity"":42.0,""unit"":""g"",""canonical_quantity"":0.042,""canonical_unit"":""kg"",""raw"":""42 g""}]",,,Fala Droždí čerstvé lisované (Kostka v papíru: 42 g),ready,0.95,
seed-src-0505,seed_bezna_maloobchodni_baleni_sladkeho_peceni_a_zakladnich_ingredienci_cesky_trh.pdf,2,"3. PŘÍSADY NA PEČENÍ (Kypřidla, droždí, želatina, škroby)",Potraviny,Mouka a pečení,Noli,group_match,Noli Čerstvé droždí,,"[{""quantity"":42.0,""unit"":""g"",""canonical_quantity"":0.042,""canonical_unit"":""kg"",""raw"":""42 g""}]",,,Noli Čerstvé droždí (Kostka v papíru: 42 g),ready,0.95,
seed-src-0506,seed_bezna_maloobchodni_baleni_sladkeho_peceni_a_zakladnich_ingredienci_cesky_trh.pdf,2,"3. PŘÍSADY NA PEČENÍ (Kypřidla, droždí, želatina, škroby)",Potraviny,Mouka a pečení,Belbake,group_match,Belbake Prášek do pečiva / Vanilínový cukr (Lidl),,"[{""quantity"":15.0,""unit"":""g"",""canonical_quantity"":0.015,""canonical_unit"":""kg"",""raw"":""15 g""}]",10,multipack,Belbake Prášek do pečiva / Vanilínový cukr (Lidl) (Multi-pack: 10x 15 g),ready,0.95,
seed-src-0507,seed_bezna_maloobchodni_baleni_sladkeho_peceni_a_zakladnich_ingredienci_cesky_trh.pdf,2,"3. PŘÍSADY NA PEČENÍ (Kypřidla, droždí, želatina, škroby)",Potraviny,Mouka a pečení,K-Classic,group_match,K-Classic Sušené droždí pekařské (Kaufland),,"[{""quantity"":7.0,""unit"":""g"",""canonical_quantity"":0.007,""canonical_unit"":""kg"",""raw"":""7 g""}]",,,K-Classic Sušené droždí pekařské (Kaufland) (Sáček: 7 g),ready,0.95,
seed-src-0508,seed_bezna_maloobchodni_baleni_sladkeho_peceni_a_zakladnich_ingredienci_cesky_trh.pdf,2,"4. PUDINGY, KREMY A DEKORACE",Potraviny,Mouka a pečení,Puding Originál,item_fallback,"Puding Originál (Vanilka, Čokoláda, Jahoda, Malina, Banán)",,"[{""quantity"":37.0,""unit"":""g"",""canonical_quantity"":0.037,""canonical_unit"":""kg"",""raw"":""37 g""},{""quantity"":46.0,""unit"":""g"",""canonical_quantity"":0.046,""canonical_unit"":""kg"",""raw"":""46 g""}]",,,"Puding Originál (Vanilka, Čokoláda, Jahoda, Malina, Banán) (Sáček: 37 g až 46 g)",needs_review,0.7,range_or_open_ended_size
seed-src-0509,seed_bezna_maloobchodni_baleni_sladkeho_peceni_a_zakladnich_ingredienci_cesky_trh.pdf,2,"4. PUDINGY, KREMY A DEKORACE",Potraviny,Mouka a pečení,Premium Puding,item_fallback,"Premium Puding (Pravá Vanilka Bourbon, Čokoláda Gastro, Belgická čokoláda)",,"[{""quantity"":40.0,""unit"":""g"",""canonical_quantity"":0.04,""canonical_unit"":""kg"",""raw"":""40 g""},{""quantity"":52.0,""unit"":""g"",""canonical_quantity"":0.052,""canonical_unit"":""kg"",""raw"":""52 g""}]",,,"Premium Puding (Pravá Vanilka Bourbon, Čokoláda Gastro, Belgická čokoláda) (Sáček: 40 g až 52 g)",needs_review,0.7,range_or_open_ended_size
seed-src-0510,seed_bezna_maloobchodni_baleni_sladkeho_peceni_a_zakladnich_ingredienci_cesky_trh.pdf,2,"4. PUDINGY, KREMY A DEKORACE",Potraviny,Mouka a pečení,Crema s příchutí vanilky / čokolády,item_fallback,Crema s příchutí vanilky / čokolády (Zastudena šlehaný krém),,"[{""quantity"":30.0,""unit"":""g"",""canonical_quantity"":0.03,""canonical_unit"":""kg"",""raw"":""30 g""}]",,,Crema s příchutí vanilky / čokolády (Zastudena šlehaný krém) (Sáček: 30 g),ready,0.95,
seed-src-0511,seed_bezna_maloobchodni_baleni_sladkeho_peceni_a_zakladnich_ingredienci_cesky_trh.pdf,2,"4. PUDINGY, KREMY A DEKORACE",Potraviny,Mouka a pečení,Poleva v sáčku,item_fallback,"Poleva v sáčku (Čokoládová, Tmavá, Mléčná, Citrónová)",,"[{""quantity"":100.0,""unit"":""g"",""canonical_quantity"":0.1,""canonical_unit"":""kg"",""raw"":""100 g""}]",,,"Poleva v sáčku (Čokoládová, Tmavá, Mléčná, Citrónová) (Sáček k rozpuštění ve vodní lázni: 100 g)",ready,0.95,
seed-src-0512,seed_bezna_maloobchodni_baleni_sladkeho_peceni_a_zakladnich_ingredienci_cesky_trh.pdf,2,"4. PUDINGY, KREMY A DEKORACE",Potraviny,Mouka a pečení,Zdobení / Dekorační kuličky a hvězdičky,item_fallback,Zdobení / Dekorační kuličky a hvězdičky,,"[{""quantity"":50.0,""unit"":""g"",""canonical_quantity"":0.05,""canonical_unit"":""kg"",""raw"":""50 g""}]",,,Zdobení / Dekorační kuličky a hvězdičky (Plastová tubička: 50 g),ready,0.95,
seed-src-0513,seed_bezna_maloobchodni_baleni_sladkeho_peceni_a_zakladnich_ingredienci_cesky_trh.pdf,2,"4. PUDINGY, KREMY A DEKORACE",Potraviny,Mouka a pečení,Vanilkové / Mandlové / Rumové aroma,item_fallback,Vanilkové / Mandlové / Rumové aroma (Skleněná lahvička: 38 ml) Amylon,,"[{""quantity"":38.0,""unit"":""ml"",""canonical_quantity"":0.038,""canonical_unit"":""l"",""raw"":""38 ml""}]",,,Vanilkové / Mandlové / Rumové aroma (Skleněná lahvička: 38 ml) Amylon,ready,0.95,
seed-src-0514,seed_bezna_maloobchodni_baleni_sladkeho_peceni_a_zakladnich_ingredienci_cesky_trh.pdf,2,"4. PUDINGY, KREMY A DEKORACE",Potraviny,Mouka a pečení,Puding bezlepkový,item_fallback,"Puding bezlepkový (Vanilkový, Čokoládový)",,"[{""quantity"":40.0,""unit"":""g"",""canonical_quantity"":0.04,""canonical_unit"":""kg"",""raw"":""40 g""}]",,,"Puding bezlepkový (Vanilkový, Čokoládový) (Sáček: 40 g)",ready,0.95,
seed-src-0515,seed_bezna_maloobchodni_baleni_sladkeho_peceni_a_zakladnich_ingredienci_cesky_trh.pdf,2,"4. PUDINGY, KREMY A DEKORACE",Potraviny,Mouka a pečení,Ryžový puding / Jáhelný puding,item_fallback,Ryžový puding / Jáhelný puding (Sáček: 40 g) Belbake,,"[{""quantity"":40.0,""unit"":""g"",""canonical_quantity"":0.04,""canonical_unit"":""kg"",""raw"":""40 g""}]",,,Ryžový puding / Jáhelný puding (Sáček: 40 g) Belbake (Lidl),ready,0.95,
seed-src-0516,seed_bezna_maloobchodni_baleni_sladkeho_peceni_a_zakladnich_ingredienci_cesky_trh.pdf,2,"4. PUDINGY, KREMY A DEKORACE",Potraviny,Mouka a pečení,Belbake Čokoládové peckové kousky na pečení,item_fallback,Belbake Čokoládové peckové kousky na pečení,,"[{""quantity"":100.0,""unit"":""g"",""canonical_quantity"":0.1,""canonical_unit"":""kg"",""raw"":""100 g""}]",,,Belbake Čokoládové peckové kousky na pečení (Sáček: 100 g),ready,0.95,
seed-src-0517,seed_bezna_maloobchodni_baleni_sladkeho_peceni_a_zakladnich_ingredienci_cesky_trh.pdf,2,"4. PUDINGY, KREMY A DEKORACE",Potraviny,Mouka a pečení,Belbake Mandlové plátky / Strouhaný kokos,item_fallback,"Belbake Mandlové plátky / Strouhaný kokos (Sáček: 100 g / 200 g) databáze je vhodné zachovat značku, produkt, velikost balení, jednotku a typ obalu.",,"[{""quantity"":100.0,""unit"":""g"",""canonical_quantity"":0.1,""canonical_unit"":""kg"",""raw"":""100 g""},{""quantity"":200.0,""unit"":""g"",""canonical_quantity"":0.2,""canonical_unit"":""kg"",""raw"":""200 g""}]",,,"Belbake Mandlové plátky / Strouhaný kokos (Sáček: 100 g / 200 g) databáze je vhodné zachovat značku, produkt, velikost balení, jednotku a typ obalu.",ready,0.95,
seed-src-0518,seed_bezna_maloobchodni_baleni_sladkych_konzerv_dzemu_medu_a_pomazanek_cesky_trh.pdf,1,"1. DŽEMY, MARMELÁDY A POVIDLA",Potraviny,"Džemy, med a pomazánky",Hamé,group_match,"Hamé Džem (Jahoda, Meruňka, Borůvka, Rybíz, Višeň)",,"[{""quantity"":340.0,""unit"":""g"",""canonical_quantity"":0.34,""canonical_unit"":""kg"",""raw"":""340 g""},{""quantity"":450.0,""unit"":""g"",""canonical_quantity"":0.45,""canonical_unit"":""kg"",""raw"":""450 g""}]",,,"Hamé Džem (Jahoda, Meruňka, Borůvka, Rybíz, Višeň) (Sklenice: 340 g / 450 g)",ready,0.95,
seed-src-0519,seed_bezna_maloobchodni_baleni_sladkych_konzerv_dzemu_medu_a_pomazanek_cesky_trh.pdf,1,"1. DŽEMY, MARMELÁDY A POVIDLA",Potraviny,"Džemy, med a pomazánky",Hamé,group_match,Hamé Extra džem (S vyšším podílem ovoce),,"[{""quantity"":340.0,""unit"":""g"",""canonical_quantity"":0.34,""canonical_unit"":""kg"",""raw"":""340 g""}]",,,Hamé Extra džem (S vyšším podílem ovoce) (Sklenice: 340 g),ready,0.95,
seed-src-0520,seed_bezna_maloobchodni_baleni_sladkych_konzerv_dzemu_medu_a_pomazanek_cesky_trh.pdf,1,"1. DŽEMY, MARMELÁDY A POVIDLA",Potraviny,"Džemy, med a pomazánky",Hamé,group_match,Hamé Sladká vášeň (Prémiové džemy s vysokým podílem velkých kousků ovoce),,"[{""quantity"":230.0,""unit"":""g"",""canonical_quantity"":0.23,""canonical_unit"":""kg"",""raw"":""230 g""}]",,,Hamé Sladká vášeň (Prémiové džemy s vysokým podílem velkých kousků ovoce) (Sklenice: 230 g),ready,0.95,
seed-src-0521,seed_bezna_maloobchodni_baleni_sladkych_konzerv_dzemu_medu_a_pomazanek_cesky_trh.pdf,1,"1. DŽEMY, MARMELÁDY A POVIDLA",Potraviny,"Džemy, med a pomazánky",Hamé,group_match,Hamé Švestková povidla slazená (Tradiční na buchty),,"[{""quantity"":440.0,""unit"":""g"",""canonical_quantity"":0.44,""canonical_unit"":""kg"",""raw"":""440 g""},{""quantity"":300.0,""unit"":""g"",""canonical_quantity"":0.3,""canonical_unit"":""kg"",""raw"":""300 g""}]",,,Hamé Švestková povidla slazená (Tradiční na buchty) (Kelímek: 440 g / Sklenice: 300 g),ready,0.95,
seed-src-0522,seed_bezna_maloobchodni_baleni_sladkych_konzerv_dzemu_medu_a_pomazanek_cesky_trh.pdf,1,"1. DŽEMY, MARMELÁDY A POVIDLA",Potraviny,"Džemy, med a pomazánky",Hamé,group_match,Hamé Linecké ovocné směsi (Hladká bez kousků na slepování cukroví),,"[{""quantity"":450.0,""unit"":""g"",""canonical_quantity"":0.45,""canonical_unit"":""kg"",""raw"":""450 g""},{""quantity"":12.0,""unit"":""kg"",""canonical_quantity"":12.0,""canonical_unit"":""kg"",""raw"":""12 kg""}]",,,Hamé Linecké ovocné směsi (Hladká bez kousků na slepování cukroví) (Kelímek: 450 g / 12 kg),ready,0.95,
seed-src-0523,seed_bezna_maloobchodni_baleni_sladkych_konzerv_dzemu_medu_a_pomazanek_cesky_trh.pdf,1,"1. DŽEMY, MARMELÁDY A POVIDLA",Potraviny,"Džemy, med a pomazánky",Darbo,group_match,"Darbo All Natural Extra džem (Jahoda, Malina, Meruňka, Černý rybíz, Lesní směs)",,"[{""quantity"":454.0,""unit"":""g"",""canonical_quantity"":0.454,""canonical_unit"":""kg"",""raw"":""454 g""}]",,,"Darbo All Natural Extra džem (Jahoda, Malina, Meruňka, Černý rybíz, Lesní směs) (Sklenice: 454 g)",ready,0.95,
seed-src-0524,seed_bezna_maloobchodni_baleni_sladkych_konzerv_dzemu_medu_a_pomazanek_cesky_trh.pdf,1,"1. DŽEMY, MARMELÁDY A POVIDLA",Potraviny,"Džemy, med a pomazánky",Darbo,group_match,Darbo Džem se sníženým obsahem cukru / Diabetický,,"[{""quantity"":330.0,""unit"":""g"",""canonical_quantity"":0.33,""canonical_unit"":""kg"",""raw"":""330 g""}]",,,Darbo Džem se sníženým obsahem cukru / Diabetický (Sklenice: 330 g),ready,0.95,
seed-src-0525,seed_bezna_maloobchodni_baleni_sladkych_konzerv_dzemu_medu_a_pomazanek_cesky_trh.pdf,1,"1. DŽEMY, MARMELÁDY A POVIDLA",Potraviny,"Džemy, med a pomazánky",Schwartau,group_match,"Schwartau Extra džem (Jahodový, Meruňkový, Višňový)",,"[{""quantity"":340.0,""unit"":""g"",""canonical_quantity"":0.34,""canonical_unit"":""kg"",""raw"":""340 g""}]",,,"Schwartau Extra džem (Jahodový, Meruňkový, Višňový) (Sklenice: 340 g)",ready,0.95,
seed-src-0526,seed_bezna_maloobchodni_baleni_sladkych_konzerv_dzemu_medu_a_pomazanek_cesky_trh.pdf,1,"1. DŽEMY, MARMELÁDY A POVIDLA",Potraviny,"Džemy, med a pomazánky",Schwartau,group_match,Schwartau Samt (Jemný džem zcela bez kousků ovoce a jadérek) (Sklenice: 270 g) Maribel,,"[{""quantity"":270.0,""unit"":""g"",""canonical_quantity"":0.27,""canonical_unit"":""kg"",""raw"":""270 g""}]",,,Schwartau Samt (Jemný džem zcela bez kousků ovoce a jadérek) (Sklenice: 270 g) Maribel (Lidl),ready,0.95,
seed-src-0527,seed_bezna_maloobchodni_baleni_sladkych_konzerv_dzemu_medu_a_pomazanek_cesky_trh.pdf,1,"1. DŽEMY, MARMELÁDY A POVIDLA",Potraviny,"Džemy, med a pomazánky",Schwartauer,group_fallback,"Maribel Extra džem 50% ovoce (Jahoda, Meruňka, Černá třešeň)",,"[{""quantity"":450.0,""unit"":""g"",""canonical_quantity"":0.45,""canonical_unit"":""kg"",""raw"":""450 g""}]",,,"Maribel Extra džem 50% ovoce (Jahoda, Meruňka, Černá třešeň) (Sklenice: 450 g)",ready,0.95,
seed-src-0528,seed_bezna_maloobchodni_baleni_sladkych_konzerv_dzemu_medu_a_pomazanek_cesky_trh.pdf,1,"1. DŽEMY, MARMELÁDY A POVIDLA",Potraviny,"Džemy, med a pomazánky",Schwartauer,group_fallback,Maribel Konfitura s kousky ovoce,,"[{""quantity"":340.0,""unit"":""g"",""canonical_quantity"":0.34,""canonical_unit"":""kg"",""raw"":""340 g""}]",,,Maribel Konfitura s kousky ovoce (Sklenice: 340 g),ready,0.95,
seed-src-0529,seed_bezna_maloobchodni_baleni_sladkych_konzerv_dzemu_medu_a_pomazanek_cesky_trh.pdf,1,"1. DŽEMY, MARMELÁDY A POVIDLA",Potraviny,"Džemy, med a pomazánky",K-Classic,group_match,"K-Classic Ovocný džem (Jahodový, Meruňkový)",,"[{""quantity"":450.0,""unit"":""g"",""canonical_quantity"":0.45,""canonical_unit"":""kg"",""raw"":""450 g""}]",,,"K-Classic Ovocný džem (Jahodový, Meruňkový) (Sklenice: 450 g)",ready,0.95,
seed-src-0530,seed_bezna_maloobchodni_baleni_sladkych_konzerv_dzemu_medu_a_pomazanek_cesky_trh.pdf,1,"1. DŽEMY, MARMELÁDY A POVIDLA",Potraviny,"Džemy, med a pomazánky",K-Bio,group_match,"K-Bio Ovocná pomazánka 75% ovoce (Jahoda, Malina, Višeň)",,"[{""quantity"":250.0,""unit"":""g"",""canonical_quantity"":0.25,""canonical_unit"":""kg"",""raw"":""250 g""}]",,,"K-Bio Ovocná pomazánka 75% ovoce (Jahoda, Malina, Višeň) (Sklenice: 250 g)",ready,0.95,
seed-src-0531,seed_bezna_maloobchodni_baleni_sladkych_konzerv_dzemu_medu_a_pomazanek_cesky_trh.pdf,1,"1. DŽEMY, MARMELÁDY A POVIDLA",Potraviny,"Džemy, med a pomazánky",K-Favourites,group_match,"K-Favourites Výběrový džem z exotického ovoce (Fíkový, Pomerančový)",,"[{""quantity"":300.0,""unit"":""g"",""canonical_quantity"":0.3,""canonical_unit"":""kg"",""raw"":""300 g""}]",,,"K-Favourites Výběrový džem z exotického ovoce (Fíkový, Pomerančový) (Sklenice: 300 g)",ready,0.95,
seed-src-0532,seed_bezna_maloobchodni_baleni_sladkych_konzerv_dzemu_medu_a_pomazanek_cesky_trh.pdf,1,"1. DŽEMY, MARMELÁDY A POVIDLA",Potraviny,"Džemy, med a pomazánky",Albert,group_match,Albert Džem standardní,,"[{""quantity"":450.0,""unit"":""g"",""canonical_quantity"":0.45,""canonical_unit"":""kg"",""raw"":""450 g""}]",,,Albert Džem standardní (Sklenice: 450 g),ready,0.95,
seed-src-0533,seed_bezna_maloobchodni_baleni_sladkych_konzerv_dzemu_medu_a_pomazanek_cesky_trh.pdf,1,"1. DŽEMY, MARMELÁDY A POVIDLA",Potraviny,"Džemy, med a pomazánky",Albert Excellent,group_match,Albert Excellent Džem s vysokým podílem ovoce lisovaný za studena,,"[{""quantity"":310.0,""unit"":""g"",""canonical_quantity"":0.31,""canonical_unit"":""kg"",""raw"":""310 g""}]",,,Albert Excellent Džem s vysokým podílem ovoce lisovaný za studena (Sklenice: 310 g),ready,0.95,
seed-src-0534,seed_bezna_maloobchodni_baleni_sladkych_konzerv_dzemu_medu_a_pomazanek_cesky_trh.pdf,1,2. ČOKOLÁDOVÉ A OŘECHOVÉ POMAZÁNKY,Potraviny,"Džemy, med a pomazánky",Ferrero,group_fallback,Nutella (Lískooříšková pomazánka s kakaem),,"[{""quantity"":350.0,""unit"":""g"",""canonical_quantity"":0.35,""canonical_unit"":""kg"",""raw"":""350 g""},{""quantity"":600.0,""unit"":""g"",""canonical_quantity"":0.6,""canonical_unit"":""kg"",""raw"":""600 g""},{""quantity"":750.0,""unit"":""g"",""canonical_quantity"":0.75,""canonical_unit"":""kg"",""raw"":""750 g""},{""quantity"":1.0,""unit"":""kg"",""canonical_quantity"":1.0,""canonical_unit"":""kg"",""raw"":""1 kg""},{""quantity"":3.0,""unit"":""kg"",""canonical_quantity"":3.0,""canonical_unit"":""kg"",""raw"":""3 kg""}]",,,Nutella (Lískooříšková pomazánka s kakaem) (Sklenice: 350 g / 600 g / 750 g / 1 kg / Plastový kbelík: 3 kg),ready,0.95,
seed-src-0535,seed_bezna_maloobchodni_baleni_sladkych_konzerv_dzemu_medu_a_pomazanek_cesky_trh.pdf,1,2. ČOKOLÁDOVÉ A OŘECHOVÉ POMAZÁNKY,Potraviny,"Džemy, med a pomazánky",Lotus,group_match,Lotus Biscoff (Pomazánka z originálních karamelových sušenek Lotus – jemná / křupavá Crunchy),,"[{""quantity"":380.0,""unit"":""g"",""canonical_quantity"":0.38,""canonical_unit"":""kg"",""raw"":""380 g""},{""quantity"":400.0,""unit"":""g"",""canonical_quantity"":0.4,""canonical_unit"":""kg"",""raw"":""400 g""}]",,,Lotus Biscoff (Pomazánka z originálních karamelových sušenek Lotus – jemná / křupavá Crunchy) (Sklenice: 380 g / 400 g),ready,0.95,
seed-src-0536,seed_bezna_maloobchodni_baleni_sladkych_konzerv_dzemu_medu_a_pomazanek_cesky_trh.pdf,1,2. ČOKOLÁDOVÉ A OŘECHOVÉ POMAZÁNKY,Potraviny,"Džemy, med a pomazánky",Lindt,group_match,Lindt Crema (Prémiová čokoládová pomazánka – Hořká čokoláda / Lískový oříšek),,"[{""quantity"":200.0,""unit"":""g"",""canonical_quantity"":0.2,""canonical_unit"":""kg"",""raw"":""200 g""}]",,,Lindt Crema (Prémiová čokoládová pomazánka – Hořká čokoláda / Lískový oříšek) (Sklenice: 200 g),ready,0.95,
seed-src-0537,seed_bezna_maloobchodni_baleni_sladkych_konzerv_dzemu_medu_a_pomazanek_cesky_trh.pdf,1,2. ČOKOLÁDOVÉ A OŘECHOVÉ POMAZÁNKY,Potraviny,"Džemy, med a pomazánky",Mila,group_match,Mila pomazánka (Inspirovaná tradiční slovenskou oplatkou Mila s mléčnou náplní) (Sklenice: 350 g) Chocomio / Mister Choc,,"[{""quantity"":350.0,""unit"":""g"",""canonical_quantity"":0.35,""canonical_unit"":""kg"",""raw"":""350 g""}]",,,Mila pomazánka (Inspirovaná tradiční slovenskou oplatkou Mila s mléčnou náplní) (Sklenice: 350 g) Chocomio / Mister Choc (Lidl),ready,0.95,
seed-src-0538,seed_bezna_maloobchodni_baleni_sladkych_konzerv_dzemu_medu_a_pomazanek_cesky_trh.pdf,1,2. ČOKOLÁDOVÉ A OŘECHOVÉ POMAZÁNKY,Potraviny,"Džemy, med a pomazánky",Mila,group_fallback,Mister Choc Lískooříškový krém dvoubarevný (Duomix – čokoláda a mléko),,"[{""quantity"":400.0,""unit"":""g"",""canonical_quantity"":0.4,""canonical_unit"":""kg"",""raw"":""400 g""},{""quantity"":750.0,""unit"":""g"",""canonical_quantity"":0.75,""canonical_unit"":""kg"",""raw"":""750 g""}]",,,Mister Choc Lískooříškový krém dvoubarevný (Duomix – čokoláda a mléko) (Sklenice: 400 g / 750 g),ready,0.95,
seed-src-0539,seed_bezna_maloobchodni_baleni_sladkych_konzerv_dzemu_medu_a_pomazanek_cesky_trh.pdf,1,2. ČOKOLÁDOVÉ A OŘECHOVÉ POMAZÁNKY,Potraviny,"Džemy, med a pomazánky",Mila,group_fallback,Chocomio Lískooříšková pomazánka 13% oříšků,,"[{""quantity"":400.0,""unit"":""g"",""canonical_quantity"":0.4,""canonical_unit"":""kg"",""raw"":""400 g""}]",,,Chocomio Lískooříšková pomazánka 13% oříšků (Sklenice: 400 g),ready,0.95,
seed-src-0540,seed_bezna_maloobchodni_baleni_sladkych_konzerv_dzemu_medu_a_pomazanek_cesky_trh.pdf,1,2. ČOKOLÁDOVÉ A OŘECHOVÉ POMAZÁNKY,Potraviny,"Džemy, med a pomazánky",K-Classic,group_match,K-Classic Hazelnut Cream (Kaufland),,"[{""quantity"":400.0,""unit"":""g"",""canonical_quantity"":0.4,""canonical_unit"":""kg"",""raw"":""400 g""}]",,,K-Classic Hazelnut Cream (Kaufland) (Sklenice: 400 g),ready,0.95,
seed-src-0541,seed_bezna_maloobchodni_baleni_sladkych_konzerv_dzemu_medu_a_pomazanek_cesky_trh.pdf,2,2. ČOKOLÁDOVÉ A OŘECHOVÉ POMAZÁNKY,Potraviny,"Džemy, med a pomazánky",Albert,group_match,Albert Lískooříšková pomazánka (Albert),,"[{""quantity"":400.0,""unit"":""g"",""canonical_quantity"":0.4,""canonical_unit"":""kg"",""raw"":""400 g""}]",,,Albert Lískooříšková pomazánka (Albert) (Sklenice: 400 g),ready,0.95,
seed-src-0542,seed_bezna_maloobchodni_baleni_sladkych_konzerv_dzemu_medu_a_pomazanek_cesky_trh.pdf,2,2. ČOKOLÁDOVÉ A OŘECHOVÉ POMAZÁNKY,Potraviny,"Džemy, med a pomazánky",Tesco,group_match,Tesco Chocolate Spread Duo (Tesco),,"[{""quantity"":400.0,""unit"":""g"",""canonical_quantity"":0.4,""canonical_unit"":""kg"",""raw"":""400 g""}]",,,Tesco Chocolate Spread Duo (Tesco) (Sklenice: 400 g),ready,0.95,
seed-src-0543,seed_bezna_maloobchodni_baleni_sladkych_konzerv_dzemu_medu_a_pomazanek_cesky_trh.pdf,2,2. ČOKOLÁDOVÉ A OŘECHOVÉ POMAZÁNKY,Potraviny,"Džemy, med a pomazánky",Lucky Alvin,group_match,Lucky Alvin Arašídové máslo (100% arašídy – jemné / křupavé),,"[{""quantity"":330.0,""unit"":""g"",""canonical_quantity"":0.33,""canonical_unit"":""kg"",""raw"":""330 g""}]",,,Lucky Alvin Arašídové máslo (100% arašídy – jemné / křupavé) (Sklenice: 330 g),ready,0.95,
seed-src-0544,seed_bezna_maloobchodni_baleni_sladkych_konzerv_dzemu_medu_a_pomazanek_cesky_trh.pdf,2,2. ČOKOLÁDOVÉ A OŘECHOVÉ POMAZÁNKY,Potraviny,"Džemy, med a pomazánky",GymBeam,group_match,GymBeam Protein Spread (Čokoláda-lískový ořech se syrovátkovým proteinem),,"[{""quantity"":340.0,""unit"":""g"",""canonical_quantity"":0.34,""canonical_unit"":""kg"",""raw"":""340 g""}]",,,GymBeam Protein Spread (Čokoláda-lískový ořech se syrovátkovým proteinem) (Sklenice: 340 g),ready,0.95,
seed-src-0545,seed_bezna_maloobchodni_baleni_sladkych_konzerv_dzemu_medu_a_pomazanek_cesky_trh.pdf,2,3. MEDY,Potraviny,"Džemy, med a pomazánky",Medokomerc,group_fallback,Med květový,,"[{""quantity"":250.0,""unit"":""g"",""canonical_quantity"":0.25,""canonical_unit"":""kg"",""raw"":""250 g""},{""quantity"":500.0,""unit"":""g"",""canonical_quantity"":0.5,""canonical_unit"":""kg"",""raw"":""500 g""},{""quantity"":900.0,""unit"":""g"",""canonical_quantity"":0.9,""canonical_unit"":""kg"",""raw"":""900 g""}]",,,Med květový (Plastový medvídek s dávkovačem: 250 g / Sklenice: 500 g / 900 g),ready,0.95,
seed-src-0546,seed_bezna_maloobchodni_baleni_sladkych_konzerv_dzemu_medu_a_pomazanek_cesky_trh.pdf,2,3. MEDY,Potraviny,"Džemy, med a pomazánky",Medokomerc,group_fallback,"Med lesní / medovicový (Tmavý, intenzivní chuť)",,"[{""quantity"":500.0,""unit"":""g"",""canonical_quantity"":0.5,""canonical_unit"":""kg"",""raw"":""500 g""},{""quantity"":900.0,""unit"":""g"",""canonical_quantity"":0.9,""canonical_unit"":""kg"",""raw"":""900 g""}]",,,"Med lesní / medovicový (Tmavý, intenzivní chuť) (Sklenice: 500 g / 900 g)",ready,0.95,
seed-src-0547,seed_bezna_maloobchodni_baleni_sladkych_konzerv_dzemu_medu_a_pomazanek_cesky_trh.pdf,2,3. MEDY,Potraviny,"Džemy, med a pomazánky",Medokomerc,group_fallback,"Med pastovaný / šlehaný (Ideální pro děti, nestéká z pečiva)",,"[{""quantity"":500.0,""unit"":""g"",""canonical_quantity"":0.5,""canonical_unit"":""kg"",""raw"":""500 g""},{""quantity"":900.0,""unit"":""g"",""canonical_quantity"":0.9,""canonical_unit"":""kg"",""raw"":""900 g""}]",,,"Med pastovaný / šlehaný (Ideální pro děti, nestéká z pečiva) (Sklenice: 500 g / 900 g)",ready,0.95,
seed-src-0548,seed_bezna_maloobchodni_baleni_sladkych_konzerv_dzemu_medu_a_pomazanek_cesky_trh.pdf,2,3. MEDY,Potraviny,"Džemy, med a pomazánky",Včelpo,group_fallback,Český med květový / lesní (Sklenice: 900 g) Maroni,,"[{""quantity"":900.0,""unit"":""g"",""canonical_quantity"":0.9,""canonical_unit"":""kg"",""raw"":""900 g""}]",,,Český med květový / lesní (Sklenice: 900 g) Maroni (Lidl),ready,0.95,
seed-src-0549,seed_bezna_maloobchodni_baleni_sladkych_konzerv_dzemu_medu_a_pomazanek_cesky_trh.pdf,2,3. MEDY,Potraviny,"Džemy, med a pomazánky",Včelpo,group_fallback,Maroni Med květový akátový / lipový jednodruhový,,"[{""quantity"":500.0,""unit"":""g"",""canonical_quantity"":0.5,""canonical_unit"":""kg"",""raw"":""500 g""}]",,,Maroni Med květový akátový / lipový jednodruhový (Sklenice: 500 g),ready,0.95,
seed-src-0550,seed_bezna_maloobchodni_baleni_sladkych_konzerv_dzemu_medu_a_pomazanek_cesky_trh.pdf,2,3. MEDY,Potraviny,"Džemy, med a pomazánky",Včelpo,group_fallback,Maroni Medovicový lesní med,,"[{""quantity"":500.0,""unit"":""g"",""canonical_quantity"":0.5,""canonical_unit"":""kg"",""raw"":""500 g""}]",,,Maroni Medovicový lesní med (Sklenice: 500 g),ready,0.95,
seed-src-0551,seed_bezna_maloobchodni_baleni_sladkych_konzerv_dzemu_medu_a_pomazanek_cesky_trh.pdf,2,3. MEDY,Potraviny,"Džemy, med a pomazánky",K-Classic,group_match,K-Classic Med květový standard,,"[{""quantity"":500.0,""unit"":""g"",""canonical_quantity"":0.5,""canonical_unit"":""kg"",""raw"":""500 g""},{""quantity"":1.0,""unit"":""kg"",""canonical_quantity"":1.0,""canonical_unit"":""kg"",""raw"":""1 kg""}]",,,K-Classic Med květový standard (Sklenice: 500 g / 1 kg),ready,0.95,
seed-src-0552,seed_bezna_maloobchodni_baleni_sladkych_konzerv_dzemu_medu_a_pomazanek_cesky_trh.pdf,2,3. MEDY,Potraviny,"Džemy, med a pomazánky",K-Bio,group_match,K-Bio Bio Med divoký květový,,"[{""quantity"":350.0,""unit"":""g"",""canonical_quantity"":0.35,""canonical_unit"":""kg"",""raw"":""350 g""}]",,,K-Bio Bio Med divoký květový (Sklenice: 350 g),ready,0.95,
seed-src-0553,seed_bezna_maloobchodni_baleni_sladkych_konzerv_dzemu_medu_a_pomazanek_cesky_trh.pdf,2,4. OVOCNÉ KOMPOTY,Potraviny,Konzervy,Giana,group_match,Giana Broskve loupané půlené v mírně sladkém sirupu,,"[{""quantity"":425.0,""unit"":""ml"",""canonical_quantity"":0.425,""canonical_unit"":""l"",""raw"":""425 ml""},{""quantity"":850.0,""unit"":""ml"",""canonical_quantity"":0.85,""canonical_unit"":""l"",""raw"":""850 ml""}]",,,Giana Broskve loupané půlené v mírně sladkém sirupu (Plechovka: 425 ml / 850 ml),ready,0.95,
seed-src-0554,seed_bezna_maloobchodni_baleni_sladkych_konzerv_dzemu_medu_a_pomazanek_cesky_trh.pdf,2,4. OVOCNÉ KOMPOTY,Potraviny,Konzervy,Giana,group_match,Giana Ananas kousky / plátky v sirupu,,"[{""quantity"":565.0,""unit"":""g"",""canonical_quantity"":0.565,""canonical_unit"":""kg"",""raw"":""565 g""},{""quantity"":850.0,""unit"":""ml"",""canonical_quantity"":0.85,""canonical_unit"":""l"",""raw"":""850 ml""}]",,,Giana Ananas kousky / plátky v sirupu (Plechovka: 565 g / 850 ml),ready,0.95,
seed-src-0555,seed_bezna_maloobchodni_baleni_sladkych_konzerv_dzemu_medu_a_pomazanek_cesky_trh.pdf,2,4. OVOCNÉ KOMPOTY,Potraviny,Konzervy,Giana,group_match,Giana Mandarinky loupané dílky v sirupu,,"[{""quantity"":314.0,""unit"":""ml"",""canonical_quantity"":0.314,""canonical_unit"":""l"",""raw"":""314 ml""}]",,,Giana Mandarinky loupané dílky v sirupu (Plechovka: 314 ml),ready,0.95,
seed-src-0556,seed_bezna_maloobchodni_baleni_sladkych_konzerv_dzemu_medu_a_pomazanek_cesky_trh.pdf,2,4. OVOCNÉ KOMPOTY,Potraviny,Konzervy,Hamé,group_match,Hamé Jahodový kompot / Višňový kompot vykoštěný,,"[{""quantity"":425.0,""unit"":""ml"",""canonical_quantity"":0.425,""canonical_unit"":""l"",""raw"":""425 ml""},{""quantity"":670.0,""unit"":""g"",""canonical_quantity"":0.67,""canonical_unit"":""kg"",""raw"":""670 g""}]",,,Hamé Jahodový kompot / Višňový kompot vykoštěný (Plechovka: 425 ml / Sklenice: 670 g),ready,0.95,
seed-src-0557,seed_bezna_maloobchodni_baleni_sladkych_konzerv_dzemu_medu_a_pomazanek_cesky_trh.pdf,2,4. OVOCNÉ KOMPOTY,Potraviny,Konzervy,Hamé,group_match,Hamé Hrušky loupané půlené (Plechovka: 850 ml) Freshona,,"[{""quantity"":850.0,""unit"":""ml"",""canonical_quantity"":0.85,""canonical_unit"":""l"",""raw"":""850 ml""}]",,,Hamé Hrušky loupané půlené (Plechovka: 850 ml) Freshona (Lidl),ready,0.95,
seed-src-0558,seed_bezna_maloobchodni_baleni_sladkych_konzerv_dzemu_medu_a_pomazanek_cesky_trh.pdf,2,4. OVOCNÉ KOMPOTY,Potraviny,Konzervy,Giana,group_fallback,Loupané půlené meruňky v sirupu,,"[{""quantity"":425.0,""unit"":""ml"",""canonical_quantity"":0.425,""canonical_unit"":""l"",""raw"":""425 ml""}]",,,Loupané půlené meruňky v sirupu (Plechovka: 425 ml),ready,0.95,
seed-src-0559,seed_bezna_maloobchodni_baleni_sladkych_konzerv_dzemu_medu_a_pomazanek_cesky_trh.pdf,2,4. OVOCNÉ KOMPOTY,Potraviny,Konzervy,Giana,group_fallback,"Ovocný koktejl exotický (směs ananasu, papáji a guave)",,"[{""quantity"":850.0,""unit"":""ml"",""canonical_quantity"":0.85,""canonical_unit"":""l"",""raw"":""850 ml""}]",,,"Ovocný koktejl exotický (směs ananasu, papáji a guave) (Plechovka: 850 ml)",ready,0.95,
seed-src-0560,seed_bezna_maloobchodni_baleni_sladkych_konzerv_dzemu_medu_a_pomazanek_cesky_trh.pdf,2,4. OVOCNÉ KOMPOTY,Potraviny,Konzervy,K-Classic,group_match,K-Classic Broskve půlené (Kaufland),,"[{""quantity"":850.0,""unit"":""ml"",""canonical_quantity"":0.85,""canonical_unit"":""l"",""raw"":""850 ml""}]",,,K-Classic Broskve půlené (Kaufland) (Plechovka: 850 ml),ready,0.95,
seed-src-0561,seed_bezna_maloobchodni_baleni_sladkych_konzerv_dzemu_medu_a_pomazanek_cesky_trh.pdf,2,4. OVOCNÉ KOMPOTY,Potraviny,Konzervy,Albert,group_match,"Albert Mandarinky v sirupu (Albert) (Plechovka: 314 ml) databáze je vhodné zachovat značku, produkt, velikost balení, jednotku a typ obalu.",,"[{""quantity"":314.0,""unit"":""ml"",""canonical_quantity"":0.314,""canonical_unit"":""l"",""raw"":""314 ml""}]",,,"Albert Mandarinky v sirupu (Albert) (Plechovka: 314 ml) databáze je vhodné zachovat značku, produkt, velikost balení, jednotku a typ obalu.",ready,0.95,
seed-src-0562,seed_bezna_maloobchodni_baleni_slanych_snacku_cesky_trh.pdf,1,"1. BRAMBŮRKY A CHIPSY (Klasické, kotlíkové a extrudované)",Potraviny,Slané pochutiny,Lay's,group_match,Lay's Salted (Slané) / Paprika / Fromage (Sýr s cibulkou),,"[{""quantity"":60.0,""unit"":""g"",""canonical_quantity"":0.06,""canonical_unit"":""kg"",""raw"":""60 g""},{""quantity"":130.0,""unit"":""g"",""canonical_quantity"":0.13,""canonical_unit"":""kg"",""raw"":""130 g""},{""quantity"":200.0,""unit"":""g"",""canonical_quantity"":0.2,""canonical_unit"":""kg"",""raw"":""200 g""}]",,,Lay's Salted (Slané) / Paprika / Fromage (Sýr s cibulkou) (Sáček: 60 g / 130 g / 200 g),ready,0.95,
seed-src-0563,seed_bezna_maloobchodni_baleni_slanych_snacku_cesky_trh.pdf,1,"1. BRAMBŮRKY A CHIPSY (Klasické, kotlíkové a extrudované)",Potraviny,Slané pochutiny,Lay's,group_match,"Lay's Max (Vroubkované: Salted, Paprika, Cheese & Onion)",,"[{""quantity"":60.0,""unit"":""g"",""canonical_quantity"":0.06,""canonical_unit"":""kg"",""raw"":""60 g""},{""quantity"":120.0,""unit"":""g"",""canonical_quantity"":0.12,""canonical_unit"":""kg"",""raw"":""120 g""}]",,,"Lay's Max (Vroubkované: Salted, Paprika, Cheese & Onion) (Sáček: 60 g / 120 g)",ready,0.95,
seed-src-0564,seed_bezna_maloobchodni_baleni_slanych_snacku_cesky_trh.pdf,1,"1. BRAMBŮRKY A CHIPSY (Klasické, kotlíkové a extrudované)",Potraviny,Slané pochutiny,Lay's,group_match,Lay's Oven Baked,,[],,,"Lay's Oven Baked (Pečené v troubě s nižším obsahem tuku: Solené, Grilovaná zelenina, Lišky se smetanou)",needs_review,0.7,no_explicit_package
seed-src-0565,seed_bezna_maloobchodni_baleni_slanych_snacku_cesky_trh.pdf,1,"1. BRAMBŮRKY A CHIPSY (Klasické, kotlíkové a extrudované)",Potraviny,Slané pochutiny,Lay's Stax,item_fallback,Lay's Stax (Chipsy z bramborového těsta v tubě),,"[{""quantity"":170.0,""unit"":""g"",""canonical_quantity"":0.17,""canonical_unit"":""kg"",""raw"":""170 g""}]",,,Lay's Stax (Chipsy z bramborového těsta v tubě) (Tuba: 170 g),ready,0.95,
seed-src-0566,seed_bezna_maloobchodni_baleni_slanych_snacku_cesky_trh.pdf,1,"1. BRAMBŮRKY A CHIPSY (Klasické, kotlíkové a extrudované)",Potraviny,Slané pochutiny,Bohemia Chips,group_match,Bohemia Chips Solené / Jemná paprika / Špígl / Slanina,,"[{""quantity"":65.0,""unit"":""g"",""canonical_quantity"":0.065,""canonical_unit"":""kg"",""raw"":""65 g""},{""quantity"":130.0,""unit"":""g"",""canonical_quantity"":0.13,""canonical_unit"":""kg"",""raw"":""130 g""},{""quantity"":200.0,""unit"":""g"",""canonical_quantity"":0.2,""canonical_unit"":""kg"",""raw"":""200 g""}]",,,Bohemia Chips Solené / Jemná paprika / Špígl / Slanina (Sáček: 65 g / 130 g / 200 g),ready,0.95,
seed-src-0567,seed_bezna_maloobchodni_baleni_slanych_snacku_cesky_trh.pdf,1,"1. BRAMBŮRKY A CHIPSY (Klasické, kotlíkové a extrudované)",Potraviny,Slané pochutiny,Bohemia Chips,group_fallback,"Bohemia Vroubky (Solné, Pálivé chilli, Sýr a jarní cibulka)",,"[{""quantity"":65.0,""unit"":""g"",""canonical_quantity"":0.065,""canonical_unit"":""kg"",""raw"":""65 g""},{""quantity"":130.0,""unit"":""g"",""canonical_quantity"":0.13,""canonical_unit"":""kg"",""raw"":""130 g""}]",,,"Bohemia Vroubky (Solné, Pálivé chilli, Sýr a jarní cibulka) (Sáček: 65 g / 130 g)",ready,0.95,
seed-src-0568,seed_bezna_maloobchodni_baleni_slanych_snacku_cesky_trh.pdf,1,"1. BRAMBŮRKY A CHIPSY (Klasické, kotlíkové a extrudované)",Potraviny,Slané pochutiny,Bohemia Chips,group_fallback,"Bohemia Kotlíkové chipsy (Smažené pomalu v kotli: Solené s kousky pepře, Jarní cibulka, Slanina s",,[],,,"Bohemia Kotlíkové chipsy (Smažené pomalu v kotli: Solené s kousky pepře, Jarní cibulka, Slanina s",needs_review,0.7,no_explicit_package
seed-src-0569,seed_bezna_maloobchodni_baleni_slanych_snacku_cesky_trh.pdf,1,"1. BRAMBŮRKY A CHIPSY (Klasické, kotlíkové a extrudované)",Potraviny,Slané pochutiny,javorovým sirupem),group_fallback,Bohemia Zlehka (Se sníženým obsahem tuku),,"[{""quantity"":130.0,""unit"":""g"",""canonical_quantity"":0.13,""canonical_unit"":""kg"",""raw"":""130 g""}]",,,Bohemia Zlehka (Se sníženým obsahem tuku) (Sáček: 130 g),ready,0.95,
seed-src-0570,seed_bezna_maloobchodni_baleni_slanych_snacku_cesky_trh.pdf,1,"1. BRAMBŮRKY A CHIPSY (Klasické, kotlíkové a extrudované)",Potraviny,Slané pochutiny,Pringles,group_match,"Pringles (Ikonické chipsy v tubě: Original slané, Sour Cream & Onion, Paprika, Hot & Spicy)",,"[{""quantity"":165.0,""unit"":""g"",""canonical_quantity"":0.165,""canonical_unit"":""kg"",""raw"":""165 g""},{""quantity"":40.0,""unit"":""g"",""canonical_quantity"":0.04,""canonical_unit"":""kg"",""raw"":""40 g""}]",,,"Pringles (Ikonické chipsy v tubě: Original slané, Sour Cream & Onion, Paprika, Hot & Spicy) (Tuba: 165 g / Mini: 40 g)",ready,0.95,
seed-src-0571,seed_bezna_maloobchodni_baleni_slanych_snacku_cesky_trh.pdf,1,"1. BRAMBŮRKY A CHIPSY (Klasické, kotlíkové a extrudované)",Potraviny,Slané pochutiny,Chio,group_match,"Chio Pom-Bär (Extrudovaní bramboroví medvídci pro děti: Originál slané, Kečup, Sýr)",,"[{""quantity"":50.0,""unit"":""g"",""canonical_quantity"":0.05,""canonical_unit"":""kg"",""raw"":""50 g""}]",,,"Chio Pom-Bär (Extrudovaní bramboroví medvídci pro děti: Originál slané, Kečup, Sýr) (Sáček: 50 g)",ready,0.95,
seed-src-0572,seed_bezna_maloobchodni_baleni_slanych_snacku_cesky_trh.pdf,1,"1. BRAMBŮRKY A CHIPSY (Klasické, kotlíkové a extrudované)",Potraviny,Slané pochutiny,Chio,group_match,Chio Big Pep / Taccos (Slaninové a kukuřičné snacky),,"[{""quantity"":65.0,""unit"":""g"",""canonical_quantity"":0.065,""canonical_unit"":""kg"",""raw"":""65 g""}]",,,Chio Big Pep / Taccos (Slaninové a kukuřičné snacky) (Sáček: 65 g),ready,0.95,
seed-src-0573,seed_bezna_maloobchodni_baleni_slanych_snacku_cesky_trh.pdf,1,"1. BRAMBŮRKY A CHIPSY (Klasické, kotlíkové a extrudované)",Potraviny,Slané pochutiny,Chio,group_match,"Chio Tortillas (Kukuřičné nachos: Salted, Cheese, Chili)",,"[{""quantity"":110.0,""unit"":""g"",""canonical_quantity"":0.11,""canonical_unit"":""kg"",""raw"":""110 g""},{""quantity"":125.0,""unit"":""g"",""canonical_quantity"":0.125,""canonical_unit"":""kg"",""raw"":""125 g""}]",,,"Chio Tortillas (Kukuřičné nachos: Salted, Cheese, Chili) (Sáček: 110 g / 125 g)",ready,0.95,
seed-src-0574,seed_bezna_maloobchodni_baleni_slanych_snacku_cesky_trh.pdf,1,"1. BRAMBŮRKY A CHIPSY (Klasické, kotlíkové a extrudované)",Potraviny,Slané pochutiny,Strážnické brambůrky,group_match,Strážnické brambůrky Solené / Česnekové / Sloninové / Hořčicové (Sáček: 60 g) Snack Day / Crusti Croc,,"[{""quantity"":60.0,""unit"":""g"",""canonical_quantity"":0.06,""canonical_unit"":""kg"",""raw"":""60 g""}]",,,Strážnické brambůrky Solené / Česnekové / Sloninové / Hořčicové (Sáček: 60 g) Snack Day / Crusti Croc (Lidl),ready,0.95,
seed-src-0575,seed_bezna_maloobchodni_baleni_slanych_snacku_cesky_trh.pdf,1,"1. BRAMBŮRKY A CHIPSY (Klasické, kotlíkové a extrudované)",Potraviny,Slané pochutiny,Strážnické brambůrky,group_fallback,Snack Day Chips solené / paprikové,,"[{""quantity"":150.0,""unit"":""g"",""canonical_quantity"":0.15,""canonical_unit"":""kg"",""raw"":""150 g""},{""quantity"":200.0,""unit"":""g"",""canonical_quantity"":0.2,""canonical_unit"":""kg"",""raw"":""200 g""}]",,,Snack Day Chips solené / paprikové (Sáček: 150 g / 200 g),ready,0.95,
seed-src-0576,seed_bezna_maloobchodni_baleni_slanych_snacku_cesky_trh.pdf,1,"1. BRAMBŮRKY A CHIPSY (Klasické, kotlíkové a extrudované)",Potraviny,Slané pochutiny,Strážnické brambůrky,group_fallback,Snack Day Bramborové snacky v tubě,,"[{""quantity"":165.0,""unit"":""g"",""canonical_quantity"":0.165,""canonical_unit"":""kg"",""raw"":""165 g""}]",,,Snack Day Bramborové snacky v tubě (Tuba: 165 g),ready,0.95,
seed-src-0577,seed_bezna_maloobchodni_baleni_slanych_snacku_cesky_trh.pdf,1,"1. BRAMBŮRKY A CHIPSY (Klasické, kotlíkové a extrudované)",Potraviny,Slané pochutiny,Strážnické brambůrky,group_fallback,Crusti Croc Bramborové mřížky / Medvídci,,"[{""quantity"":75.0,""unit"":""g"",""canonical_quantity"":0.075,""canonical_unit"":""kg"",""raw"":""75 g""},{""quantity"":100.0,""unit"":""g"",""canonical_quantity"":0.1,""canonical_unit"":""kg"",""raw"":""100 g""}]",,,Crusti Croc Bramborové mřížky / Medvídci (Sáček: 75 g / 100 g),ready,0.95,
seed-src-0578,seed_bezna_maloobchodni_baleni_slanych_snacku_cesky_trh.pdf,1,"1. BRAMBŮRKY A CHIPSY (Klasické, kotlíkové a extrudované)",Potraviny,Slané pochutiny,K-Classic,group_match,K-Classic Potato Chips (Kaufland),,"[{""quantity"":200.0,""unit"":""g"",""canonical_quantity"":0.2,""canonical_unit"":""kg"",""raw"":""200 g""}]",,,K-Classic Potato Chips (Kaufland) (Sáček: 200 g),ready,0.95,
seed-src-0579,seed_bezna_maloobchodni_baleni_slanych_snacku_cesky_trh.pdf,1,"1. BRAMBŮRKY A CHIPSY (Klasické, kotlíkové a extrudované)",Potraviny,Slané pochutiny,Albert,group_match,Albert Chips vroubkované (Albert),,"[{""quantity"":150.0,""unit"":""g"",""canonical_quantity"":0.15,""canonical_unit"":""kg"",""raw"":""150 g""}]",,,Albert Chips vroubkované (Albert) (Sáček: 150 g),ready,0.95,
seed-src-0580,seed_bezna_maloobchodni_baleni_slanych_snacku_cesky_trh.pdf,1,"1. BRAMBŮRKY A CHIPSY (Klasické, kotlíkové a extrudované)",Potraviny,Slané pochutiny,Tesco,group_match,Tesco Potato Chips (Tesco),,"[{""quantity"":150.0,""unit"":""g"",""canonical_quantity"":0.15,""canonical_unit"":""kg"",""raw"":""150 g""},{""quantity"":200.0,""unit"":""g"",""canonical_quantity"":0.2,""canonical_unit"":""kg"",""raw"":""200 g""}]",,,Tesco Potato Chips (Tesco) (Sáček: 150 g / 200 g),ready,0.95,
seed-src-0581,seed_bezna_maloobchodni_baleni_slanych_snacku_cesky_trh.pdf,1,"1. BRAMBŮRKY A CHIPSY (Klasické, kotlíkové a extrudované)",Potraviny,Slané pochutiny,Penny,group_match,Penny Chips (Penny Market),,"[{""quantity"":150.0,""unit"":""g"",""canonical_quantity"":0.15,""canonical_unit"":""kg"",""raw"":""150 g""}]",,,Penny Chips (Penny Market) (Sáček: 150 g),ready,0.95,
seed-src-0582,seed_bezna_maloobchodni_baleni_slanych_snacku_cesky_trh.pdf,1,"2. SLANÉ TYČINKY, PRECLÍKY A KREKRY",Potraviny,Slané pochutiny,Bohemia,group_match,"Bohemia Tyčinky (Solené, Sýrové, Bramborové)",,"[{""quantity"":80.0,""unit"":""g"",""canonical_quantity"":0.08,""canonical_unit"":""kg"",""raw"":""80 g""},{""quantity"":160.0,""unit"":""g"",""canonical_quantity"":0.16,""canonical_unit"":""kg"",""raw"":""160 g""}]",,,"Bohemia Tyčinky (Solené, Sýrové, Bramborové) (Sáček: 80 g / 160 g)",ready,0.95,
seed-src-0583,seed_bezna_maloobchodni_baleni_slanych_snacku_cesky_trh.pdf,1,"2. SLANÉ TYČINKY, PRECLÍKY A KREKRY",Potraviny,Slané pochutiny,Bohemia,group_match,Bohemia Preclíky (Tradiční pečené slané preclíky),,"[{""quantity"":100.0,""unit"":""g"",""canonical_quantity"":0.1,""canonical_unit"":""kg"",""raw"":""100 g""}]",,,Bohemia Preclíky (Tradiční pečené slané preclíky) (Sáček: 100 g),ready,0.95,
seed-src-0584,seed_bezna_maloobchodni_baleni_slanych_snacku_cesky_trh.pdf,1,"2. SLANÉ TYČINKY, PRECLÍKY A KREKRY",Potraviny,Slané pochutiny,Bohemia,group_match,"Bohemia Krekry (Sýrové, Mix, Mini krekry)",,"[{""quantity"":100.0,""unit"":""g"",""canonical_quantity"":0.1,""canonical_unit"":""kg"",""raw"":""100 g""}]",,,"Bohemia Krekry (Sýrové, Mix, Mini krekry) (Sáček: 100 g)",ready,0.95,
seed-src-0585,seed_bezna_maloobchodni_baleni_slanych_snacku_cesky_trh.pdf,2,"2. SLANÉ TYČINKY, PRECLÍKY A KREKRY",Potraviny,Slané pochutiny,Soletti,group_match,Soletti Salzstangen (Tradiční tenké rakouské tyčinky se solí),,"[{""quantity"":80.0,""unit"":""g"",""canonical_quantity"":0.08,""canonical_unit"":""kg"",""raw"":""80 g""},{""quantity"":230.0,""unit"":""g"",""canonical_quantity"":0.23,""canonical_unit"":""kg"",""raw"":""230 g""},{""quantity"":250.0,""unit"":""g"",""canonical_quantity"":0.25,""canonical_unit"":""kg"",""raw"":""250 g""}]",,,Soletti Salzstangen (Tradiční tenké rakouské tyčinky se solí) (Sáček: 80 g / 230 g / 250 g),ready,0.95,
seed-src-0586,seed_bezna_maloobchodni_baleni_slanych_snacku_cesky_trh.pdf,2,"2. SLANÉ TYČINKY, PRECLÍKY A KREKRY",Potraviny,Slané pochutiny,Vest,group_match,Vest Preclíky / Vestky tyčinky (Český rodinný výrobce),,"[{""quantity"":90.0,""unit"":""g"",""canonical_quantity"":0.09,""canonical_unit"":""kg"",""raw"":""90 g""},{""quantity"":150.0,""unit"":""g"",""canonical_quantity"":0.15,""canonical_unit"":""kg"",""raw"":""150 g""}]",,,Vest Preclíky / Vestky tyčinky (Český rodinný výrobce) (Sáček: 90 g / 150 g),ready,0.95,
seed-src-0587,seed_bezna_maloobchodni_baleni_slanych_snacku_cesky_trh.pdf,2,"2. SLANÉ TYČINKY, PRECLÍKY A KREKRY",Potraviny,Slané pochutiny,Soletti,group_fallback,"Dupetky (Pečené preclíkové chipsy: Solené, Se sezamem, Rajče a bylinky)",,"[{""quantity"":70.0,""unit"":""g"",""canonical_quantity"":0.07,""canonical_unit"":""kg"",""raw"":""70 g""},{""quantity"":80.0,""unit"":""g"",""canonical_quantity"":0.08,""canonical_unit"":""kg"",""raw"":""80 g""}]",,,"Dupetky (Pečené preclíkové chipsy: Solené, Se sezamem, Rajče a bylinky) (Sáček: 70 g / 80 g)",ready,0.95,
seed-src-0588,seed_bezna_maloobchodni_baleni_slanych_snacku_cesky_trh.pdf,2,"2. SLANÉ TYČINKY, PRECLÍKY A KREKRY",Potraviny,Slané pochutiny,TUC,group_match,"TUC krekry (Křehké sušenky: Originál slané, Sýr, Slanina, Smetana a cibule)",,"[{""quantity"":100.0,""unit"":""g"",""canonical_quantity"":0.1,""canonical_unit"":""kg"",""raw"":""100 g""}]",,,"TUC krekry (Křehké sušenky: Originál slané, Sýr, Slanina, Smetana a cibule) (Balíček: 100 g)",ready,0.95,
seed-src-0589,seed_bezna_maloobchodni_baleni_slanych_snacku_cesky_trh.pdf,2,"2. SLANÉ TYČINKY, PRECLÍKY A KREKRY",Potraviny,Slané pochutiny,Maretti,group_match,"Maretti Bruschette (Pečené chlebové chipsy: Garlic, Tomato & Oregano, Vegetables)",,"[{""quantity"":70.0,""unit"":""g"",""canonical_quantity"":0.07,""canonical_unit"":""kg"",""raw"":""70 g""}]",,,"Maretti Bruschette (Pečené chlebové chipsy: Garlic, Tomato & Oregano, Vegetables) (Sáček: 70 g)",ready,0.95,
seed-src-0590,seed_bezna_maloobchodni_baleni_slanych_snacku_cesky_trh.pdf,2,"2. SLANÉ TYČINKY, PRECLÍKY A KREKRY",Potraviny,Slané pochutiny,Snack Day,group_match,Snack Day Slané tyčinky rodinné balení (Lidl),,"[{""quantity"":250.0,""unit"":""g"",""canonical_quantity"":0.25,""canonical_unit"":""kg"",""raw"":""250 g""},{""quantity"":300.0,""unit"":""g"",""canonical_quantity"":0.3,""canonical_unit"":""kg"",""raw"":""300 g""}]",,,Snack Day Slané tyčinky rodinné balení (Lidl) (Sáček: 250 g / 300 g),ready,0.95,
seed-src-0591,seed_bezna_maloobchodni_baleni_slanych_snacku_cesky_trh.pdf,2,"2. SLANÉ TYČINKY, PRECLÍKY A KREKRY",Potraviny,Slané pochutiny,K-Classic,group_match,K-Classic Sýrové krekry (Kaufland),,"[{""quantity"":150.0,""unit"":""g"",""canonical_quantity"":0.15,""canonical_unit"":""kg"",""raw"":""150 g""}]",,,K-Classic Sýrové krekry (Kaufland) (Sáček: 150 g),ready,0.95,
seed-src-0592,seed_bezna_maloobchodni_baleni_slanych_snacku_cesky_trh.pdf,2,"2. SLANÉ TYČINKY, PRECLÍKY A KREKRY",Potraviny,Slané pochutiny,Albert,group_match,Albert Solené preclíky (Albert),,"[{""quantity"":150.0,""unit"":""g"",""canonical_quantity"":0.15,""canonical_unit"":""kg"",""raw"":""150 g""}]",,,Albert Solené preclíky (Albert) (Sáček: 150 g),ready,0.95,
seed-src-0593,seed_bezna_maloobchodni_baleni_slanych_snacku_cesky_trh.pdf,2,"3. OŘÍŠKY, SEMÍNKA A POPCORN",Potraviny,"Ořechy, semínka a sušené ovoce",Bohemia,group_match,"Bohemia Arašídy (Pražené, solené)",,"[{""quantity"":100.0,""unit"":""g"",""canonical_quantity"":0.1,""canonical_unit"":""kg"",""raw"":""100 g""},{""quantity"":200.0,""unit"":""g"",""canonical_quantity"":0.2,""canonical_unit"":""kg"",""raw"":""200 g""},{""quantity"":150.0,""unit"":""g"",""canonical_quantity"":0.15,""canonical_unit"":""kg"",""raw"":""150 g""}]",,,"Bohemia Arašídy (Pražené, solené) (Sáček: 100 g / 200 g / Plechovka: 150 g)",ready,0.95,
seed-src-0594,seed_bezna_maloobchodni_baleni_slanych_snacku_cesky_trh.pdf,2,"3. OŘÍŠKY, SEMÍNKA A POPCORN",Potraviny,"Ořechy, semínka a sušené ovoce",Bohemia,group_match,"Bohemia Kešu ořechy / Mandle (Pražené, solené)",,"[{""quantity"":80.0,""unit"":""g"",""canonical_quantity"":0.08,""canonical_unit"":""kg"",""raw"":""80 g""}]",,,"Bohemia Kešu ořechy / Mandle (Pražené, solené) (Sáček: 80 g)",ready,0.95,
seed-src-0595,seed_bezna_maloobchodni_baleni_slanych_snacku_cesky_trh.pdf,2,"3. OŘÍŠKY, SEMÍNKA A POPCORN",Potraviny,"Ořechy, semínka a sušené ovoce",Bohemia,group_match,"Bohemia Pistácie (Pražené, solené ve skořápce)",,"[{""quantity"":80.0,""unit"":""g"",""canonical_quantity"":0.08,""canonical_unit"":""kg"",""raw"":""80 g""}]",,,"Bohemia Pistácie (Pražené, solené ve skořápce) (Sáček: 80 g)",ready,0.95,
seed-src-0596,seed_bezna_maloobchodni_baleni_slanych_snacku_cesky_trh.pdf,2,"3. OŘÍŠKY, SEMÍNKA A POPCORN",Potraviny,"Ořechy, semínka a sušené ovoce",KK Arašídy,group_match,KK Arašídy (Ikonické modré balení pražených solených arašídů),,"[{""quantity"":100.0,""unit"":""g"",""canonical_quantity"":0.1,""canonical_unit"":""kg"",""raw"":""100 g""},{""quantity"":227.0,""unit"":""g"",""canonical_quantity"":0.227,""canonical_unit"":""kg"",""raw"":""227 g""},{""quantity"":150.0,""unit"":""g"",""canonical_quantity"":0.15,""canonical_unit"":""kg"",""raw"":""150 g""}]",,,KK Arašídy (Ikonické modré balení pražených solených arašídů) (Sáček: 100 g / 227 g / Plechovka: 150 g),ready,0.95,
seed-src-0597,seed_bezna_maloobchodni_baleni_slanych_snacku_cesky_trh.pdf,2,"3. OŘÍŠKY, SEMÍNKA A POPCORN",Potraviny,"Ořechy, semínka a sušené ovoce",Ensa,group_match,Ensa Mix ořechů a sušeného ovoce (Studentská směs),,"[{""quantity"":150.0,""unit"":""g"",""canonical_quantity"":0.15,""canonical_unit"":""kg"",""raw"":""150 g""},{""quantity"":200.0,""unit"":""g"",""canonical_quantity"":0.2,""canonical_unit"":""kg"",""raw"":""200 g""}]",,,Ensa Mix ořechů a sušeného ovoce (Studentská směs) (Sáček: 150 g / 200 g),ready,0.95,
seed-src-0598,seed_bezna_maloobchodni_baleni_slanych_snacku_cesky_trh.pdf,2,"3. OŘÍŠKY, SEMÍNKA A POPCORN",Potraviny,"Ořechy, semínka a sušené ovoce",Alesto,group_match,"Alesto Arašídy v těstíčku (BBQ, Paprika, Chilli)",,"[{""quantity"":200.0,""unit"":""g"",""canonical_quantity"":0.2,""canonical_unit"":""kg"",""raw"":""200 g""}]",,,"Alesto Arašídy v těstíčku (BBQ, Paprika, Chilli) (Sáček: 200 g)",ready,0.95,
seed-src-0599,seed_bezna_maloobchodni_baleni_slanych_snacku_cesky_trh.pdf,2,"3. OŘÍŠKY, SEMÍNKA A POPCORN",Potraviny,"Ořechy, semínka a sušené ovoce",Alesto,group_match,Alesto Mandle pražené solené / Kešu přírodní,,"[{""quantity"":150.0,""unit"":""g"",""canonical_quantity"":0.15,""canonical_unit"":""kg"",""raw"":""150 g""},{""quantity"":200.0,""unit"":""g"",""canonical_quantity"":0.2,""canonical_unit"":""kg"",""raw"":""200 g""}]",,,Alesto Mandle pražené solené / Kešu přírodní (Sáček: 150 g / 200 g),ready,0.95,
seed-src-0600,seed_bezna_maloobchodni_baleni_slanych_snacku_cesky_trh.pdf,2,"3. OŘÍŠKY, SEMÍNKA A POPCORN",Potraviny,"Ořechy, semínka a sušené ovoce",Alesto,group_match,Alesto Pistácie kalifornské,,"[{""quantity"":250.0,""unit"":""g"",""canonical_quantity"":0.25,""canonical_unit"":""kg"",""raw"":""250 g""}]",,,Alesto Pistácie kalifornské (Sáček: 250 g),ready,0.95,
seed-src-0601,seed_bezna_maloobchodni_baleni_slanych_snacku_cesky_trh.pdf,2,"3. OŘÍŠKY, SEMÍNKA A POPCORN",Potraviny,"Ořechy, semínka a sušené ovoce",Alesto,group_match,Alesto Studentská směs (Nut & Raisin Mix) (Sáček: 200 g) K-Classic / Albert / Tesco / Mogyi,,"[{""quantity"":200.0,""unit"":""g"",""canonical_quantity"":0.2,""canonical_unit"":""kg"",""raw"":""200 g""}]",,,Alesto Studentská směs (Nut & Raisin Mix) (Sáček: 200 g) K-Classic / Albert / Tesco / Mogyi,ready,0.95,
seed-src-0602,seed_bezna_maloobchodni_baleni_slanych_snacku_cesky_trh.pdf,2,"3. OŘÍŠKY, SEMÍNKA A POPCORN",Potraviny,"Ořechy, semínka a sušené ovoce",Alesto,group_fallback,"Mogyi Popcorn do mikrovlnky (Slaný, Máslový, Sýrový, Chilli)",,"[{""quantity"":100.0,""unit"":""g"",""canonical_quantity"":0.1,""canonical_unit"":""kg"",""raw"":""100 g""}]",,,"Mogyi Popcorn do mikrovlnky (Slaný, Máslový, Sýrový, Chilli) (Sáček: 100 g)",ready,0.95,
seed-src-0603,seed_bezna_maloobchodni_baleni_slanych_snacku_cesky_trh.pdf,2,"3. OŘÍŠKY, SEMÍNKA A POPCORN",Potraviny,"Ořechy, semínka a sušené ovoce",Alesto,group_fallback,K-Classic Slunečnicová semínka loupaná (Kaufland),,"[{""quantity"":200.0,""unit"":""g"",""canonical_quantity"":0.2,""canonical_unit"":""kg"",""raw"":""200 g""},{""quantity"":500.0,""unit"":""g"",""canonical_quantity"":0.5,""canonical_unit"":""kg"",""raw"":""500 g""}]",,,K-Classic Slunečnicová semínka loupaná (Kaufland) (Sáček: 200 g / 500 g),ready,0.95,
seed-src-0604,seed_bezna_maloobchodni_baleni_slanych_snacku_cesky_trh.pdf,2,"3. OŘÍŠKY, SEMÍNKA A POPCORN",Potraviny,"Ořechy, semínka a sušené ovoce",Alesto,group_fallback,Albert Kešu ořechy solené (Albert),,"[{""quantity"":150.0,""unit"":""g"",""canonical_quantity"":0.15,""canonical_unit"":""kg"",""raw"":""150 g""}]",,,Albert Kešu ořechy solené (Albert) (Sáček: 150 g),ready,0.95,
seed-src-0605,seed_bezna_maloobchodni_baleni_slanych_snacku_cesky_trh.pdf,2,"3. OŘÍŠKY, SEMÍNKA A POPCORN",Potraviny,"Ořechy, semínka a sušené ovoce",Alesto,group_fallback,Tesco Peanuts (Pražené solené arašídy),,"[{""quantity"":200.0,""unit"":""g"",""canonical_quantity"":0.2,""canonical_unit"":""kg"",""raw"":""200 g""},{""quantity"":500.0,""unit"":""g"",""canonical_quantity"":0.5,""canonical_unit"":""kg"",""raw"":""500 g""}]",,,Tesco Peanuts (Pražené solené arašídy) (Sáček: 200 g / 500 g),ready,0.95,
seed-src-0606,seed_bezna_maloobchodni_baleni_trvanliveho_mleka_smetan_a_zahusteneho_mleka_cesky_trh.pdf,1,1. TRVANLIVÁ MLÉKA (UHT krabice),Potraviny,Mléčné výrobky,Madeta,group_fallback,"Jihočeské mléko trvanlivé Plnotučné 3,5 %",,"[{""quantity"":1.0,""unit"":""l"",""canonical_quantity"":1.0,""canonical_unit"":""l"",""raw"":""1 l""}]",,,"Jihočeské mléko trvanlivé Plnotučné 3,5 % (Tetrapak krabice s uzávěrem: 1 l)",ready,0.95,
seed-src-0607,seed_bezna_maloobchodni_baleni_trvanliveho_mleka_smetan_a_zahusteneho_mleka_cesky_trh.pdf,1,1. TRVANLIVÁ MLÉKA (UHT krabice),Potraviny,Mléčné výrobky,Madeta,group_fallback,"Jihočeské mléko trvanlivé Polotučné 1,5 %",,"[{""quantity"":1.0,""unit"":""l"",""canonical_quantity"":1.0,""canonical_unit"":""l"",""raw"":""1 l""}]",,,"Jihočeské mléko trvanlivé Polotučné 1,5 % (Tetrapak krabice s uzávěrem: 1 l)",ready,0.95,
seed-src-0608,seed_bezna_maloobchodni_baleni_trvanliveho_mleka_smetan_a_zahusteneho_mleka_cesky_trh.pdf,1,1. TRVANLIVÁ MLÉKA (UHT krabice),Potraviny,Mléčné výrobky,Madeta,group_fallback,"Jihočeské mléko trvanlivé Odtučněné 0,5 %",,"[{""quantity"":1.0,""unit"":""l"",""canonical_quantity"":1.0,""canonical_unit"":""l"",""raw"":""1 l""}]",,,"Jihočeské mléko trvanlivé Odtučněné 0,5 % (Tetrapak krabice s uzávěrem: 1 l)",ready,0.95,
seed-src-0609,seed_bezna_maloobchodni_baleni_trvanliveho_mleka_smetan_a_zahusteneho_mleka_cesky_trh.pdf,1,1. TRVANLIVÁ MLÉKA (UHT krabice),Potraviny,Mléčné výrobky,Madeta,group_fallback,"Jihočeské mléko bezlaktózové (Polotučné 1,5 %)",,"[{""quantity"":1.0,""unit"":""l"",""canonical_quantity"":1.0,""canonical_unit"":""l"",""raw"":""1 l""}]",,,"Jihočeské mléko bezlaktózové (Polotučné 1,5 %) (Tetrapak krabice: 1 l)",ready,0.95,
seed-src-0610,seed_bezna_maloobchodni_baleni_trvanliveho_mleka_smetan_a_zahusteneho_mleka_cesky_trh.pdf,1,1. TRVANLIVÁ MLÉKA (UHT krabice),Potraviny,Mléčné výrobky,Tatra,group_match,"Tatra trvanlivé mléko Kravík (Ochucené mléko pro děti: Vanilka, Čokoláda, Jahoda, Banán)",,"[{""quantity"":250.0,""unit"":""ml"",""canonical_quantity"":0.25,""canonical_unit"":""l"",""raw"":""250 ml""}]",,,"Tatra trvanlivé mléko Kravík (Ochucené mléko pro děti: Vanilka, Čokoláda, Jahoda, Banán) (Krabička s brčkem: 250 ml)",ready,0.95,
seed-src-0611,seed_bezna_maloobchodni_baleni_trvanliveho_mleka_smetan_a_zahusteneho_mleka_cesky_trh.pdf,1,1. TRVANLIVÁ MLÉKA (UHT krabice),Potraviny,Mléčné výrobky,Tatra,group_match,"Tatra trvanlivé mléko Plnotučné 3,5 % / Polotučné 1,5 %",,"[{""quantity"":1.0,""unit"":""l"",""canonical_quantity"":1.0,""canonical_unit"":""l"",""raw"":""1 l""}]",,,"Tatra trvanlivé mléko Plnotučné 3,5 % / Polotučné 1,5 % (Tetrapak krabice: 1 l)",ready,0.95,
seed-src-0612,seed_bezna_maloobchodni_baleni_trvanliveho_mleka_smetan_a_zahusteneho_mleka_cesky_trh.pdf,1,1. TRVANLIVÁ MLÉKA (UHT krabice),Potraviny,Mléčné výrobky,Olma,group_match,"Olma BIO mléko trvanlivé (Polotučné 1,5 % ze stanic ekologického zemědělství)",,"[{""quantity"":1.0,""unit"":""l"",""canonical_quantity"":1.0,""canonical_unit"":""l"",""raw"":""1 l""}]",,,"Olma BIO mléko trvanlivé (Polotučné 1,5 % ze stanic ekologického zemědělství) (Tetrapak krabice: 1 l)",ready,0.95,
seed-src-0613,seed_bezna_maloobchodni_baleni_trvanliveho_mleka_smetan_a_zahusteneho_mleka_cesky_trh.pdf,1,1. TRVANLIVÁ MLÉKA (UHT krabice),Potraviny,Mléčné výrobky,Olma,group_match,Olma trvanlivé mléko Plnotučné / Polotučné,,"[{""quantity"":1.0,""unit"":""l"",""canonical_quantity"":1.0,""canonical_unit"":""l"",""raw"":""1 l""}]",,,Olma trvanlivé mléko Plnotučné / Polotučné (Tetrapak krabice: 1 l),ready,0.95,
seed-src-0614,seed_bezna_maloobchodni_baleni_trvanliveho_mleka_smetan_a_zahusteneho_mleka_cesky_trh.pdf,1,1. TRVANLIVÁ MLÉKA (UHT krabice),Potraviny,Mléčné výrobky,Pilos,group_match,"Pilos trvanlivé mléko Plnotučné 3,5 %",,"[{""quantity"":1.0,""unit"":""l"",""canonical_quantity"":1.0,""canonical_unit"":""l"",""raw"":""1 l""}]",,,"Pilos trvanlivé mléko Plnotučné 3,5 % (Krabice: 1 l)",ready,0.95,
seed-src-0615,seed_bezna_maloobchodni_baleni_trvanliveho_mleka_smetan_a_zahusteneho_mleka_cesky_trh.pdf,1,1. TRVANLIVÁ MLÉKA (UHT krabice),Potraviny,Mléčné výrobky,Pilos,group_match,"Pilos trvanlivé mléko Polotučné 1,5 %",,"[{""quantity"":1.0,""unit"":""l"",""canonical_quantity"":1.0,""canonical_unit"":""l"",""raw"":""1 l""}]",,,"Pilos trvanlivé mléko Polotučné 1,5 % (Krabice: 1 l)",ready,0.95,
seed-src-0616,seed_bezna_maloobchodni_baleni_trvanliveho_mleka_smetan_a_zahusteneho_mleka_cesky_trh.pdf,1,1. TRVANLIVÁ MLÉKA (UHT krabice),Potraviny,Mléčné výrobky,Pilos,group_match,Pilos Bezlaktózové mléko trvanlivé,,"[{""quantity"":1.0,""unit"":""l"",""canonical_quantity"":1.0,""canonical_unit"":""l"",""raw"":""1 l""}]",,,Pilos Bezlaktózové mléko trvanlivé (Krabice: 1 l),ready,0.95,
seed-src-0617,seed_bezna_maloobchodni_baleni_trvanliveho_mleka_smetan_a_zahusteneho_mleka_cesky_trh.pdf,1,1. TRVANLIVÁ MLÉKA (UHT krabice),Potraviny,Mléčné výrobky,K-Classic,group_match,"K-Classic Trvanlivé mléko (Kaufland - Plnotučné 3,5 % / Polotučné 1,5 %)",,"[{""quantity"":1.0,""unit"":""l"",""canonical_quantity"":1.0,""canonical_unit"":""l"",""raw"":""1 l""}]",,,"K-Classic Trvanlivé mléko (Kaufland - Plnotučné 3,5 % / Polotučné 1,5 %) (Krabice: 1 l)",ready,0.95,
seed-src-0618,seed_bezna_maloobchodni_baleni_trvanliveho_mleka_smetan_a_zahusteneho_mleka_cesky_trh.pdf,1,1. TRVANLIVÁ MLÉKA (UHT krabice),Potraviny,Mléčné výrobky,Albert,group_match,Albert Trvanlivé mléko (Albert - Polotučné / Plnotučné),,"[{""quantity"":1.0,""unit"":""l"",""canonical_quantity"":1.0,""canonical_unit"":""l"",""raw"":""1 l""}]",,,Albert Trvanlivé mléko (Albert - Polotučné / Plnotučné) (Krabice: 1 l),ready,0.95,
seed-src-0619,seed_bezna_maloobchodni_baleni_trvanliveho_mleka_smetan_a_zahusteneho_mleka_cesky_trh.pdf,1,1. TRVANLIVÁ MLÉKA (UHT krabice),Potraviny,Mléčné výrobky,Tesco,group_match,Tesco Long Life Milk (Tesco - Modrobílé obaly),,"[{""quantity"":1.0,""unit"":""l"",""canonical_quantity"":1.0,""canonical_unit"":""l"",""raw"":""1 l""}]",,,Tesco Long Life Milk (Tesco - Modrobílé obaly) (Krabice: 1 l),ready,0.95,
seed-src-0620,seed_bezna_maloobchodni_baleni_trvanliveho_mleka_smetan_a_zahusteneho_mleka_cesky_trh.pdf,1,1. TRVANLIVÁ MLÉKA (UHT krabice),Potraviny,Mléčné výrobky,Penny,group_match,Penny Trvanlivé mléko (Penny Market),,"[{""quantity"":1.0,""unit"":""l"",""canonical_quantity"":1.0,""canonical_unit"":""l"",""raw"":""1 l""}]",,,Penny Trvanlivé mléko (Penny Market) (Krabice: 1 l),ready,0.95,
seed-src-0621,seed_bezna_maloobchodni_baleni_trvanliveho_mleka_smetan_a_zahusteneho_mleka_cesky_trh.pdf,1,"2. TRVANLIVÉ SMETANY (Na vaření, ke šlehání a do kávy)",Potraviny,Mléčné výrobky,Tatra,group_match,Tatra Smetana na vaření 10 % / 12 %,,"[{""quantity"":200.0,""unit"":""g"",""canonical_quantity"":0.2,""canonical_unit"":""kg"",""raw"":""200 g""},{""quantity"":250.0,""unit"":""g"",""canonical_quantity"":0.25,""canonical_unit"":""kg"",""raw"":""250 g""},{""quantity"":500.0,""unit"":""g"",""canonical_quantity"":0.5,""canonical_unit"":""kg"",""raw"":""500 g""}]",,,Tatra Smetana na vaření 10 % / 12 % (Krabička: 200 g / 250 g / 500 g),ready,0.95,
seed-src-0622,seed_bezna_maloobchodni_baleni_trvanliveho_mleka_smetan_a_zahusteneho_mleka_cesky_trh.pdf,1,"2. TRVANLIVÉ SMETANY (Na vaření, ke šlehání a do kávy)",Potraviny,Mléčné výrobky,Tatra,group_match,Tatra Smetana ke šlehání 30 % / 31 %,,"[{""quantity"":200.0,""unit"":""g"",""canonical_quantity"":0.2,""canonical_unit"":""kg"",""raw"":""200 g""},{""quantity"":250.0,""unit"":""g"",""canonical_quantity"":0.25,""canonical_unit"":""kg"",""raw"":""250 g""},{""quantity"":500.0,""unit"":""g"",""canonical_quantity"":0.5,""canonical_unit"":""kg"",""raw"":""500 g""}]",,,Tatra Smetana ke šlehání 30 % / 31 % (Krabička: 200 g / 250 g / 500 g),ready,0.95,
seed-src-0623,seed_bezna_maloobchodni_baleni_trvanliveho_mleka_smetan_a_zahusteneho_mleka_cesky_trh.pdf,1,"2. TRVANLIVÉ SMETANY (Na vaření, ke šlehání a do kávy)",Potraviny,Mléčné výrobky,Tatra,group_match,Tatra Grand 9 % (Neslazené zahuštěné mléko do kávy),,"[{""quantity"":250.0,""unit"":""g"",""canonical_quantity"":0.25,""canonical_unit"":""kg"",""raw"":""250 g""},{""quantity"":410.0,""unit"":""g"",""canonical_quantity"":0.41,""canonical_unit"":""kg"",""raw"":""410 g""},{""quantity"":200.0,""unit"":""g"",""canonical_quantity"":0.2,""canonical_unit"":""kg"",""raw"":""200 g""}]",,,Tatra Grand 9 % (Neslazené zahuštěné mléko do kávy) (Plechovka: 250 g / 410 g / Plastová lahvička: 200 g),ready,0.95,
seed-src-0624,seed_bezna_maloobchodni_baleni_trvanliveho_mleka_smetan_a_zahusteneho_mleka_cesky_trh.pdf,1,"2. TRVANLIVÉ SMETANY (Na vaření, ke šlehání a do kávy)",Potraviny,Mléčné výrobky,Tatra,group_match,Tatra Smetana do kávy 10 % (Malé jednoporcové plastové kalíšky) (Multi-pack: 10x 10 g) Madeta,,"[{""quantity"":10.0,""unit"":""g"",""canonical_quantity"":0.01,""canonical_unit"":""kg"",""raw"":""10 g""}]",10,multipack,Tatra Smetana do kávy 10 % (Malé jednoporcové plastové kalíšky) (Multi-pack: 10x 10 g) Madeta,ready,0.95,
seed-src-0625,seed_bezna_maloobchodni_baleni_trvanliveho_mleka_smetan_a_zahusteneho_mleka_cesky_trh.pdf,1,"2. TRVANLIVÉ SMETANY (Na vaření, ke šlehání a do kávy)",Potraviny,Mléčné výrobky,Tatra,group_fallback,Jihočeská trvanlivá smetana na vaření 12 %,,"[{""quantity"":250.0,""unit"":""ml"",""canonical_quantity"":0.25,""canonical_unit"":""l"",""raw"":""250 ml""}]",,,Jihočeská trvanlivá smetana na vaření 12 % (Krabička: 250 ml),ready,0.95,
seed-src-0626,seed_bezna_maloobchodni_baleni_trvanliveho_mleka_smetan_a_zahusteneho_mleka_cesky_trh.pdf,1,"2. TRVANLIVÉ SMETANY (Na vaření, ke šlehání a do kávy)",Potraviny,Mléčné výrobky,Tatra,group_fallback,Jihočeská trvanlivá smetana ke šlehání 30 % (Krabička: 250 ml) Pilos,,"[{""quantity"":250.0,""unit"":""ml"",""canonical_quantity"":0.25,""canonical_unit"":""l"",""raw"":""250 ml""}]",,,Jihočeská trvanlivá smetana ke šlehání 30 % (Krabička: 250 ml) Pilos (Lidl),ready,0.95,
seed-src-0627,seed_bezna_maloobchodni_baleni_trvanliveho_mleka_smetan_a_zahusteneho_mleka_cesky_trh.pdf,1,"2. TRVANLIVÉ SMETANY (Na vaření, ke šlehání a do kávy)",Potraviny,Mléčné výrobky,Tatra,group_fallback,Smetana na vaření 10 % / 12 %,,"[{""quantity"":200.0,""unit"":""g"",""canonical_quantity"":0.2,""canonical_unit"":""kg"",""raw"":""200 g""}]",,,Smetana na vaření 10 % / 12 % (Krabička: 200 g),ready,0.95,
seed-src-0628,seed_bezna_maloobchodni_baleni_trvanliveho_mleka_smetan_a_zahusteneho_mleka_cesky_trh.pdf,1,"2. TRVANLIVÉ SMETANY (Na vaření, ke šlehání a do kávy)",Potraviny,Mléčné výrobky,Tatra,group_fallback,Smetana ke šlehání UHT 30 %,,"[{""quantity"":200.0,""unit"":""g"",""canonical_quantity"":0.2,""canonical_unit"":""kg"",""raw"":""200 g""}]",,,Smetana ke šlehání UHT 30 % (Krabička: 200 g),ready,0.95,
seed-src-0629,seed_bezna_maloobchodni_baleni_trvanliveho_mleka_smetan_a_zahusteneho_mleka_cesky_trh.pdf,1,"2. TRVANLIVÉ SMETANY (Na vaření, ke šlehání a do kávy)",Potraviny,Mléčné výrobky,Tatra,group_fallback,Smetana do kávy v kalíšcích,,"[{""quantity"":10.0,""unit"":""g"",""canonical_quantity"":0.01,""canonical_unit"":""kg"",""raw"":""10 g""}]",10,multipack,Smetana do kávy v kalíšcích (Multi-pack: 10x 10 g),ready,0.95,
seed-src-0630,seed_bezna_maloobchodni_baleni_trvanliveho_mleka_smetan_a_zahusteneho_mleka_cesky_trh.pdf,2,"2. TRVANLIVÉ SMETANY (Na vaření, ke šlehání a do kávy)",Potraviny,Mléčné výrobky,K-Classic,group_match,K-Classic Smetana ke šlehání 30 % / Na vaření 15 % (Kaufland),,"[{""quantity"":200.0,""unit"":""g"",""canonical_quantity"":0.2,""canonical_unit"":""kg"",""raw"":""200 g""}]",,,K-Classic Smetana ke šlehání 30 % / Na vaření 15 % (Kaufland) (Krabička: 200 g),ready,0.95,
seed-src-0631,seed_bezna_maloobchodni_baleni_trvanliveho_mleka_smetan_a_zahusteneho_mleka_cesky_trh.pdf,2,"2. TRVANLIVÉ SMETANY (Na vaření, ke šlehání a do kávy)",Potraviny,Mléčné výrobky,Albert,group_match,Albert Smetana na vaření 12 % (Albert),,"[{""quantity"":200.0,""unit"":""g"",""canonical_quantity"":0.2,""canonical_unit"":""kg"",""raw"":""200 g""}]",,,Albert Smetana na vaření 12 % (Albert) (Krabička: 200 g),ready,0.95,
seed-src-0632,seed_bezna_maloobchodni_baleni_trvanliveho_mleka_smetan_a_zahusteneho_mleka_cesky_trh.pdf,2,"2. TRVANLIVÉ SMETANY (Na vaření, ke šlehání a do kávy)",Potraviny,Mléčné výrobky,Tesco,group_match,Tesco Cooking Cream 12 % / Whipping Cream 30 % (Tesco),,"[{""quantity"":200.0,""unit"":""ml"",""canonical_quantity"":0.2,""canonical_unit"":""l"",""raw"":""200 ml""}]",,,Tesco Cooking Cream 12 % / Whipping Cream 30 % (Tesco) (Krabička: 200 ml),ready,0.95,
seed-src-0633,seed_bezna_maloobchodni_baleni_trvanliveho_mleka_smetan_a_zahusteneho_mleka_cesky_trh.pdf,2,3. ZAHUŠTĚNÁ A SLAZENÁ MLÉKA (Tuba a plechovka),Potraviny,Mléčné výrobky,Tatra,group_fallback,Salko (Tradiční slazené zahuštěné mléko na pečení a do dezertů),,"[{""quantity"":397.0,""unit"":""g"",""canonical_quantity"":0.397,""canonical_unit"":""kg"",""raw"":""397 g""},{""quantity"":75.0,""unit"":""g"",""canonical_quantity"":0.075,""canonical_unit"":""kg"",""raw"":""75 g""}]",,,Salko (Tradiční slazené zahuštěné mléko na pečení a do dezertů) (Plechovka: 397 g / Tuba: 75 g),ready,0.95,
seed-src-0634,seed_bezna_maloobchodni_baleni_trvanliveho_mleka_smetan_a_zahusteneho_mleka_cesky_trh.pdf,2,3. ZAHUŠTĚNÁ A SLAZENÁ MLÉKA (Tuba a plechovka),Potraviny,Mléčné výrobky,Tatra,group_fallback,Salko Karamel (Předem zkaramelizované sladké mléko – ihned k použití do krémů),,"[{""quantity"":397.0,""unit"":""g"",""canonical_quantity"":0.397,""canonical_unit"":""kg"",""raw"":""397 g""}]",,,Salko Karamel (Předem zkaramelizované sladké mléko – ihned k použití do krémů) (Plechovka: 397 g),ready,0.95,
seed-src-0635,seed_bezna_maloobchodni_baleni_trvanliveho_mleka_smetan_a_zahusteneho_mleka_cesky_trh.pdf,2,3. ZAHUŠTĚNÁ A SLAZENÁ MLÉKA (Tuba a plechovka),Potraviny,Mléčné výrobky,Tatra,group_fallback,Pikao (Slazené zahuštěné mléko s kakaem – oblíbená pochoutka),,"[{""quantity"":397.0,""unit"":""g"",""canonical_quantity"":0.397,""canonical_unit"":""kg"",""raw"":""397 g""},{""quantity"":75.0,""unit"":""g"",""canonical_quantity"":0.075,""canonical_unit"":""kg"",""raw"":""75 g""}]",,,Pikao (Slazené zahuštěné mléko s kakaem – oblíbená pochoutka) (Plechovka: 397 g / Tuba: 75 g),ready,0.95,
seed-src-0636,seed_bezna_maloobchodni_baleni_trvanliveho_mleka_smetan_a_zahusteneho_mleka_cesky_trh.pdf,2,3. ZAHUŠTĚNÁ A SLAZENÁ MLÉKA (Tuba a plechovka),Potraviny,Mléčné výrobky,Tatra,group_fallback,Jesenka (Slazená zahuštěná smetana – extra krémová chuť),,"[{""quantity"":75.0,""unit"":""g"",""canonical_quantity"":0.075,""canonical_unit"":""kg"",""raw"":""75 g""}]",,,Jesenka (Slazená zahuštěná smetana – extra krémová chuť) (Tuba: 75 g),ready,0.95,
seed-src-0637,seed_bezna_maloobchodni_baleni_trvanliveho_mleka_smetan_a_zahusteneho_mleka_cesky_trh.pdf,2,3. ZAHUŠTĚNÁ A SLAZENÁ MLÉKA (Tuba a plechovka),Potraviny,Mléčné výrobky,Tatra,group_fallback,Piknik (Slazené zahuštěné mléko s výtažkem z vanilky),,"[{""quantity"":75.0,""unit"":""g"",""canonical_quantity"":0.075,""canonical_unit"":""kg"",""raw"":""75 g""}]",,,Piknik (Slazené zahuštěné mléko s výtažkem z vanilky) (Tuba: 75 g),ready,0.95,
seed-src-0638,seed_bezna_maloobchodni_baleni_trvanliveho_mleka_smetan_a_zahusteneho_mleka_cesky_trh.pdf,2,3. ZAHUŠTĚNÁ A SLAZENÁ MLÉKA (Tuba a plechovka),Potraviny,Mléčné výrobky,Pilos,group_match,Pilos Slazené zahuštěné mléko (Lidl - alternativa k Salku),,"[{""quantity"":397.0,""unit"":""g"",""canonical_quantity"":0.397,""canonical_unit"":""kg"",""raw"":""397 g""}]",,,Pilos Slazené zahuštěné mléko (Lidl - alternativa k Salku) (Plechovka: 397 g),ready,0.95,
seed-src-0639,seed_bezna_maloobchodni_baleni_trvanliveho_mleka_smetan_a_zahusteneho_mleka_cesky_trh.pdf,2,3. ZAHUŠTĚNÁ A SLAZENÁ MLÉKA (Tuba a plechovka),Potraviny,Mléčné výrobky,K-Classic,group_match,K-Classic Kondenzované mléko slazené / karamelizované (Kaufland),,"[{""quantity"":397.0,""unit"":""g"",""canonical_quantity"":0.397,""canonical_unit"":""kg"",""raw"":""397 g""}]",,,K-Classic Kondenzované mléko slazené / karamelizované (Kaufland) (Plechovka: 397 g),ready,0.95,
seed-src-0640,seed_bezna_maloobchodni_baleni_trvanliveho_mleka_smetan_a_zahusteneho_mleka_cesky_trh.pdf,2,3. ZAHUŠTĚNÁ A SLAZENÁ MLÉKA (Tuba a plechovka),Potraviny,Mléčné výrobky,Albert,group_match,Albert Zahuštěné mléko slazené (Albert),,"[{""quantity"":397.0,""unit"":""g"",""canonical_quantity"":0.397,""canonical_unit"":""kg"",""raw"":""397 g""}]",,,Albert Zahuštěné mléko slazené (Albert) (Plechovka: 397 g),ready,0.95,